slug,hellowork_code,name,name_raw,category,major_category,scope,is_bucket,is_duplicate,type,type_confidence,type_reason,authority,official_url,eligibility,exam_format,fee,pass_rate,frequency,difficulty,related_slugs,source_checked_at,status
c-1001,1001,家畜人工授精師,家畜人工授精師,農林水産技術,農林水産・動物,domestic,0,0,要確認,low,未判定(一次情報での確認待ち),,,,,,,,,,,seed
c-1002,1002,総括畜産コンサルタント,総括畜産コンサルタント,農林水産技術,農林水産・動物,domestic,0,0,要確認,low,未判定(一次情報での確認待ち),,,,,,,,,,,seed
c-1003,1003,初生雛鑑別師,初生雛鑑別師,農林水産技術,農林水産・動物,domestic,0,0,要確認,low,未判定(一次情報での確認待ち),,,,,,,,,,,seed
c-1004,1004,林業技士,林業技士,農林水産技術,農林水産・動物,domestic,0,0,要確認,low,未判定(一次情報での確認待ち),,,,,,,,,,,seed
c-1005,1005,技術士(農業部門),技術士（農業部門）,農林水産技術,農林水産・動物,domestic,0,0,国家,high,技術士(国家資格),,,,,,,,,,,seed
c-1006,1006,技術士(森林部門),技術士（森林部門）,農林水産技術,農林水産・動物,domestic,0,0,国家,high,技術士(国家資格),,,,,,,,,,,seed
c-1007,1007,技術士(水産部門),技術士（水産部門）,農林水産技術,農林水産・動物,domestic,0,0,国家,high,技術士(国家資格),,,,,,,,,,,seed
c-1099,1099,その他の農林水産技術関係資格,その他の農林水産技術関係資格,農林水産技術,農林水産・動物,domestic,1,0,,,バケット(その他の…),,,,,,,,,,,seed
c-1101,1101,食品衛生管理者,食品衛生管理者,食品技術,食品・調理・栄養,domestic,0,0,国家,high,国家資格(法律に基づく),,,,,,,,,,,seed
c-1102,1102,食品冷凍技士,食品冷凍技士,食品技術,食品・調理・栄養,domestic,0,0,要確認,low,未判定(一次情報での確認待ち),,,,,,,,,,,seed
c-1103,1103,食品衛生責任者,食品衛生責任者,食品技術,食品・調理・栄養,domestic,0,0,要確認,low,未判定(一次情報での確認待ち),,,,,,,,,,,seed
c-1199,1199,その他の食品技術関係資格,その他の食品技術関係資格,食品技術,食品・調理・栄養,domestic,1,0,,,バケット(その他の…),,,,,,,,,,,seed
c-1201,1201,ボイラー・タービン主任技術者,ボイラー・タービン主任技術者,鉱工業技術,機械・電気・ものづくり,domestic,0,0,国家,high,主任技術者(国家資格),,,,,,,,,,,seed
c-1202,1202,航空工場検査員,航空工場検査員,鉱工業技術,機械・電気・ものづくり,domestic,0,0,要確認,low,未判定(一次情報での確認待ち),,,,,,,,,,,seed
c-1203,1203,第一種電気主任技術者,第一種電気主任技術者,鉱工業技術,機械・電気・ものづくり,domestic,0,0,国家,high,主任技術者(国家資格),一般財団法人 電気技術者試験センター,https://www.shiken.or.jp/,受験資格なし(誰でも受験可),一次=4科目(理論・電力・機械・法規)マークシート・科目合格制＋二次=2科目記述式,"13,800円(ネット申込)/14,200円(書面)",二次15.6%(令和6年度),年1回(一次8月・二次11月),,,2026-06-18,published
c-1204,1204,第二種電気主任技術者,第二種電気主任技術者,鉱工業技術,機械・電気・ものづくり,domestic,0,0,国家,high,主任技術者(国家資格),一般財団法人 電気技術者試験センター,https://www.shiken.or.jp/,受験資格なし(誰でも受験可),一次=4科目(理論・電力・機械・法規)マークシート・科目合格制＋二次=2科目記述式,"13,800円(ネット申込)/14,200円(書面)",二次18.9%(令和6年度),年1回(一次8月・二次11月),,,2026-06-18,published
c-1205,1205,第三種電気主任技術者,第三種電気主任技術者,鉱工業技術,機械・電気・ものづくり,domestic,0,0,国家,high,主任技術者(国家資格),一般財団法人 電気技術者試験センター,https://www.shiken.or.jp/,受験資格なし(誰でも受験可),4科目(理論・電力・機械・法規)五肢択一・CBT/筆記選択・科目合格制,"7,700円(ネット申込)/8,100円(書面)",16.0%(令和6年度上期),年2回(上期・下期),,,2026-06-18,published
c-1206,1206,1級電気工事施工管理技士,１級電気工事施工管理技士,鉱工業技術,機械・電気・ものづくり,domestic,0,0,国家,high,施工管理技士(国家資格),一般財団法人 建設業振興基金,https://www.fcip-shiken.jp/den1/,第一次は受検年度末に19歳以上・学歴不問/第二次は第一次合格後の所定実務経験(令和10年度まで経過措置),第一次検定=マークシート/第二次検定=記述式(第一次合格で技士補),,,年1回(第一次7月頃・第二次10〜11月頃),,,2026-06-18,published
c-1207,1207,2級電気工事施工管理技士,２級電気工事施工管理技士,鉱工業技術,機械・電気・ものづくり,domestic,0,0,国家,high,施工管理技士(国家資格),一般財団法人 建設業振興基金,https://www.fcip-shiken.jp/den2/,第一次は受検年度末に17歳以上・学歴不問/第二次は第一次合格後の所定実務経験(経過措置あり),第一次検定=マークシート/第二次検定=記述式(第一次合格で技士補),,,第一次は年2回(前期・後期)/第二次は年1回,,,2026-06-18,published
c-1208,1208,電気通信主任技術者(伝送交換),電気通信主任技術者（伝送交換）,鉱工業技術,機械・電気・ものづくり,domestic,0,0,国家,high,主任技術者(国家資格),,,,,,,,,,,seed
c-1209,1209,電気通信主任技術者(伝送交換),電気通信主任技術者（伝送交換）,鉱工業技術,機械・電気・ものづくり,domestic,0,1,国家,high,主任技術者(国家資格),,,,,,,,,,,seed
c-1210,1210,電気通信主任技術者(線路),電気通信主任技術者（線路）,鉱工業技術,機械・電気・ものづくり,domestic,0,0,国家,high,主任技術者(国家資格),,,,,,,,,,,seed
c-1211,1211,1級計装士,１級計装士,鉱工業技術,機械・電気・ものづくり,domestic,0,0,要確認,low,未判定(一次情報での確認待ち),,,,,,,,,,,seed
c-1212,1212,2級計装士,２級計装士,鉱工業技術,機械・電気・ものづくり,domestic,0,0,要確認,low,未判定(一次情報での確認待ち),,,,,,,,,,,seed
c-1214,1214,医薬部外品責任技術者,医薬部外品責任技術者,鉱工業技術,機械・電気・ものづくり,domestic,0,0,要確認,low,未判定(一次情報での確認待ち),,,,,,,,,,,seed
c-1215,1215,医療機器責任技術者,医療機器責任技術者,鉱工業技術,機械・電気・ものづくり,domestic,0,0,要確認,low,未判定(一次情報での確認待ち),,,,,,,,,,,seed
c-1216,1216,原子炉主任技術者,原子炉主任技術者,鉱工業技術,機械・電気・ものづくり,domestic,0,0,国家,high,主任技術者(国家資格),,,,,,,,,,,seed
c-1217,1217,核燃料取扱主任者,核燃料取扱主任者,鉱工業技術,機械・電気・ものづくり,domestic,0,0,国家,high,原子炉等規制法(国家資格),,,,,,,,,,,seed
c-1218,1218,第1種放射線取扱主任者,第１種放射線取扱主任者,鉱工業技術,機械・電気・ものづくり,domestic,0,0,国家,high,放射線取扱主任者(国家資格),,,,,,,,,,,seed
c-1219,1219,第2種放射線取扱主任者,第２種放射線取扱主任者,鉱工業技術,機械・電気・ものづくり,domestic,0,0,国家,high,放射線取扱主任者(国家資格),,,,,,,,,,,seed
c-1222,1222,甲種火薬類製造保安責任者,甲種火薬類製造保安責任者,鉱工業技術,機械・電気・ものづくり,domestic,0,0,国家,high,火薬類取締法(国家資格),,,,,,,,,,,seed
c-1223,1223,乙種火薬類製造保安責任者,乙種火薬類製造保安責任者,鉱工業技術,機械・電気・ものづくり,domestic,0,0,国家,high,火薬類取締法(国家資格),,,,,,,,,,,seed
c-1224,1224,丙種火薬類製造保安責任者,丙種火薬類製造保安責任者,鉱工業技術,機械・電気・ものづくり,domestic,0,0,国家,high,火薬類取締法(国家資格),,,,,,,,,,,seed
c-1225,1225,高圧ガス製造保安責任者(甲種化学),高圧ガス製造保安責任者（甲種化学）,鉱工業技術,機械・電気・ものづくり,domestic,0,0,国家,high,高圧ガス保安法(国家資格),,,,,,,,,,,seed
c-1226,1226,高圧ガス製造保安責任者(甲種機械),高圧ガス製造保安責任者（甲種機械）,鉱工業技術,機械・電気・ものづくり,domestic,0,0,国家,high,高圧ガス保安法(国家資格),,,,,,,,,,,seed
c-1227,1227,高圧ガス製造保安責任者(第一種冷凍機械),高圧ガス製造保安責任者（第一種冷凍機械）,鉱工業技術,機械・電気・ものづくり,domestic,0,0,国家,high,高圧ガス保安法(国家資格),,,,,,,,,,,seed
c-1231,1231,技術士(機械部門),技術士（機械部門）,鉱工業技術,機械・電気・ものづくり,domestic,0,0,国家,high,技術士(国家資格),,,,,,,,,,,seed
c-1232,1232,技術士(電気電子部門),技術士（電気電子部門）,鉱工業技術,機械・電気・ものづくり,domestic,0,0,国家,high,技術士(国家資格),,,,,,,,,,,seed
c-1233,1233,技術士(金属部門),技術士（金属部門）,鉱工業技術,機械・電気・ものづくり,domestic,0,0,国家,high,技術士(国家資格),,,,,,,,,,,seed
c-1234,1234,技術士(化学部門),技術士（化学部門）,鉱工業技術,機械・電気・ものづくり,domestic,0,0,国家,high,技術士(国家資格),,,,,,,,,,,seed
c-1235,1235,技術士(生物工学部門),技術士（生物工学部門）,鉱工業技術,機械・電気・ものづくり,domestic,0,0,国家,high,技術士(国家資格),,,,,,,,,,,seed
c-1236,1236,技術士(資源工学部門),技術士（資源工学部門）,鉱工業技術,機械・電気・ものづくり,domestic,0,0,国家,high,技術士(国家資格),,,,,,,,,,,seed
c-1237,1237,発破技士,発破技士,鉱工業技術,機械・電気・ものづくり,domestic,0,0,国家,high,国家資格(法律に基づく),,,,,,,,,,,seed
c-1238,1238,1級電気通信工事施工管理技士,１級電気通信工事施工管理技士,鉱工業技術,機械・電気・ものづくり,domestic,0,0,国家,high,施工管理技士(国家資格),,,,,,,,,,,seed
c-1239,1239,2級電気通信工事施工管理技士,２級電気通信工事施工管理技士,鉱工業技術,機械・電気・ものづくり,domestic,0,0,国家,high,施工管理技士(国家資格),,,,,,,,,,,seed
c-1299,1299,その他の鉱工業技術関係資格,その他の鉱工業技術関係資格,鉱工業技術,機械・電気・ものづくり,domestic,1,0,,,バケット(その他の…),,,,,,,,,,,seed
c-1301,1301,一級建築士,一級建築士,建築技術,建築・設備,domestic,0,0,国家,high,国家資格(法律に基づく),公益財団法人 建築技術教育普及センター,https://www.jaeic.or.jp/shiken/1k/,建築士法に基づく所定の学歴・資格が必要(実務経験は免許登録時に確認),学科の試験＋設計製図の試験(学科合格者が設計製図を受験),"17,000円(非課税)",8.8%(令和6年度・総合),年1回(学科7月頃/設計製図10月頃),,,2026-06-18,published
c-1302,1302,二級建築士,二級建築士,建築技術,建築・設備,domestic,0,0,国家,high,国家資格(法律に基づく),公益財団法人 建築技術教育普及センター,https://www.jaeic.or.jp/shiken/2k/,所定の学歴、または建築実務経験7年以上等で受験可,学科の試験＋設計製図の試験(学科合格者が設計製図を受験),"18,500円(非課税)",,年1回(学科7月頃/設計製図9月頃),,,2026-06-18,published
c-1303,1303,木造建築士,木造建築士,建築技術,建築・設備,domestic,0,0,国家,high,国家資格(法律に基づく),,,,,,,,,,,seed
c-1304,1304,建築設備士,建築設備士,建築技術,建築・設備,domestic,0,0,国家,high,国家資格(法律に基づく),,,,,,,,,,,seed
c-1305,1305,1級建設機械施工技士,１級建設機械施工技士,建築技術,建築・設備,domestic,0,0,国家,high,建設機械施工技士(国家資格・建設業法),,,,,,,,,,,seed
c-1306,1306,2級建設機械施工技士,２級建設機械施工技士,建築技術,建築・設備,domestic,0,0,国家,high,建設機械施工技士(国家資格・建設業法),,,,,,,,,,,seed
c-1307,1307,インテリアプランナー,インテリアプランナー,建築技術,建築・設備,domestic,0,0,要確認,low,未判定(一次情報での確認待ち),,,,,,,,,,,seed
c-1308,1308,インテリアコーディネーター,インテリアコーディネーター,建築技術,建築・設備,domestic,0,0,要確認,low,未判定(一次情報での確認待ち),,,,,,,,,,,seed
c-1309,1309,商業施設士,商業施設士,建築技術,建築・設備,domestic,0,0,要確認,low,未判定(一次情報での確認待ち),,,,,,,,,,,seed
c-1310,1310,建築設備検査員,建築設備検査員,建築技術,建築・設備,domestic,0,0,国家,high,国家資格(法律に基づく),,,,,,,,,,,seed
c-1311,1311,昇降機等検査員,昇降機等検査員,建築技術,建築・設備,domestic,0,0,国家,high,国家資格(法律に基づく),,,,,,,,,,,seed
c-1312,1312,特定建築物調査員,特定建築物調査員,建築技術,建築・設備,domestic,0,0,国家,high,国家資格(法律に基づく),,,,,,,,,,,seed
c-1313,1313,建築物環境衛生管理技術者,建築物環境衛生管理技術者,建築技術,建築・設備,domestic,0,0,国家,high,国家資格(法律に基づく),,,,,,,,,,,seed
c-1314,1314,設備管理士,設備管理士,建築技術,建築・設備,domestic,0,0,要確認,low,未判定(一次情報での確認待ち),,,,,,,,,,,seed
c-1315,1315,1級建築施工管理技士,１級建築施工管理技士,建築技術,建築・設備,domestic,0,0,国家,high,施工管理技士(国家資格),一般財団法人 建設業振興基金,https://www.fcip-shiken.jp/ken1/,第一次は受検年度末に19歳以上・学歴不問/第二次は第一次合格後の所定実務経験(令和10年度まで経過措置),第一次検定=マークシート/第二次検定=記述式(第一次合格で技士補),,,年1回(第一次7月頃・第二次10〜11月頃),,,2026-06-18,published
c-1316,1316,2級建築施工管理技士,２級建築施工管理技士,建築技術,建築・設備,domestic,0,0,国家,high,施工管理技士(国家資格),一般財団法人 建設業振興基金,https://www.fcip-shiken.jp/ken2/,第一次は受検年度末に17歳以上・学歴不問/第二次は第一次合格後の所定実務経験(経過措置あり),第一次検定=マークシート/第二次検定=記述式(第一次合格で技士補),,,第一次は年2回(前期・後期)/第二次は年1回,,,2026-06-18,published
c-1317,1317,技術士(建設部門),技術士（建設部門）,建築技術,建築・設備,domestic,0,0,国家,high,技術士(国家資格),,,,,,,,,,,seed
c-1318,1318,建築積算士,建築積算士,建築技術,建築・設備,domestic,0,0,要確認,low,未判定(一次情報での確認待ち),,,,,,,,,,,seed
c-1319,1319,鉄骨製作管理技術者,鉄骨製作管理技術者,建築技術,建築・設備,domestic,0,0,要確認,low,未判定(一次情報での確認待ち),,,,,,,,,,,seed
c-1320,1320,建築CAD検定試験准1級,建築ＣＡＤ検定試験准１級,建築技術,建築・設備,domestic,0,0,要確認,low,未判定(一次情報での確認待ち),,,,,,,,,,,seed
c-1321,1321,建築CAD検定試験2級,建築ＣＡＤ検定試験２級,建築技術,建築・設備,domestic,0,0,要確認,low,未判定(一次情報での確認待ち),,,,,,,,,,,seed
c-1322,1322,建築CAD検定試験3級,建築ＣＡＤ検定試験３級,建築技術,建築・設備,domestic,0,0,要確認,low,未判定(一次情報での確認待ち),,,,,,,,,,,seed
c-1323,1323,建設業経理士1級,建設業経理士１級,建築技術,建築・設備,domestic,0,0,要確認,low,未判定(一次情報での確認待ち),,,,,,,,,,,seed
c-1324,1324,建設業経理士2級,建設業経理士２級,建築技術,建築・設備,domestic,0,0,要確認,low,未判定(一次情報での確認待ち),,,,,,,,,,,seed
c-1325,1325,建設業経理事務士3級,建設業経理事務士３級,建築技術,建築・設備,domestic,0,0,要確認,low,未判定(一次情報での確認待ち),,,,,,,,,,,seed
c-1326,1326,建設業経理事務士4級,建設業経理事務士４級,建築技術,建築・設備,domestic,0,0,要確認,low,未判定(一次情報での確認待ち),,,,,,,,,,,seed
c-1399,1399,その他の建築技術関係資格,その他の建築技術関係資格,建築技術,建築・設備,domestic,1,0,,,バケット(その他の…),,,,,,,,,,,seed
c-1401,1401,第1種ダム水路主任技術者,第１種ダム水路主任技術者,土木・測量技術,土木・測量・建設,domestic,0,0,国家,high,主任技術者(国家資格),,,,,,,,,,,seed
c-1402,1402,第2種ダム水路主任技術者,第２種ダム水路主任技術者,土木・測量技術,土木・測量・建設,domestic,0,0,国家,high,主任技術者(国家資格),,,,,,,,,,,seed
c-1403,1403,ダム管理主任技術者,ダム管理主任技術者,土木・測量技術,土木・測量・建設,domestic,0,0,国家,high,主任技術者(国家資格),,,,,,,,,,,seed
c-1404,1404,1級土木施工管理技士,１級土木施工管理技士,土木・測量技術,土木・測量・建設,domestic,0,0,国家,high,施工管理技士(国家資格),一般財団法人 全国建設研修センター,https://www.jctc.jp/exam/guide/dbk-1/,第一次は受検年度末に19歳以上・学歴不問/第二次は第一次合格後の所定実務経験(令和10年度まで経過措置),第一次検定=マークシート/第二次検定=記述式(第一次合格で技士補),,,年1回(第一次7月頃・第二次10〜11月頃),,,2026-06-18,published
c-1405,1405,2級土木施工管理技士,２級土木施工管理技士,土木・測量技術,土木・測量・建設,domestic,0,0,国家,high,施工管理技士(国家資格),一般財団法人 全国建設研修センター,https://www.jctc.jp/exam/guide/dbk-2/,第一次は受検年度末に17歳以上・学歴不問/第二次は第一次合格後の所定実務経験(経過措置あり),第一次検定=マークシート/第二次検定=記述式(第一次合格で技士補),,,第一次は年2回(前期・後期)/第二次は年1回,,,2026-06-18,published
c-1406,1406,1級造園施工管理技士,１級造園施工管理技士,土木・測量技術,土木・測量・建設,domestic,0,0,国家,high,施工管理技士(国家資格),,,,,,,,,,,seed
c-1407,1407,2級造園施工管理技士,２級造園施工管理技士,土木・測量技術,土木・測量・建設,domestic,0,0,国家,high,施工管理技士(国家資格),,,,,,,,,,,seed
c-1408,1408,測量士,測量士,土木・測量技術,土木・測量・建設,domestic,0,0,国家,high,国家資格(法律に基づく),国土交通省 国土地理院,https://www.gsi.go.jp/LAW/men-index.html,受験は誰でも可(登録には学歴＋実務経験等が必要),筆記(午前=択一マークシート/午後=記述式),"4,250円(書面)/4,200円(電子申請)",40.2%(令和7年),年1回(5月),,,2026-06-18,published
c-1409,1409,測量士補,測量士補,土木・測量技術,土木・測量・建設,domestic,0,0,国家,high,国家資格(法律に基づく),国土交通省 国土地理院,https://www.gsi.go.jp/LAW/R6shiken_00001.html,受験資格なし(誰でも受験可),筆記(択一式・28問・700点満点、450点以上で合格),"2,850円(書面)/2,800円(電子申請)",51.2%(令和7年度),年1回(5月第3日曜),,,2026-06-18,published
c-1410,1410,技術士(上下水道部門),技術士（上下水道部門）,土木・測量技術,土木・測量・建設,domestic,0,0,国家,high,技術士(国家資格),,,,,,,,,,,seed
c-1499,1499,その他の土木・測量技術関係資格,その他の土木・測量技術関係資格,土木・測量技術,土木・測量・建設,domestic,1,0,,,バケット(その他の…),,,,,,,,,,,seed
c-1501,1501,システム監査技術者,システム監査技術者,情報処理技術,IT・情報処理,domestic,0,0,国家,high,国家資格(法律に基づく),,,,,,,,,,,seed
c-1502,1502,ネットワークスペシャリスト,ネットワークスペシャリスト,情報処理技術,IT・情報処理,domestic,0,0,国家,high,国家資格(法律に基づく),独立行政法人 情報処理推進機構(IPA),https://www.ipa.go.jp/shiken/kubun/nw.html,受験資格なし(誰でも受験可),午前I・午前II(多肢選択)・午後I・午後II(記述式),"7,500円(税込)",17.8%(令和7年度春期),年1回(令和7年度は春期/4月。令和8年度よりCBT方式へ移行),,,2026-06-18,published
c-1503,1503,システムアーキテクト,システムアーキテクト,情報処理技術,IT・情報処理,domestic,0,0,国家,high,国家資格(法律に基づく),独立行政法人 情報処理推進機構(IPA),https://www.ipa.go.jp/shiken/kubun/sa.html,受験資格なし(誰でも受験可),午前I・午前II(多肢選択)・午後I(記述)・午後II(論述),"7,500円(税込)",15.5%(令和7年度春期),年1回(春期/4月。令和8年度よりCBT方式へ移行),,,2026-06-18,published
c-1504,1504,応用情報技術者,応用情報技術者,情報処理技術,IT・情報処理,domestic,0,0,国家,high,国家資格(法律に基づく),独立行政法人 情報処理推進機構(IPA),https://www.ipa.go.jp/shiken/kubun/ap.html,受験資格なし(誰でも受験可),午前=多肢選択80問/午後=記述式(2026年度よりCBT移行予定),"7,500円(税込)",,年2回(2026年度よりCBT移行予定),,,2026-06-18,published
c-1505,1505,基本情報技術者,基本情報技術者,情報処理技術,IT・情報処理,domestic,0,0,国家,high,国家資格(法律に基づく),独立行政法人 情報処理推進機構(IPA),https://www.ipa.go.jp/shiken/kubun/fe.html,受験資格なし(誰でも受験可),CBT方式(科目A 60問90分・科目B 20問100分),"7,500円(税込)",,通年・随時(CBT),,,2026-06-18,published
c-1506,1506,技術士(情報工学部門),技術士（情報工学部門）,情報処理技術,IT・情報処理,domestic,0,0,国家,high,技術士(国家資格),,,,,,,,,,,seed
c-1508,1508,プロジェクトマネージャ,プロジェクトマネージャ,情報処理技術,IT・情報処理,domestic,0,0,国家,high,国家資格(法律に基づく),独立行政法人 情報処理推進機構(IPA),https://www.ipa.go.jp/shiken/kubun/pm.html,受験資格なし(誰でも受験可),午前I・午前II(多肢選択)・午後I(記述)・午後II(論述),"7,500円(税込)",14.3%(令和7年度秋期),年1回(秋期/10月。令和8年度よりCBT方式へ移行),,,2026-06-18,published
c-1510,1510,データベーススペシャリスト,データベーススペシャリスト,情報処理技術,IT・情報処理,domestic,0,0,国家,high,国家資格(法律に基づく),独立行政法人 情報処理推進機構(IPA),https://www.ipa.go.jp/shiken/kubun/db.html,受験資格なし(誰でも受験可),午前I・午前II(多肢選択)・午後I・午後II(記述式),"7,500円(税込)",18.4%(令和7年度秋期),年1回(令和7年度は秋期/10月。令和8年度よりCBT方式へ移行),,,2026-06-18,published
c-1511,1511,ITサービスマネージャ,ＩＴサービスマネージャ,情報処理技術,IT・情報処理,domestic,0,0,国家,high,国家資格(法律に基づく),,,,,,,,,,,seed
c-1512,1512,エンベデッドシステムスペシャリスト,エンベデッドシステムスペシャリスト,情報処理技術,IT・情報処理,domestic,0,0,国家,high,国家資格(法律に基づく),,,,,,,,,,,seed
c-1516,1516,マイクロソフト認定プロフェッショナル(MCP),マイクロソフト認定プロフェッショナル（ＭＣＰ）,情報処理技術,IT・情報処理,domestic,0,0,民間,medium,民間ベンダー資格(Microsoft),,,,,,,,,,,seed
c-1517,1517,マイクロソフト認定ソリューションエキスパート(MCSE),マイクロソフト認定ソリューションエキスパート（ＭＣＳＥ）,情報処理技術,IT・情報処理,domestic,0,0,民間,medium,民間ベンダー資格(Microsoft),,,,,,,,,,,seed
c-1518,1518,シスコ技術者認定,シスコ技術者認定,情報処理技術,IT・情報処理,domestic,0,0,民間,medium,民間ベンダー資格(Cisco),,,,,,,,,,,seed
c-1519,1519,オラクルマスター,オラクルマスター,情報処理技術,IT・情報処理,domestic,0,0,民間,medium,民間ベンダー資格(Oracle),,,,,,,,,,,seed
c-1520,1520,Java認定資格,Ｊａｖａ認定資格,情報処理技術,IT・情報処理,domestic,0,0,民間,medium,民間資格,,,,,,,,,,,seed
c-1527,1527,ITコーディネータ,ＩＴコーディネータ,情報処理技術,IT・情報処理,domestic,0,0,要確認,low,未判定(一次情報での確認待ち),,,,,,,,,,,seed
c-1538,1538,ITパスポート,ＩＴパスポート,情報処理技術,IT・情報処理,domestic,0,0,国家,high,国家資格(法律に基づく),独立行政法人 情報処理推進機構(IPA),https://www3.jitec.ipa.go.jp/JitesCbt/,受験資格なし(誰でも受験可),CBT方式・四肢択一100問120分,"7,500円(税込)",48.6%(令和7年度),通年・随時(CBT),,,2026-06-18,published
c-1539,1539,ITストラテジスト(ST),ＩＴストラテジスト（ＳＴ）,情報処理技術,IT・情報処理,domestic,0,0,国家,high,国家資格(法律に基づく),独立行政法人 情報処理推進機構(IPA),https://www.ipa.go.jp/shiken/kubun/st.html,受験資格なし(誰でも受験可),午前I・午前II(多肢選択)・午後I(記述)・午後II(論述),"7,500円(税込)",15.0%(令和7年度春期),年1回(春期/4月。令和8年度よりCBT方式へ移行),,,2026-06-18,published
c-1541,1541,Linux技術者認定資格,Ｌｉｎｕｘ技術者認定資格,情報処理技術,IT・情報処理,domestic,0,0,民間,medium,民間ベンダー資格,,,,,,,,,,,seed
c-1544,1544,VBAエキスパート,ＶＢＡエキスパート,情報処理技術,IT・情報処理,domestic,0,0,要確認,low,未判定(一次情報での確認待ち),,,,,,,,,,,seed
c-1545,1545,JavaTMプログラミング能力認定1級,ＪａｖａＴＭプログラミング能力認定１級,情報処理技術,IT・情報処理,domestic,0,0,民間,medium,民間資格,,,,,,,,,,,seed
c-1546,1546,JavaTMプログラミング能力認定2級,ＪａｖａＴＭプログラミング能力認定２級,情報処理技術,IT・情報処理,domestic,0,0,民間,medium,民間資格,,,,,,,,,,,seed
c-1547,1547,JavaTMプログラミング能力認定3級,ＪａｖａＴＭプログラミング能力認定３級,情報処理技術,IT・情報処理,domestic,0,0,民間,medium,民間資格,,,,,,,,,,,seed
c-1548,1548,C言語プログラミング能力認定試験1級,Ｃ言語プログラミング能力認定試験１級,情報処理技術,IT・情報処理,domestic,0,0,要確認,low,未判定(一次情報での確認待ち),,,,,,,,,,,seed
c-1549,1549,C言語プログラミング能力認定試験2級,Ｃ言語プログラミング能力認定試験２級,情報処理技術,IT・情報処理,domestic,0,0,要確認,low,未判定(一次情報での確認待ち),,,,,,,,,,,seed
c-1550,1550,C言語プログラミング能力認定試験3級,Ｃ言語プログラミング能力認定試験３級,情報処理技術,IT・情報処理,domestic,0,0,要確認,low,未判定(一次情報での確認待ち),,,,,,,,,,,seed
c-1551,1551,Webデザイナー検定(ベーシック),Ｗｅｂデザイナー検定（ベーシック）,情報処理技術,IT・情報処理,domestic,0,0,要確認,low,未判定(一次情報での確認待ち),,,,,,,,,,,seed
c-1552,1552,Webデザイナー検定(エキスパート),Ｗｅｂデザイナー検定（エキスパート）,情報処理技術,IT・情報処理,domestic,0,0,要確認,low,未判定(一次情報での確認待ち),,,,,,,,,,,seed
c-1553,1553,Webクリエイター能力認定試験(上級),Ｗｅｂクリエイター能力認定試験（上級）,情報処理技術,IT・情報処理,domestic,0,0,要確認,low,未判定(一次情報での確認待ち),,,,,,,,,,,seed
c-1554,1554,Webクリエイター能力認定試験(初級),Ｗｅｂクリエイター能力認定試験（初級）,情報処理技術,IT・情報処理,domestic,0,0,要確認,low,未判定(一次情報での確認待ち),,,,,,,,,,,seed
c-1555,1555,ウェブデザイン技能士,ウェブデザイン技能士,情報処理技術,IT・情報処理,domestic,0,0,国家,high,技能検定(国家資格・職業能力開発促進法),,,,,,,,,,,seed
c-1556,1556,ホームページ作成検定,ホームページ作成検定,情報処理技術,IT・情報処理,domestic,0,0,要確認,low,未判定(一次情報での確認待ち),,,,,,,,,,,seed
c-1557,1557,CGクリエイター検定,ＣＧクリエイター検定,情報処理技術,IT・情報処理,domestic,0,0,要確認,low,未判定(一次情報での確認待ち),,,,,,,,,,,seed
c-1558,1558,DTP検定,ＤＴＰ検定,情報処理技術,IT・情報処理,domestic,0,0,要確認,low,未判定(一次情報での確認待ち),,,,,,,,,,,seed
c-1563,1563,Webクリエイター能力認定エキスパート,Ｗｅｂクリエイター能力認定エキスパート,情報処理技術,IT・情報処理,domestic,0,0,要確認,low,未判定(一次情報での確認待ち),,,,,,,,,,,seed
c-1564,1564,Webクリエイター能力認定スタンダード,Ｗｅｂクリエイター能力認定スタンダード,情報処理技術,IT・情報処理,domestic,0,0,要確認,low,未判定(一次情報での確認待ち),,,,,,,,,,,seed
c-1565,1565,情報処理安全確保支援士,情報処理安全確保支援士,情報処理技術,IT・情報処理,domestic,0,0,国家,high,国家資格(法律に基づく),独立行政法人 情報処理推進機構(IPA),https://www.ipa.go.jp/shiken/kubun/sc.html,受験資格なし(登録には別途要件あり),午前I・II=多肢選択＋午後=記述式(2026年度よりCBT移行予定),"7,500円",,年2回(2026年度よりCBT移行予定),,,2026-06-18,published
c-1599,1599,その他の情報処理技術関係資格,その他の情報処理技術関係資格,情報処理技術,IT・情報処理,domestic,1,0,,,バケット(その他の…),,,,,,,,,,,seed
c-1601,1601,労働安全コンサルタント,労働安全コンサルタント,その他の技術,安全・環境・危険物,domestic,0,0,国家,high,国家資格(法律に基づく),,,,,,,,,,,seed
c-1602,1602,公害防止管理者,公害防止管理者,その他の技術,安全・環境・危険物,domestic,0,0,国家,high,国家資格(法律に基づく),,,,,,,,,,,seed
c-1603,1603,エネルギー管理士,エネルギー管理士,その他の技術,安全・環境・危険物,domestic,0,0,国家,high,国家資格(法律に基づく),一般財団法人 省エネルギーセンター(ECCJ),https://www.eccj.or.jp/mgr1/test_guide/index.html,受験資格なし(免状交付には合格後に省エネ実務1年以上),課目I〜IVで熱分野/電気分野を選択(各課目60%で合格),"17,000円(非課税。課目免除者は10,000円)",36.8%(令和6年度),年1回(8月),,,2026-06-18,published
c-1605,1605,第一種作業環境測定士,第一種作業環境測定士,その他の技術,安全・環境・危険物,domestic,0,0,国家,high,国家資格(法律に基づく),,,,,,,,,,,seed
c-1606,1606,第二種作業環境測定士,第二種作業環境測定士,その他の技術,安全・環境・危険物,domestic,0,0,国家,high,国家資格(法律に基づく),,,,,,,,,,,seed
c-1607,1607,エックス線作業主任者,エックス線作業主任者,その他の技術,安全・環境・危険物,domestic,0,0,国家,high,労働安全衛生法の作業主任者,,,,,,,,,,,seed
c-1608,1608,ガンマ線透過写真撮影作業主任者,ガンマ線透過写真撮影作業主任者,その他の技術,安全・環境・危険物,domestic,0,0,国家,high,労働安全衛生法の作業主任者,,,,,,,,,,,seed
c-1609,1609,毒物劇物取扱責任者,毒物劇物取扱責任者,その他の技術,安全・環境・危険物,domestic,0,0,国家,high,国家資格(法律に基づく),,,,,,,,,,,seed
c-1610,1610,甲種火薬類取扱保安責任者,甲種火薬類取扱保安責任者,その他の技術,安全・環境・危険物,domestic,0,0,国家,high,火薬類取締法(国家資格),,,,,,,,,,,seed
c-1611,1611,乙種火薬類取扱保安責任者,乙種火薬類取扱保安責任者,その他の技術,安全・環境・危険物,domestic,0,0,国家,high,火薬類取締法(国家資格),,,,,,,,,,,seed
c-1612,1612,下水道管理技術認定(処理施設),下水道管理技術認定（処理施設）,その他の技術,安全・環境・危険物,domestic,0,0,国家,high,下水道法関連の国家資格,,,,,,,,,,,seed
c-1613,1613,下水道管理技術認定(管路施設),下水道管理技術認定（管路施設）,その他の技術,安全・環境・危険物,domestic,0,0,国家,high,下水道法関連の国家資格,,,,,,,,,,,seed
c-1614,1614,一般廃棄物処理施設技術管理士,一般廃棄物処理施設技術管理士,その他の技術,安全・環境・危険物,domestic,0,0,要確認,low,未判定(一次情報での確認待ち),,,,,,,,,,,seed
c-1615,1615,産業廃棄物処理施設技術管理士,産業廃棄物処理施設技術管理士,その他の技術,安全・環境・危険物,domestic,0,0,要確認,low,未判定(一次情報での確認待ち),,,,,,,,,,,seed
c-1616,1616,地質調査技士(区分なし又は旧「土質」),地質調査技士（区分なし又は旧「土質」）,その他の技術,安全・環境・危険物,domestic,0,0,要確認,low,未判定(一次情報での確認待ち),,,,,,,,,,,seed
c-1617,1617,地質調査技士(区分なし又は旧「岩盤」),地質調査技士（区分なし又は旧「岩盤」）,その他の技術,安全・環境・危険物,domestic,0,0,要確認,low,未判定(一次情報での確認待ち),,,,,,,,,,,seed
c-1618,1618,技術士(経営工学部門),技術士（経営工学部門）,その他の技術,安全・環境・危険物,domestic,0,0,国家,high,技術士(国家資格),,,,,,,,,,,seed
c-1619,1619,技術士(衛生工学部門),技術士（衛生工学部門）,その他の技術,安全・環境・危険物,domestic,0,0,国家,high,技術士(国家資格),,,,,,,,,,,seed
c-1620,1620,技術士(環境部門),技術士（環境部門）,その他の技術,安全・環境・危険物,domestic,0,0,国家,high,技術士(国家資格),,,,,,,,,,,seed
c-1621,1621,技術士(応用理学部門),技術士（応用理学部門）,その他の技術,安全・環境・危険物,domestic,0,0,国家,high,技術士(国家資格),,,,,,,,,,,seed
c-1622,1622,気象予報士,気象予報士,その他の技術,安全・環境・危険物,domestic,0,0,国家,high,国家資格(法律に基づく),一般財団法人 気象業務支援センター(所管:気象庁),https://www.jmbsc.or.jp/jp/examination/examination-2.html,受験資格なし(誰でも受験可),学科(マークシート・一般/専門の2科目)＋実技(記述式),"11,400円(全科目)/10,400円(学科1科目免除)/9,400円(学科2科目免除)",,年2回,,,2026-06-18,published
c-1623,1623,臭気判定士,臭気判定士,その他の技術,安全・環境・危険物,domestic,0,0,国家,high,国家資格(法律に基づく),,,,,,,,,,,seed
c-1624,1624,下水道第1種技術検定,下水道第１種技術検定,その他の技術,安全・環境・危険物,domestic,0,0,国家,high,下水道法関連の国家資格,,,,,,,,,,,seed
c-1625,1625,下水道第2種技術検定,下水道第２種技術検定,その他の技術,安全・環境・危険物,domestic,0,0,国家,high,下水道法関連の国家資格,,,,,,,,,,,seed
c-1626,1626,下水道第3種技術検定,下水道第３種技術検定,その他の技術,安全・環境・危険物,domestic,0,0,国家,high,下水道法関連の国家資格,,,,,,,,,,,seed
c-1699,1699,その他の技術関係資格,その他の技術関係資格,その他の技術,安全・環境・危険物,domestic,1,0,,,バケット(その他の…),,,,,,,,,,,seed
c-1701,1701,医師,医師,医師、歯科医師、獣医師、薬剤師,医療・看護・薬,domestic,0,0,国家,high,国家資格(法律に基づく),,,,,,,,,,,seed
c-1702,1702,歯科医師,歯科医師,医師、歯科医師、獣医師、薬剤師,医療・看護・薬,domestic,0,0,国家,high,国家資格(法律に基づく),,,,,,,,,,,seed
c-1703,1703,獣医師,獣医師,医師、歯科医師、獣医師、薬剤師,医療・看護・薬,domestic,0,0,国家,high,国家資格(法律に基づく),,,,,,,,,,,seed
c-1704,1704,薬剤師,薬剤師,医師、歯科医師、獣医師、薬剤師,医療・看護・薬,domestic,0,0,国家,high,国家資格(法律に基づく),厚生労働省,https://www.mhlw.go.jp/kouseiroudoushou/shikaku_shiken/yakuzaishi/,受験資格あり(6年制薬学課程を卒業/卒業見込み 等),筆記(マークシート)・計345問,"6,800円(収入印紙)",68.49%(第111回・2026年),年1回(2月),,,2026-06-18,published
c-1801,1801,保健師,保健師,保健師、助産師、看護師,医療・看護・薬,domestic,0,0,国家,high,国家資格(法律に基づく),,,,,,,,,,,seed
c-1802,1802,助産師,助産師,保健師、助産師、看護師,医療・看護・薬,domestic,0,0,国家,high,国家資格(法律に基づく),,,,,,,,,,,seed
c-1803,1803,看護師,看護師,保健師、助産師、看護師,医療・看護・薬,domestic,0,0,国家,high,国家資格(法律に基づく),厚生労働省,https://www.mhlw.go.jp/kouseiroudoushou/shikaku_shiken/kangoshi/,受験資格あり(指定の看護師養成課程を修了/卒業見込み等),マークシート(必修50・一般130・状況設定60の計240問),"5,400円",,年1回(2月),,,2026-06-18,published
c-1804,1804,准看護師,准看護師,保健師、助産師、看護師,医療・看護・薬,domestic,0,0,国家,high,国家資格(法律に基づく),,,,,,,,,,,seed
c-1901,1901,臨床検査技師,臨床検査技師,医療技術職,医療・看護・薬,domestic,0,0,国家,high,国家資格(法律に基づく),厚生労働省,https://www.mhlw.go.jp/kouseiroudoushou/shikaku_shiken/rinshoukensagishi/,指定の養成校・大学等で所定課程を修了した者 等,筆記(マークシート)・午前午後計200問,"11,300円",84.6%(第71回・令和7年),年1回(2月),,,2026-06-18,published
c-1902,1902,衛生検査技師,衛生検査技師,医療技術職,医療・看護・薬,domestic,0,0,国家,high,国家資格(法律に基づく),,,,,,,,,,,seed
c-1903,1903,臨床工学技士,臨床工学技士,医療技術職,医療・看護・薬,domestic,0,0,国家,high,国家資格(法律に基づく),,,,,,,,,,,seed
c-1904,1904,理学療法士,理学療法士,医療技術職,医療・看護・薬,domestic,0,0,国家,high,国家資格(法律に基づく),厚生労働省,https://www.mhlw.go.jp/kouseiroudoushou/shikaku_shiken/rigakuryouhoushi/,受験資格あり(指定養成校で3年以上修学/卒業見込み 等),筆記(マークシート)・一般問題＋実地問題,"10,100円",89.7%(第61回・2026年速報),年1回(2月),,,2026-06-18,published
c-1905,1905,作業療法士,作業療法士,医療技術職,医療・看護・薬,domestic,0,0,国家,high,国家資格(法律に基づく),厚生労働省,https://www.mhlw.go.jp/kouseiroudoushou/shikaku_shiken/sagyouryouhoushi/,受験資格あり(指定養成校で3年以上修学/卒業見込み 等),筆記(マークシート)・一般問題＋実地問題,"10,100円",91.2%(第61回・2026年速報),年1回(2月),,,2026-06-18,published
c-1906,1906,歯科技工士,歯科技工士,医療技術職,医療・看護・薬,domestic,0,0,国家,high,国家資格(法律に基づく),,,,,,,,,,,seed
c-1907,1907,歯科衛生士,歯科衛生士,医療技術職,医療・看護・薬,domestic,0,0,国家,high,国家資格(法律に基づく),一般財団法人 歯科医療振興財団(指定試験機関)・施行は厚生労働省,https://www.mhlw.go.jp/kouseiroudoushou/shikaku_shiken/shikaeiseishi/,受験資格あり(指定養成校3年以上を卒業/卒業見込み 等),筆記(マークシート)・220問(合格基準6割),"14,300円",94.5%(第35回・2026年速報),年1回(3月),,,2026-06-18,published
c-1908,1908,診療放射線技師,診療放射線技師,医療技術職,医療・看護・薬,domestic,0,0,国家,high,国家資格(法律に基づく),厚生労働省,https://www.mhlw.go.jp/kouseiroudoushou/shikaku_shiken/shinryouhoushasengishi/,指定養成校(大学等)で3年以上修得した者 等,筆記(マークシート)・午前午後計200問,"11,400円",84.7%(第77回・令和7年),年1回(2月),,,2026-06-18,published
c-1909,1909,視能訓練士,視能訓練士,医療技術職,医療・看護・薬,domestic,0,0,国家,high,国家資格(法律に基づく),,,,,,,,,,,seed
c-1910,1910,言語聴覚士,言語聴覚士,医療技術職,医療・看護・薬,domestic,0,0,国家,high,国家資格(法律に基づく),,,,,,,,,,,seed
c-1999,1999,その他の医療技術関係資格,その他の医療技術関係資格,医療技術職,医療・看護・薬,domestic,1,0,,,バケット(その他の…),,,,,,,,,,,seed
c-2001,2001,管理栄養士,管理栄養士,栄養士,食品・調理・栄養,domestic,0,0,国家,high,国家資格(法律に基づく),厚生労働省,https://www.mhlw.go.jp/kouseiroudoushou/shikaku_shiken/kanrieiyoushi/,受験資格あり(管理栄養士養成課程卒業/栄養士免許＋実務経験),全9科目200問・マークシート(合格基準60%),"6,800円",47.6%(第40回),年1回(2〜3月),,,2026-06-18,published
c-2002,2002,栄養士,栄養士,栄養士,食品・調理・栄養,domestic,0,0,国家,high,国家資格(法律に基づく),,,,,,,,,,,seed
c-2101,2101,あん摩マッサージ指圧師,あん摩マッサージ指圧師,物療専門職,医療・看護・薬,domestic,0,0,国家,high,国家資格(法律に基づく),,,,,,,,,,,seed
c-2102,2102,はり師,はり師,物療専門職,医療・看護・薬,domestic,0,0,国家,high,国家資格(法律に基づく),,,,,,,,,,,seed
c-2103,2103,きゅう師,きゅう師,物療専門職,医療・看護・薬,domestic,0,0,国家,high,国家資格(法律に基づく),,,,,,,,,,,seed
c-2104,2104,柔道整復師,柔道整復師,物療専門職,医療・看護・薬,domestic,0,0,国家,high,国家資格(法律に基づく),,,,,,,,,,,seed
c-2105,2105,整体師,整体師,物療専門職,医療・看護・薬,domestic,0,0,民間,medium,民間資格,,,,,,,,,,,seed
c-2107,2107,リフレクソロジスト資格,リフレクソロジスト資格,物療専門職,医療・看護・薬,domestic,0,0,民間,medium,民間資格,,,,,,,,,,,seed
c-2108,2108,カイロプラクティック資格,カイロプラクティック資格,物療専門職,医療・看護・薬,domestic,0,0,民間,medium,民間資格,,,,,,,,,,,seed
c-2199,2199,その他の物療関係資格,その他の物療関係資格,物療専門職,医療・看護・薬,domestic,1,0,,,バケット(その他の…),,,,,,,,,,,seed
c-2201,2201,労働衛生コンサルタント,労働衛生コンサルタント,その他の医療・保健衛生,医療・看護・薬,domestic,0,0,国家,high,国家資格(法律に基づく),,,,,,,,,,,seed
c-2202,2202,第一種衛生管理者,第一種衛生管理者,その他の医療・保健衛生,医療・看護・薬,domestic,0,0,国家,high,国家資格(法律に基づく),公益財団法人 安全衛生技術試験協会,https://www.exam.or.jp/,受験資格あり(大学卒＋労働衛生実務1年以上 等の学歴・実務要件),五肢択一・マークシート,"8,800円(2023年改定)",46.3%(令和6年度),各センターで月数回,,,2026-06-18,published
c-2203,2203,第二種衛生管理者,第二種衛生管理者,その他の医療・保健衛生,医療・看護・薬,domestic,0,0,国家,high,国家資格(法律に基づく),公益財団法人 安全衛生技術試験協会,https://www.exam.or.jp/,受験資格あり(学歴に応じた労働衛生の実務経験等),五肢択一・マークシート・30問3時間(有害業務に係るものを除く),"8,800円",,各センターで毎月複数回,,,2026-06-18,published
c-2204,2204,衛生工学衛生管理者,衛生工学衛生管理者,その他の医療・保健衛生,医療・看護・薬,domestic,0,0,国家,high,国家資格(法律に基づく),,,,,,,,,,,seed
c-2205,2205,義肢装具士,義肢装具士,その他の医療・保健衛生,医療・看護・薬,domestic,0,0,国家,high,国家資格(法律に基づく),,,,,,,,,,,seed
c-2206,2206,救急救命士,救急救命士,その他の医療・保健衛生,医療・看護・薬,domestic,0,0,国家,high,国家資格(法律に基づく),厚生労働省,https://www.mhlw.go.jp/kouseiroudoushou/shikaku_shiken/kyukyukyumeishi/,指定養成所で2年以上修得した者、消防職員で所定講習・業務経験を経た者 等,筆記(マークシート)・必修問題＋通常問題,"30,300円",94.4%(第48回・令和7年),年1回(3月),,,2026-06-18,published
c-2207,2207,臨床心理士,臨床心理士,その他の医療・保健衛生,医療・看護・薬,domestic,0,0,民間,medium,民間資格(日本臨床心理士資格認定協会),,,,,,,,,,,seed
c-2209,2209,認知症ケア専門士,認知症ケア専門士,その他の医療・保健衛生,医療・看護・薬,domestic,0,0,要確認,low,未判定(一次情報での確認待ち),,,,,,,,,,,seed
c-2210,2210,公認心理師,公認心理師,その他の医療・保健衛生,医療・看護・薬,domestic,0,0,国家,high,国家資格(法律に基づく),,,,,,,,,,,seed
c-2299,2299,その他の医療・保健衛生関係資格,その他の医療・保健衛生関係資格,その他の医療・保健衛生,医療・看護・薬,domestic,1,0,,,バケット(その他の…),,,,,,,,,,,seed
c-2301,2301,社会福祉士,社会福祉士,福祉・介護,福祉・介護・心理,domestic,0,0,国家,high,国家資格(法律に基づく),公益財団法人 社会福祉振興・試験センター,https://www.sssc.or.jp/shakai/,受験資格あり(福祉系大学の指定科目履修/養成施設修了 等の複数ルート),筆記(五肢択一中心・マークシート)・129問225分,"19,370円(単独受験)",60.7%(第38回・2026年速報),年1回(2月),,,2026-06-18,published
c-2302,2302,介護福祉士,介護福祉士,福祉・介護,福祉・介護・心理,domestic,0,0,国家,high,国家資格(法律に基づく),公益財団法人 社会福祉振興・試験センター,https://www.sssc.or.jp/kaigo/,受験資格あり(実務経験3年＋実務者研修/養成施設卒業 等),筆記のみ(マークシート・13科目125点。実技は第37回より廃止),,78.3%(第37回),年1回(1月),,,2026-06-18,published
c-2303,2303,保育士,保育士,福祉・介護,福祉・介護・心理,domestic,0,0,国家,high,国家資格(法律に基づく),一般社団法人 全国保育士養成協議会(所管:こども家庭庁),https://www.hoyokyo.or.jp/exam/,受験資格あり(学歴・実務経験等の要件),筆記9科目(マークシート)＋実技(3分野中2分野選択),"12,950円",26.3%(令和6年度),年2回(前期・後期),,,2026-06-18,published
c-2304,2304,ホームヘルパー1級,ホームヘルパー１級,福祉・介護,福祉・介護・心理,domestic,0,0,要確認,low,未判定(一次情報での確認待ち),,,,,,,,,,,seed
c-2305,2305,ホームヘルパー2級,ホームヘルパー２級,福祉・介護,福祉・介護・心理,domestic,0,0,要確認,low,未判定(一次情報での確認待ち),,,,,,,,,,,seed
c-2306,2306,ホームヘルパー3級,ホームヘルパー３級,福祉・介護,福祉・介護・心理,domestic,0,0,要確認,low,未判定(一次情報での確認待ち),,,,,,,,,,,seed
c-2307,2307,精神保健福祉士,精神保健福祉士,福祉・介護,福祉・介護・心理,domestic,0,0,国家,high,国家資格(法律に基づく),公益財団法人 社会福祉振興・試験センター,https://www.sssc.or.jp/seishin/,受験資格あり(保健福祉系大学の指定科目履修/養成施設修了 等の複数ルート),筆記(五肢択一中心・マークシート)・専門科目＋共通科目,"24,140円(単独受験)",78.2%(第28回・2026年速報),年1回(1月末〜2月),,,2026-06-18,published
c-2308,2308,介護支援専門員(ケアマネージャー),介護支援専門員（ケアマネージャー）,福祉・介護,福祉・介護・心理,domestic,0,0,公的,medium,介護保険法の都道府県資格(公的),各都道府県(所管:厚生労働省/問題作成:社会福祉振興・試験センター),https://www.mhlw.go.jp/stf/seisakunitsuite/bunya/hukushi_kaigo/kaigo_koureisha/hoken/jissi.html,法定資格(医師・看護師・介護福祉士等)または相談援助業務の実務5年以上かつ900日以上,マークシート(五肢複択)・2分野,,32.1%(第27回・令和6年度),年1回(10月),,,2026-06-18,published
c-2309,2309,手話通訳士,手話通訳士,福祉・介護,福祉・介護・心理,domestic,0,0,公的,medium,厚労省認定(公的),,,,,,,,,,,seed
c-2310,2310,福祉住環境コーディネーター検定,福祉住環境コーディネーター検定,福祉・介護,福祉・介護・心理,domestic,0,0,公的,medium,東京商工会議所の検定(公的),,,,,,,,,,,seed
c-2311,2311,介護職員基礎研修修了者,介護職員基礎研修修了者,福祉・介護,福祉・介護・心理,domestic,0,0,要確認,low,未判定(一次情報での確認待ち),,,,,,,,,,,seed
c-2312,2312,福祉用具専門相談員,福祉用具専門相談員,福祉・介護,福祉・介護・心理,domestic,0,0,要確認,low,未判定(一次情報での確認待ち),,,,,,,,,,,seed
c-2313,2313,介護職員初任者研修修了者,介護職員初任者研修修了者,福祉・介護,福祉・介護・心理,domestic,0,0,要確認,low,未判定(一次情報での確認待ち),,,,,,,,,,,seed
c-2314,2314,介護職員実務者研修修了者,介護職員実務者研修修了者,福祉・介護,福祉・介護・心理,domestic,0,0,要確認,low,未判定(一次情報での確認待ち),,,,,,,,,,,seed
c-2399,2399,その他の福祉・介護関係資格,その他の福祉・介護関係資格,福祉・介護,福祉・介護・心理,domestic,1,0,,,バケット(その他の…),,,,,,,,,,,seed
c-2401,2401,司法試験,司法試験,法務,法律・法務・知財,domestic,0,0,国家,high,国家資格(法律に基づく),,,,,,,,,,,seed
c-2402,2402,司法書士,司法書士,法務,法律・法務・知財,domestic,0,0,国家,high,国家資格(法律に基づく),法務省,https://www.moj.go.jp/shikaku_saiyo_index3.html,制限なし(誰でも受験可),筆記(午前=択一/午後=択一＋記述)＋口述,"8,000円(収入印紙)",約5.2%(令和7年度),年1回(筆記7月・口述10月),,,2026-06-18,published
c-2403,2403,弁理士,弁理士,法務,法律・法務・知財,domestic,0,0,国家,high,国家資格(法律に基づく),特許庁(試験実施=工業所有権審議会),https://www.jpo.go.jp/news/benrishi/index.html,制限なし(誰でも受験可),短答式→論文式(必須・選択)→口述 の3段階,"12,000円(特許印紙)",6.4%(令和7年度),年1回(短答5月・論文6〜7月・口述10月),,,2026-06-18,published
c-2404,2404,海事代理士,海事代理士,法務,法律・法務・知財,domestic,0,0,国家,high,国家資格(法律に基づく),,,,,,,,,,,seed
c-2405,2405,通関士,通関士,法務,法律・法務・知財,domestic,0,0,国家,high,国家資格(法律に基づく),税関(財務省),https://www.customs.go.jp/tsukanshi/,受験資格なし(誰でも受験可),選択式(マークシート)・3科目,"3,000円(収入印紙)",12.4%(第58回・令和6年),年1回(10月),,,2026-06-18,published
c-2406,2406,ビジネス実務法務検定,ビジネス実務法務検定,法務,法律・法務・知財,domestic,0,0,公的,medium,東京商工会議所の検定(公的),,,,,,,,,,,seed
c-2407,2407,知的財産管理技能士1級,知的財産管理技能士１級,法務,法律・法務・知財,domestic,0,0,国家,high,技能検定(国家資格・職業能力開発促進法),,,,,,,,,,,seed
c-2408,2408,知的財産管理技能士2級,知的財産管理技能士２級,法務,法律・法務・知財,domestic,0,0,国家,high,技能検定(国家資格・職業能力開発促進法),知的財産教育協会,https://www.kentei-info-ip-edu.org/exam/,受検資格あり(実務経験2年以上、3級合格者 等のいずれか),学科(マークシート)＋実技(記述・マークシート)。両方合格で技能士,"学科8,200円＋実技8,200円(各非課税)",,年3回(3月・7月・11月),,,2026-06-18,published
c-2409,2409,知的財産管理技能士3級,知的財産管理技能士３級,法務,法律・法務・知財,domestic,0,0,国家,high,技能検定(国家資格・職業能力開発促進法),知的財産教育協会,https://www.kentei-info-ip-edu.org/exam/,受検資格なし(知的財産業務に従事・従事しようとする者),学科(マークシート)＋実技(記述・マークシート)。両方合格で技能士,"学科6,100円＋実技6,100円(各非課税)",,年3回(3月・7月・11月),,,2026-06-18,published
c-2499,2499,その他の法務関係資格,その他の法務関係資格,法務,法律・法務・知財,domestic,1,0,,,バケット(その他の…),,,,,,,,,,,seed
c-2501,2501,公認会計士,公認会計士,経営,会計・金融・経営,domestic,0,0,国家,high,国家資格(法律に基づく),公認会計士・監査審査会(金融庁),https://www.fsa.go.jp/cpaaob/kouninkaikeishi-shiken/,制限なし(誰でも受験可),短答式(マークシート)＋論文式(記述),"19,500円",7.4%(令和6年度),短答 年2回(12月・5月)/論文 年1回(8月),,,2026-06-18,published
c-2503,2503,税理士,税理士,経営,会計・金融・経営,domestic,0,0,国家,high,国家資格(法律に基づく),国税庁(国税審議会),https://www.nta.go.jp/taxes/zeirishi/zeirishishiken/zeirishi.htm,会計科目=受験資格なし/税法科目=学識・資格・職歴等の要件,科目合格制(5科目=会計2＋税法3)・合格科目は生涯有効,"1科目4,000円/2科目5,500円(以後1科目ごと+1,500円・収入印紙)",,年1回(8月),,,2026-06-18,published
c-2504,2504,証券アナリスト(CMA),証券アナリスト（ＣＭＡ）,経営,会計・金融・経営,domestic,0,0,民間,medium,民間資格(日本証券アナリスト協会),,,,,,,,,,,seed
c-2505,2505,ファイナンシャルプランナー(CFP/AFP),ファイナンシャルプランナー（ＣＦＰ／ＡＦＰ）,経営,会計・金融・経営,domestic,0,0,要確認,low,未判定(一次情報での確認待ち),,,,,,,,,,,seed
c-2510,2510,社会保険労務士,社会保険労務士,経営,会計・金融・経営,domestic,0,0,国家,high,国家資格(法律に基づく),全国社会保険労務士会連合会 試験センター,https://www.sharosi-siken.or.jp/,受験資格あり(学歴・実務経験・国家試験合格のいずれか),選択式・択一式(マークシート),"15,000円",5.5%(第57回・令和7年度),年1回(8月),,,2026-06-18,published
c-2511,2511,中小企業診断士,中小企業診断士,経営,会計・金融・経営,domestic,0,0,国家,high,国家資格(法律に基づく),一般社団法人 中小企業診断協会,https://www.j-smeca.jp/contents/007_shiken.html,1次は受験資格なし,1次=7科目・多肢選択式/2次=筆記(事例)＋口述,,,年1回,,,2026-06-18,published
c-2512,2512,アクチュアリー,アクチュアリー,経営,会計・金融・経営,domestic,0,0,民間,medium,民間資格(日本アクチュアリー会),,,,,,,,,,,seed
c-2513,2513,経営労務コンサルタント,経営労務コンサルタント,経営,会計・金融・経営,domestic,0,0,要確認,low,未判定(一次情報での確認待ち),,,,,,,,,,,seed
c-2514,2514,経営コンサルタント(日本生産性本部認定),経営コンサルタント（日本生産性本部認定）,経営,会計・金融・経営,domestic,0,0,要確認,low,未判定(一次情報での確認待ち),,,,,,,,,,,seed
c-2515,2515,1級ファイナンシャル・プランニング技能士,１級ファイナンシャル・プランニング技能士,経営,会計・金融・経営,domestic,0,0,国家,high,技能検定(国家資格・職業能力開発促進法),,,,,,,,,,,seed
c-2516,2516,2級ファイナンシャル・プランニング技能士,２級ファイナンシャル・プランニング技能士,経営,会計・金融・経営,domestic,0,0,国家,high,技能検定(国家資格・職業能力開発促進法),日本FP協会／金融財政事情研究会(きんざい)・国家検定(厚労大臣指定),https://www.jafp.or.jp/exam/,受験資格あり(3級合格/FP実務2年以上/AFP認定研修修了 等),CBT方式。学科=四答択一60問120分／実技=事例形式(きんざい5題90分・FP協会40問90分),"学科5,700円/実技6,000円",,CBT随時,,,2026-06-18,published
c-2517,2517,3級ファイナンシャル・プランニング技能士,３級ファイナンシャル・プランニング技能士,経営,会計・金融・経営,domestic,0,0,国家,high,技能検定(国家資格・職業能力開発促進法),日本FP協会／金融財政事情研究会(きんざい)・国家検定(厚労大臣指定),https://www.jafp.or.jp/exam/,FP業務に従事/従事しようとする者(実質誰でも),CBT方式。学科=四答択一60問90分／実技(FP協会20問60分),"学科・実技 各4,000円",,CBT随時,,,2026-06-18,published
c-2599,2599,その他の経営関係資格,その他の経営関係資格,経営,会計・金融・経営,domestic,1,0,,,バケット(その他の…),,,,,,,,,,,seed
c-2601,2601,幼稚園教諭免許(専修・1種・2種),幼稚園教諭免許（専修・１種・２種）,幼稚園・学校教諭免許,教育・保育・学術,domestic,0,0,国家,high,免許(国家資格),,,,,,,,,,,seed
c-2602,2602,小学校教諭免許(専修・1種・2種),小学校教諭免許（専修・１種・２種）,幼稚園・学校教諭免許,教育・保育・学術,domestic,0,0,国家,high,免許(国家資格),,,,,,,,,,,seed
c-2603,2603,中学校教諭免許(専修・1種・2種),中学校教諭免許（専修・１種・２種）,幼稚園・学校教諭免許,教育・保育・学術,domestic,0,0,国家,high,免許(国家資格),,,,,,,,,,,seed
c-2604,2604,高等学校教諭免許(専修・1種),高等学校教諭免許（専修・１種）,幼稚園・学校教諭免許,教育・保育・学術,domestic,0,0,国家,high,免許(国家資格),,,,,,,,,,,seed
c-2608,2608,養護教諭免許(専修・1種・2種),養護教諭免許（専修・１種・２種）,幼稚園・学校教諭免許,教育・保育・学術,domestic,0,0,国家,high,免許(国家資格),,,,,,,,,,,seed
c-2609,2609,特別支援学校教諭免許(専修・1種・2種),特別支援学校教諭免許（専修・１種・２種）,幼稚園・学校教諭免許,教育・保育・学術,domestic,0,0,国家,high,免許(国家資格),,,,,,,,,,,seed
c-2610,2610,社会教育主事,社会教育主事,幼稚園・学校教諭免許,教育・保育・学術,domestic,0,0,国家,high,国家資格(法律に基づく),,,,,,,,,,,seed
c-2701,2701,司書,司書,博物館・図書館専門職,教育・保育・学術,domestic,0,0,国家,high,国家資格(法律に基づく),,,,,,,,,,,seed
c-2702,2702,司書補,司書補,博物館・図書館専門職,教育・保育・学術,domestic,0,0,国家,high,国家資格(法律に基づく),,,,,,,,,,,seed
c-2703,2703,学芸員,学芸員,博物館・図書館専門職,教育・保育・学術,domestic,0,0,国家,high,国家資格(法律に基づく),,,,,,,,,,,seed
c-2704,2704,学芸員補,学芸員補,博物館・図書館専門職,教育・保育・学術,domestic,0,0,国家,high,国家資格(法律に基づく),,,,,,,,,,,seed
c-2801,2801,看護教員,看護教員,専修・各種学校教員,教育・保育・学術,domestic,0,0,要確認,low,未判定(一次情報での確認待ち),,,,,,,,,,,seed
c-2802,2802,職業訓練指導員免許,職業訓練指導員免許,専修・各種学校教員,教育・保育・学術,domestic,0,0,国家,high,免許(国家資格),,,,,,,,,,,seed
c-2803,2803,指定自動車教習所指導員,指定自動車教習所指導員,専修・各種学校教員,教育・保育・学術,domestic,0,0,要確認,low,未判定(一次情報での確認待ち),,,,,,,,,,,seed
c-2804,2804,専修学校教員認定,専修学校教員認定,専修・各種学校教員,教育・保育・学術,domestic,0,0,要確認,low,未判定(一次情報での確認待ち),,,,,,,,,,,seed
c-2805,2805,専修学校准教員認定,専修学校准教員認定,専修・各種学校教員,教育・保育・学術,domestic,0,0,要確認,low,未判定(一次情報での確認待ち),,,,,,,,,,,seed
c-2811,2811,日本語教師養成講座修了(420時間),日本語教師養成講座修了（４２０時間）,専修・各種学校教員,教育・保育・学術,domestic,0,0,要確認,low,未判定(一次情報での確認待ち),,,,,,,,,,,seed
c-2813,2813,日本語教育能力検定試験,日本語教育能力検定試験,専修・各種学校教員,教育・保育・学術,domestic,0,0,要確認,low,未判定(一次情報での確認待ち),,,,,,,,,,,seed
c-2899,2899,その他の専修・各種学校教員関係資格,その他の専修・各種学校教員関係資格,専修・各種学校教員,教育・保育・学術,domestic,1,0,,,バケット(その他の…),,,,,,,,,,,seed
c-2901,2901,社会体育指導者(地域スポーツ指導者)(初級),社会体育指導者（地域スポーツ指導者）（初級）,スポーツ等指導,美容・サービス・スポーツ,domestic,0,0,要確認,low,未判定(一次情報での確認待ち),,,,,,,,,,,seed
c-2902,2902,社会体育指導者(地域スポーツ指導者)(中級),社会体育指導者（地域スポーツ指導者）（中級）,スポーツ等指導,美容・サービス・スポーツ,domestic,0,0,要確認,low,未判定(一次情報での確認待ち),,,,,,,,,,,seed
c-2903,2903,社会体育指導者(地域スポーツ指導者)(上級),社会体育指導者（地域スポーツ指導者）（上級）,スポーツ等指導,美容・サービス・スポーツ,domestic,0,0,要確認,low,未判定(一次情報での確認待ち),,,,,,,,,,,seed
c-2904,2904,社会体育指導者(競争力向上指導者)(初級),社会体育指導者（競争力向上指導者）（初級）,スポーツ等指導,美容・サービス・スポーツ,domestic,0,0,要確認,low,未判定(一次情報での確認待ち),,,,,,,,,,,seed
c-2905,2905,社会体育指導者(競争力向上指導者)(中級),社会体育指導者（競争力向上指導者）（中級）,スポーツ等指導,美容・サービス・スポーツ,domestic,0,0,要確認,low,未判定(一次情報での確認待ち),,,,,,,,,,,seed
c-2906,2906,社会体育指導者(競争力向上指導者)(上級),社会体育指導者（競争力向上指導者）（上級）,スポーツ等指導,美容・サービス・スポーツ,domestic,0,0,要確認,low,未判定(一次情報での確認待ち),,,,,,,,,,,seed
c-2907,2907,社会体育指導者(商業スポーツ指導)(初級),社会体育指導者（商業スポーツ指導）（初級）,スポーツ等指導,美容・サービス・スポーツ,domestic,0,0,要確認,low,未判定(一次情報での確認待ち),,,,,,,,,,,seed
c-2908,2908,社会体育指導者(商業スポーツ指導)(中級),社会体育指導者（商業スポーツ指導）（中級）,スポーツ等指導,美容・サービス・スポーツ,domestic,0,0,要確認,low,未判定(一次情報での確認待ち),,,,,,,,,,,seed
c-2909,2909,社会体育指導者(商業スポーツ指導)(上級),社会体育指導者（商業スポーツ指導）（上級）,スポーツ等指導,美容・サービス・スポーツ,domestic,0,0,要確認,low,未判定(一次情報での確認待ち),,,,,,,,,,,seed
c-2910,2910,スポーツプログラマー,スポーツプログラマー,スポーツ等指導,美容・サービス・スポーツ,domestic,0,0,要確認,low,未判定(一次情報での確認待ち),,,,,,,,,,,seed
c-2911,2911,フィットネストレーナー,フィットネストレーナー,スポーツ等指導,美容・サービス・スポーツ,domestic,0,0,要確認,low,未判定(一次情報での確認待ち),,,,,,,,,,,seed
c-2912,2912,健康運動指導士,健康運動指導士,スポーツ等指導,美容・サービス・スポーツ,domestic,0,0,要確認,low,未判定(一次情報での確認待ち),,,,,,,,,,,seed
c-2913,2913,健康運動実践指導者,健康運動実践指導者,スポーツ等指導,美容・サービス・スポーツ,domestic,0,0,要確認,low,未判定(一次情報での確認待ち),,,,,,,,,,,seed
c-2914,2914,レクリエーション・インストラクター/コーディネーター,レクリエーション・インストラクター／コーディネーター,スポーツ等指導,美容・サービス・スポーツ,domestic,0,0,要確認,low,未判定(一次情報での確認待ち),,,,,,,,,,,seed
c-2915,2915,エアロビエクササイズインストラクター,エアロビエクササイズインストラクター,スポーツ等指導,美容・サービス・スポーツ,domestic,0,0,要確認,low,未判定(一次情報での確認待ち),,,,,,,,,,,seed
c-2916,2916,健康管理士一般指導員,健康管理士一般指導員,スポーツ等指導,美容・サービス・スポーツ,domestic,0,0,要確認,low,未判定(一次情報での確認待ち),,,,,,,,,,,seed
c-2917,2917,健康管理士上級指導員,健康管理士上級指導員,スポーツ等指導,美容・サービス・スポーツ,domestic,0,0,要確認,low,未判定(一次情報での確認待ち),,,,,,,,,,,seed
c-2999,2999,その他のスポーツ等指導関係資格,その他のスポーツ等指導関係資格,スポーツ等指導,美容・サービス・スポーツ,domestic,1,0,,,バケット(その他の…),,,,,,,,,,,seed
c-3001,3001,1級フラワー装飾技能士,１級フラワー装飾技能士,美術・音楽等,デザイン・美術・文化,domestic,0,0,国家,high,技能検定(国家資格・職業能力開発促進法),,,,,,,,,,,seed
c-3002,3002,2級フラワー装飾技能士,２級フラワー装飾技能士,美術・音楽等,デザイン・美術・文化,domestic,0,0,国家,high,技能検定(国家資格・職業能力開発促進法),,,,,,,,,,,seed
c-3003,3003,カラーコーディネーター(1~2級),カラーコーディネーター（１～２級）,美術・音楽等,デザイン・美術・文化,domestic,0,0,公的,medium,東京商工会議所の検定(公的),,,,,,,,,,,seed
c-3004,3004,色彩検定,色彩検定,美術・音楽等,デザイン・美術・文化,domestic,0,0,公的,medium,文科省後援(公的・出典により揺れ),公益社団法人 色彩検定協会(AFT・文部科学省後援),https://www.aft.or.jp/exam-orders,制限なし(何級からでも受検可),1〜3級・UC級(マークシート中心。1級は1次・2次),,2級72.17%(令和5年度),年2回(夏期・冬期),,,2026-06-18,published
c-3005,3005,POP検定(等級なし又は旧1級),ＰＯＰ検定（等級なし又は旧１級）,美術・音楽等,デザイン・美術・文化,domestic,0,0,要確認,low,未判定(一次情報での確認待ち),,,,,,,,,,,seed
c-3006,3006,POP検定(等級なし又は旧2級),ＰＯＰ検定（等級なし又は旧２級）,美術・音楽等,デザイン・美術・文化,domestic,0,0,要確認,low,未判定(一次情報での確認待ち),,,,,,,,,,,seed
c-3007,3007,POP検定(等級なし又は旧3級),ＰＯＰ検定（等級なし又は旧３級）,美術・音楽等,デザイン・美術・文化,domestic,0,0,要確認,low,未判定(一次情報での確認待ち),,,,,,,,,,,seed
c-3009,3009,CGクリエイター検定エキスパート,ＣＧクリエイター検定エキスパート,美術・音楽等,デザイン・美術・文化,domestic,0,0,要確認,low,未判定(一次情報での確認待ち),,,,,,,,,,,seed
c-3010,3010,CGクリエイター検定ベーシック,ＣＧクリエイター検定ベーシック,美術・音楽等,デザイン・美術・文化,domestic,0,0,要確認,low,未判定(一次情報での確認待ち),,,,,,,,,,,seed
c-3012,3012,1級園芸装飾技能士,１級園芸装飾技能士,美術・音楽等,デザイン・美術・文化,domestic,0,0,国家,high,技能検定(国家資格・職業能力開発促進法),,,,,,,,,,,seed
c-3013,3013,2級園芸装飾技能士,２級園芸装飾技能士,美術・音楽等,デザイン・美術・文化,domestic,0,0,国家,high,技能検定(国家資格・職業能力開発促進法),,,,,,,,,,,seed
c-3014,3014,3級園芸装飾技能士,３級園芸装飾技能士,美術・音楽等,デザイン・美術・文化,domestic,0,0,国家,high,技能検定(国家資格・職業能力開発促進法),,,,,,,,,,,seed
c-3015,3015,MIDI検定1級,ＭＩＤＩ検定１級,美術・音楽等,デザイン・美術・文化,domestic,0,0,要確認,low,未判定(一次情報での確認待ち),,,,,,,,,,,seed
c-3016,3016,MIDI検定2級,ＭＩＤＩ検定２級,美術・音楽等,デザイン・美術・文化,domestic,0,0,要確認,low,未判定(一次情報での確認待ち),,,,,,,,,,,seed
c-3017,3017,MIDI検定3級,ＭＩＤＩ検定３級,美術・音楽等,デザイン・美術・文化,domestic,0,0,要確認,low,未判定(一次情報での確認待ち),,,,,,,,,,,seed
c-3099,3099,その他の美術・音楽等関係資格,その他の美術・音楽等関係資格,美術・音楽等,デザイン・美術・文化,domestic,1,0,,,バケット(その他の…),,,,,,,,,,,seed
c-3104,3104,キャリアカウンセラー/アドバイザー,キャリアカウンセラー／アドバイザー,カウンセリング,福祉・介護・心理,domestic,0,0,要確認,low,未判定(一次情報での確認待ち),,,,,,,,,,,seed
c-3105,3105,キッチンスペシャリスト,キッチンスペシャリスト,カウンセリング,福祉・介護・心理,domestic,0,0,要確認,low,未判定(一次情報での確認待ち),,,,,,,,,,,seed
c-3106,3106,消費生活アドバイザー,消費生活アドバイザー,カウンセリング,福祉・介護・心理,domestic,0,0,要確認,low,未判定(一次情報での確認待ち),,,,,,,,,,,seed
c-3107,3107,1級キャリアコンサルティング技能士,１級キャリアコンサルティング技能士,カウンセリング,福祉・介護・心理,domestic,0,0,国家,high,技能検定(国家資格・職業能力開発促進法),,,,,,,,,,,seed
c-3108,3108,2級キャリアコンサルティング技能士,２級キャリアコンサルティング技能士,カウンセリング,福祉・介護・心理,domestic,0,0,国家,high,技能検定(国家資格・職業能力開発促進法),,,,,,,,,,,seed
c-3109,3109,心理カウンセラー,心理カウンセラー,カウンセリング,福祉・介護・心理,domestic,0,0,民間,medium,民間資格,,,,,,,,,,,seed
c-3110,3110,産業カウンセラー,産業カウンセラー,カウンセリング,福祉・介護・心理,domestic,0,0,民間,medium,民間資格(日本産業カウンセラー協会),,,,,,,,,,,seed
c-3111,3111,シニア産業カウンセラー,シニア産業カウンセラー,カウンセリング,福祉・介護・心理,domestic,0,0,民間,medium,民間資格(日本産業カウンセラー協会),,,,,,,,,,,seed
c-3112,3112,キャリアコンサルタント,キャリアコンサルタント,カウンセリング,福祉・介護・心理,domestic,0,0,国家,high,国家資格(法律に基づく),,,,,,,,,,,seed
c-3199,3199,その他のカウンセリング関係資格,その他のカウンセリング関係資格,カウンセリング,福祉・介護・心理,domestic,1,0,,,バケット(その他の…),,,,,,,,,,,seed
c-3201,3201,不動産鑑定士,不動産鑑定士,不動産関連,不動産,domestic,0,0,国家,high,国家資格(法律に基づく),国土交通省 土地鑑定委員会,https://www.mlit.go.jp/totikensangyo/kanteishi/shiken.html,受験資格なし(誰でも受験可),短答式(択一・2科目)＋論文式(民法・経済学・会計学・鑑定評価理論),"13,000円(書面)/12,800円(電子申請)",17.6%(令和7年・論文式),年1回(短答式5月・論文式8月),,,2026-06-18,published
c-3202,3202,不動産鑑定士補,不動産鑑定士補,不動産関連,不動産,domestic,0,0,国家,high,国家資格(法律に基づく),,,,,,,,,,,seed
c-3203,3203,土地家屋調査士,土地家屋調査士,不動産関連,不動産,domestic,0,0,国家,high,国家資格(法律に基づく),法務省,https://www.moj.go.jp/shikaku_saiyo_index5.html,受験資格なし(誰でも受験可),筆記(午前・午後、多肢択一式＋記述式)＋口述試験,"8,300円(収入印紙)",,年1回(筆記10月・口述翌年1月),,,2026-06-18,published
c-3204,3204,土地改良換地士,土地改良換地士,不動産関連,不動産,domestic,0,0,国家,high,国家資格(法律に基づく),,,,,,,,,,,seed
c-3205,3205,土地区画整理士,土地区画整理士,不動産関連,不動産,domestic,0,0,国家,high,国家資格(法律に基づく),,,,,,,,,,,seed
c-3206,3206,不動産コンサルティング技能登録,不動産コンサルティング技能登録,不動産関連,不動産,domestic,0,0,要確認,low,未判定(一次情報での確認待ち),,,,,,,,,,,seed
c-3207,3207,宅地建物取引士(旧:宅地建物取引主任者),宅地建物取引士（旧：宅地建物取引主任者）,不動産関連,不動産,domestic,0,0,国家,high,宅地建物取引業法(国家資格),一般財団法人 不動産適正取引推進機構,https://www.retio.or.jp/exam/,受験資格なし(誰でも受験可),50問・四肢択一(マークシート)・2時間,"8,200円",18.7%(令和7年度),年1回(10月),,,2026-06-18,published
c-3208,3208,マンションリフォームマネジャー,マンションリフォームマネジャー,不動産関連,不動産,domestic,0,0,要確認,low,未判定(一次情報での確認待ち),,,,,,,,,,,seed
c-3209,3209,マンション管理士,マンション管理士,不動産関連,不動産,domestic,0,0,国家,high,国家資格(法律に基づく),公益財団法人 マンション管理センター,https://www.mankan.org/,制限なし(誰でも受験可),50問・四肢択一(マークシート),,12.7%(令和6年度),年1回(11月),,,2026-06-18,published
c-3210,3210,管理業務主任者,管理業務主任者,不動産関連,不動産,domestic,0,0,国家,high,国家資格(法律に基づく),一般社団法人 マンション管理業協会,https://www.kanrikyo.or.jp/kanri/siken.html,受験資格なし(誰でも受験可),50問・四肢択一(マークシート),"8,900円",21.9%(令和5年度),年1回(12月),,,2026-06-18,published
c-3299,3299,その他の不動産関係資格,その他の不動産関係資格,不動産関連,不動産,domestic,1,0,,,バケット(その他の…),,,,,,,,,,,seed
c-3301,3301,通訳案内士,通訳案内士,翻訳・語学,語学・コミュニケーション,domestic,0,0,国家,high,国家資格(法律に基づく),観光庁(試験事務代行:JNTO),https://www.jnto.go.jp/projects/visitor-support/interpreter-guide-exams/,受験資格なし(誰でも受験可),1次筆記(外国語・日本地理・日本歴史・一般常識・通訳案内の実務)＋2次口述,"一カ国語14,850円/二カ国語29,700円",15.7%(2025年度・最終),年1回(1次8月・2次12月),,,2026-06-18,published
c-3307,3307,実用英語技能検定1級,実用英語技能検定１級,翻訳・語学,語学・コミュニケーション,domestic,0,0,公的,medium,文科省後援(公的・出典により揺れ),,,,,,,,,,,seed
c-3308,3308,実用英語技能検定準1級,実用英語技能検定準１級,翻訳・語学,語学・コミュニケーション,domestic,0,0,公的,medium,文科省後援(公的・出典により揺れ),,,,,,,,,,,seed
c-3309,3309,実用英語技能検定2級,実用英語技能検定２級,翻訳・語学,語学・コミュニケーション,domestic,0,0,公的,medium,文科省後援(公的・出典により揺れ),公益財団法人 日本英語検定協会,https://www.eiken.or.jp/eiken/exam/grade_2/,制限なし(誰でも受験可),一次=筆記(リーディング・ライティング)＋リスニング/二次=面接,,,年3回＋S-CBT,,,2026-06-18,published
c-3313,3313,工業英語能力検定1級,工業英語能力検定１級,翻訳・語学,語学・コミュニケーション,domestic,0,0,要確認,low,未判定(一次情報での確認待ち),,,,,,,,,,,seed
c-3314,3314,工業英語能力検定2級,工業英語能力検定２級,翻訳・語学,語学・コミュニケーション,domestic,0,0,要確認,low,未判定(一次情報での確認待ち),,,,,,,,,,,seed
c-3315,3315,工業英語能力検定3級,工業英語能力検定３級,翻訳・語学,語学・コミュニケーション,domestic,0,0,要確認,low,未判定(一次情報での確認待ち),,,,,,,,,,,seed
c-3316,3316,工業英語能力検定4級,工業英語能力検定４級,翻訳・語学,語学・コミュニケーション,domestic,0,0,要確認,low,未判定(一次情報での確認待ち),,,,,,,,,,,seed
c-3322,3322,TOEIC(730点~),ＴＯＥＩＣ（７３０点～）,翻訳・語学,語学・コミュニケーション,domestic,0,0,民間,medium,民間試験(ETS/IIBC),,,,,,,,,,,seed
c-3323,3323,TOEIC(600点~),ＴＯＥＩＣ（６００点～）,翻訳・語学,語学・コミュニケーション,domestic,0,0,民間,medium,民間試験(ETS/IIBC),,,,,,,,,,,seed
c-3324,3324,TOEIC(470点~),ＴＯＥＩＣ（４７０点～）,翻訳・語学,語学・コミュニケーション,domestic,0,0,民間,medium,民間試験(ETS/IIBC),,,,,,,,,,,seed
c-3325,3325,実用フランス語技能検定1級,実用フランス語技能検定１級,翻訳・語学,語学・コミュニケーション,domestic,0,0,要確認,low,未判定(一次情報での確認待ち),,,,,,,,,,,seed
c-3326,3326,実用フランス語技能検定2級,実用フランス語技能検定２級,翻訳・語学,語学・コミュニケーション,domestic,0,0,要確認,low,未判定(一次情報での確認待ち),,,,,,,,,,,seed
c-3327,3327,ドイツ語技能検定1級,ドイツ語技能検定１級,翻訳・語学,語学・コミュニケーション,domestic,0,0,要確認,low,未判定(一次情報での確認待ち),,,,,,,,,,,seed
c-3328,3328,ドイツ語技能検定2級,ドイツ語技能検定２級,翻訳・語学,語学・コミュニケーション,domestic,0,0,要確認,low,未判定(一次情報での確認待ち),,,,,,,,,,,seed
c-3329,3329,中国語検定1級,中国語検定１級,翻訳・語学,語学・コミュニケーション,domestic,0,0,要確認,low,未判定(一次情報での確認待ち),,,,,,,,,,,seed
c-3330,3330,中国語検定2級,中国語検定２級,翻訳・語学,語学・コミュニケーション,domestic,0,0,要確認,low,未判定(一次情報での確認待ち),,,,,,,,,,,seed
c-3331,3331,ハングル能力検定1級,ハングル能力検定１級,翻訳・語学,語学・コミュニケーション,domestic,0,0,要確認,low,未判定(一次情報での確認待ち),,,,,,,,,,,seed
c-3332,3332,ハングル能力検定2級,ハングル能力検定２級,翻訳・語学,語学・コミュニケーション,domestic,0,0,要確認,low,未判定(一次情報での確認待ち),,,,,,,,,,,seed
c-3333,3333,ビジネス中国語検定(A・B),ビジネス中国語検定（Ａ・Ｂ）,翻訳・語学,語学・コミュニケーション,domestic,0,0,要確認,low,未判定(一次情報での確認待ち),,,,,,,,,,,seed
c-3334,3334,HSK漢語水平考試,ＨＳＫ漢語水平考試,翻訳・語学,語学・コミュニケーション,domestic,0,0,要確認,low,未判定(一次情報での確認待ち),,,,,,,,,,,seed
c-3335,3335,日商ビジネス英語検定1級,日商ビジネス英語検定１級,翻訳・語学,語学・コミュニケーション,domestic,0,0,公的,medium,商工会議所の検定(公的),,,,,,,,,,,seed
c-3336,3336,日商ビジネス英語検定2級,日商ビジネス英語検定２級,翻訳・語学,語学・コミュニケーション,domestic,0,0,公的,medium,商工会議所の検定(公的),,,,,,,,,,,seed
c-3337,3337,日商ビジネス英語検定3級,日商ビジネス英語検定３級,翻訳・語学,語学・コミュニケーション,domestic,0,0,公的,medium,商工会議所の検定(公的),,,,,,,,,,,seed
c-3338,3338,全商英語検定1級,全商英語検定１級,翻訳・語学,語学・コミュニケーション,domestic,0,0,要確認,low,未判定(一次情報での確認待ち),,,,,,,,,,,seed
c-3339,3339,全商英語検定2級,全商英語検定２級,翻訳・語学,語学・コミュニケーション,domestic,0,0,要確認,low,未判定(一次情報での確認待ち),,,,,,,,,,,seed
c-3399,3399,その他の翻訳・語学関係資格,その他の翻訳・語学関係資格,翻訳・語学,語学・コミュニケーション,domestic,1,0,,,バケット(その他の…),,,,,,,,,,,seed
c-3401,3401,秘書検定1級,秘書検定１級,秘書技能,語学・コミュニケーション,domestic,0,0,公的,medium,文科省後援(公的・出典により揺れ),,,,,,,,,,,seed
c-3402,3402,秘書検定2級,秘書検定２級,秘書技能,語学・コミュニケーション,domestic,0,0,公的,medium,文科省後援(公的・出典により揺れ),公益財団法人 実務技能検定協会,https://jitsumu-kentei.jp/HS/index,受験資格なし(誰でも受験可),理論・実技の2領域(各60%以上で合格)。2級は筆記のみ(面接なし),,,,,,2026-06-18,published
c-3403,3403,秘書検定3級,秘書検定３級,秘書技能,語学・コミュニケーション,domestic,0,0,公的,medium,文科省後援(公的・出典により揺れ),,,,,,,,,,,seed
c-3404,3404,CBS(国際秘書)検定,ＣＢＳ（国際秘書）検定,秘書技能,語学・コミュニケーション,domestic,0,0,要確認,low,未判定(一次情報での確認待ち),,,,,,,,,,,seed
c-3405,3405,医療秘書技能検定1級,医療秘書技能検定１級,秘書技能,語学・コミュニケーション,domestic,0,0,要確認,low,未判定(一次情報での確認待ち),,,,,,,,,,,seed
c-3406,3406,医療秘書技能検定2級,医療秘書技能検定２級,秘書技能,語学・コミュニケーション,domestic,0,0,要確認,low,未判定(一次情報での確認待ち),,,,,,,,,,,seed
c-3407,3407,医療秘書技能検定3級,医療秘書技能検定３級,秘書技能,語学・コミュニケーション,domestic,0,0,要確認,low,未判定(一次情報での確認待ち),,,,,,,,,,,seed
c-3499,3499,その他の秘書技能関係資格,その他の秘書技能関係資格,秘書技能,語学・コミュニケーション,domestic,1,0,,,バケット(その他の…),,,,,,,,,,,seed
c-3501,3501,速記技能検定,速記技能検定,筆記技能,語学・コミュニケーション,domestic,0,0,要確認,low,未判定(一次情報での確認待ち),,,,,,,,,,,seed
c-3503,3503,毛筆書写技能検定1級,毛筆書写技能検定１級,筆記技能,語学・コミュニケーション,domestic,0,0,要確認,low,未判定(一次情報での確認待ち),,,,,,,,,,,seed
c-3504,3504,毛筆書写技能検定2級,毛筆書写技能検定２級,筆記技能,語学・コミュニケーション,domestic,0,0,要確認,low,未判定(一次情報での確認待ち),,,,,,,,,,,seed
c-3505,3505,毛筆書写技能検定3級,毛筆書写技能検定３級,筆記技能,語学・コミュニケーション,domestic,0,0,要確認,low,未判定(一次情報での確認待ち),,,,,,,,,,,seed
c-3506,3506,毛筆書写技能検定4級,毛筆書写技能検定４級,筆記技能,語学・コミュニケーション,domestic,0,0,要確認,low,未判定(一次情報での確認待ち),,,,,,,,,,,seed
c-3507,3507,硬筆書写技能検定1級,硬筆書写技能検定１級,筆記技能,語学・コミュニケーション,domestic,0,0,要確認,low,未判定(一次情報での確認待ち),,,,,,,,,,,seed
c-3508,3508,硬筆書写技能検定2級,硬筆書写技能検定２級,筆記技能,語学・コミュニケーション,domestic,0,0,要確認,low,未判定(一次情報での確認待ち),,,,,,,,,,,seed
c-3509,3509,硬筆書写技能検定3級,硬筆書写技能検定３級,筆記技能,語学・コミュニケーション,domestic,0,0,要確認,low,未判定(一次情報での確認待ち),,,,,,,,,,,seed
c-3510,3510,硬筆書写技能検定4級,硬筆書写技能検定４級,筆記技能,語学・コミュニケーション,domestic,0,0,要確認,low,未判定(一次情報での確認待ち),,,,,,,,,,,seed
c-3511,3511,日本漢字能力検定1級,日本漢字能力検定１級,筆記技能,語学・コミュニケーション,domestic,0,0,公的,medium,文科省後援(公的・出典により揺れ),,,,,,,,,,,seed
c-3512,3512,日本漢字能力検定2級,日本漢字能力検定２級,筆記技能,語学・コミュニケーション,domestic,0,0,公的,medium,文科省後援(公的・出典により揺れ),公益財団法人 日本漢字能力検定協会,https://www.kanken.or.jp/kanken/individual/,受検資格なし(誰でも受検可),紙(公開会場)/CBT/オンライン。200点満点,"5,200円(税込・2026年度公開会場)",29.0%(2024年度),年3回(おおむね6月・10月・2月),,,2026-06-18,published
c-3513,3513,ビジネス文書検定1級,ビジネス文書検定１級,筆記技能,語学・コミュニケーション,domestic,0,0,要確認,low,未判定(一次情報での確認待ち),,,,,,,,,,,seed
c-3514,3514,ビジネス文書検定2級,ビジネス文書検定２級,筆記技能,語学・コミュニケーション,domestic,0,0,要確認,low,未判定(一次情報での確認待ち),,,,,,,,,,,seed
c-3515,3515,ビジネス文書検定3級,ビジネス文書検定３級,筆記技能,語学・コミュニケーション,domestic,0,0,要確認,low,未判定(一次情報での確認待ち),,,,,,,,,,,seed
c-3521,3521,ビジネス能力検定ジョブパス1級,ビジネス能力検定ジョブパス１級,筆記技能,語学・コミュニケーション,domestic,0,0,要確認,low,未判定(一次情報での確認待ち),,,,,,,,,,,seed
c-3522,3522,ビジネス能力検定ジョブパス2級,ビジネス能力検定ジョブパス２級,筆記技能,語学・コミュニケーション,domestic,0,0,要確認,low,未判定(一次情報での確認待ち),,,,,,,,,,,seed
c-3523,3523,ビジネス能力検定ジョブパス3級,ビジネス能力検定ジョブパス３級,筆記技能,語学・コミュニケーション,domestic,0,0,要確認,low,未判定(一次情報での確認待ち),,,,,,,,,,,seed
c-3524,3524,日本語検定1級,日本語検定１級,筆記技能,語学・コミュニケーション,domestic,0,0,要確認,low,未判定(一次情報での確認待ち),,,,,,,,,,,seed
c-3525,3525,日本語検定準1級,日本語検定準１級,筆記技能,語学・コミュニケーション,domestic,0,0,要確認,low,未判定(一次情報での確認待ち),,,,,,,,,,,seed
c-3526,3526,日本語検定2級,日本語検定２級,筆記技能,語学・コミュニケーション,domestic,0,0,要確認,low,未判定(一次情報での確認待ち),,,,,,,,,,,seed
c-3527,3527,日本語検定準2級,日本語検定準２級,筆記技能,語学・コミュニケーション,domestic,0,0,要確認,low,未判定(一次情報での確認待ち),,,,,,,,,,,seed
c-3528,3528,日本語検定3級,日本語検定３級,筆記技能,語学・コミュニケーション,domestic,0,0,要確認,low,未判定(一次情報での確認待ち),,,,,,,,,,,seed
c-3529,3529,日本語検定準3級,日本語検定準３級,筆記技能,語学・コミュニケーション,domestic,0,0,要確認,low,未判定(一次情報での確認待ち),,,,,,,,,,,seed
c-3530,3530,日本語検定4級,日本語検定４級,筆記技能,語学・コミュニケーション,domestic,0,0,要確認,low,未判定(一次情報での確認待ち),,,,,,,,,,,seed
c-3531,3531,日本語検定準4級,日本語検定準４級,筆記技能,語学・コミュニケーション,domestic,0,0,要確認,low,未判定(一次情報での確認待ち),,,,,,,,,,,seed
c-3532,3532,日本語検定5級,日本語検定５級,筆記技能,語学・コミュニケーション,domestic,0,0,要確認,low,未判定(一次情報での確認待ち),,,,,,,,,,,seed
c-3533,3533,日本語検定準5級,日本語検定準５級,筆記技能,語学・コミュニケーション,domestic,0,0,要確認,low,未判定(一次情報での確認待ち),,,,,,,,,,,seed
c-3534,3534,日本語検定6級,日本語検定６級,筆記技能,語学・コミュニケーション,domestic,0,0,要確認,low,未判定(一次情報での確認待ち),,,,,,,,,,,seed
c-3535,3535,日本語検定準6級,日本語検定準６級,筆記技能,語学・コミュニケーション,domestic,0,0,要確認,low,未判定(一次情報での確認待ち),,,,,,,,,,,seed
c-3536,3536,日本語検定7級,日本語検定７級,筆記技能,語学・コミュニケーション,domestic,0,0,要確認,low,未判定(一次情報での確認待ち),,,,,,,,,,,seed
c-3537,3537,日本語検定準7級,日本語検定準７級,筆記技能,語学・コミュニケーション,domestic,0,0,要確認,low,未判定(一次情報での確認待ち),,,,,,,,,,,seed
c-3599,3599,その他の筆記技能関係資格,その他の筆記技能関係資格,筆記技能,語学・コミュニケーション,domestic,1,0,,,バケット(その他の…),,,,,,,,,,,seed
c-3601,3601,珠算能力検定10段,珠算能力検定１０段,会計事務,会計・金融・経営,domestic,0,0,公的,medium,商工会議所の検定(公的),,,,,,,,,,,seed
c-3602,3602,珠算能力検定9段,珠算能力検定９段,会計事務,会計・金融・経営,domestic,0,0,公的,medium,商工会議所の検定(公的),,,,,,,,,,,seed
c-3603,3603,珠算能力検定8段,珠算能力検定８段,会計事務,会計・金融・経営,domestic,0,0,公的,medium,商工会議所の検定(公的),,,,,,,,,,,seed
c-3604,3604,珠算能力検定7段,珠算能力検定７段,会計事務,会計・金融・経営,domestic,0,0,公的,medium,商工会議所の検定(公的),,,,,,,,,,,seed
c-3605,3605,珠算能力検定6段,珠算能力検定６段,会計事務,会計・金融・経営,domestic,0,0,公的,medium,商工会議所の検定(公的),,,,,,,,,,,seed
c-3606,3606,珠算能力検定5段,珠算能力検定５段,会計事務,会計・金融・経営,domestic,0,0,公的,medium,商工会議所の検定(公的),,,,,,,,,,,seed
c-3607,3607,珠算能力検定4段,珠算能力検定４段,会計事務,会計・金融・経営,domestic,0,0,公的,medium,商工会議所の検定(公的),,,,,,,,,,,seed
c-3608,3608,珠算能力検定3段,珠算能力検定３段,会計事務,会計・金融・経営,domestic,0,0,公的,medium,商工会議所の検定(公的),,,,,,,,,,,seed
c-3609,3609,珠算能力検定2段,珠算能力検定２段,会計事務,会計・金融・経営,domestic,0,0,公的,medium,商工会議所の検定(公的),,,,,,,,,,,seed
c-3610,3610,珠算能力検定初段,珠算能力検定初段,会計事務,会計・金融・経営,domestic,0,0,公的,medium,商工会議所の検定(公的),,,,,,,,,,,seed
c-3611,3611,珠算能力検定1級,珠算能力検定１級,会計事務,会計・金融・経営,domestic,0,0,公的,medium,商工会議所の検定(公的),,,,,,,,,,,seed
c-3612,3612,珠算能力検定2級,珠算能力検定２級,会計事務,会計・金融・経営,domestic,0,0,公的,medium,商工会議所の検定(公的),,,,,,,,,,,seed
c-3613,3613,珠算能力検定3級,珠算能力検定３級,会計事務,会計・金融・経営,domestic,0,0,公的,medium,商工会議所の検定(公的),,,,,,,,,,,seed
c-3615,3615,所得税法能力検定試験1級,所得税法能力検定試験１級,会計事務,会計・金融・経営,domestic,0,0,要確認,low,未判定(一次情報での確認待ち),,,,,,,,,,,seed
c-3616,3616,所得税法能力検定試験2級,所得税法能力検定試験２級,会計事務,会計・金融・経営,domestic,0,0,要確認,low,未判定(一次情報での確認待ち),,,,,,,,,,,seed
c-3617,3617,所得税法能力検定試験3級,所得税法能力検定試験３級,会計事務,会計・金融・経営,domestic,0,0,要確認,low,未判定(一次情報での確認待ち),,,,,,,,,,,seed
c-3619,3619,法人税法能力検定試験1級,法人税法能力検定試験１級,会計事務,会計・金融・経営,domestic,0,0,要確認,low,未判定(一次情報での確認待ち),,,,,,,,,,,seed
c-3620,3620,法人税法能力検定試験2級,法人税法能力検定試験２級,会計事務,会計・金融・経営,domestic,0,0,要確認,low,未判定(一次情報での確認待ち),,,,,,,,,,,seed
c-3621,3621,法人税法能力検定試験3級,法人税法能力検定試験３級,会計事務,会計・金融・経営,domestic,0,0,要確認,low,未判定(一次情報での確認待ち),,,,,,,,,,,seed
c-3623,3623,日商簿記1級,日商簿記１級,会計事務,会計・金融・経営,domestic,0,0,公的,medium,商工会議所法の検定(公的),日本商工会議所・各地商工会議所,https://www.kentei.ne.jp/bookkeeping/class1,受験資格なし(誰でも受験可),統一試験(ペーパー)。商業簿記・会計学・工業簿記・原価計算、計180分。70%以上かつ各科目40%以上で合格,"7,850円(税込)＋事務手数料550円(税込)",,年2回(6月・11月),,,2026-06-18,published
c-3624,3624,日商簿記2級,日商簿記２級,会計事務,会計・金融・経営,domestic,0,0,公的,medium,商工会議所法の検定(公的),日本商工会議所・各地商工会議所,https://www.kentei.ne.jp/bookkeeping/class2,受験資格なし(誰でも受験可),統一試験(ペーパー)/ネット試験(CBT)・90分,"5,500円(税込)",,統一試験 年3回(6月・11月・2月)/ネット試験 随時,,,2026-06-18,published
c-3625,3625,日商簿記3級,日商簿記３級,会計事務,会計・金融・経営,domestic,0,0,公的,medium,商工会議所法の検定(公的),日本商工会議所・各地商工会議所,https://www.kentei.ne.jp/bookkeeping/class3,受験資格なし(誰でも受験可),統一試験(ペーパー)/ネット試験(CBT)・60分,"3,300円(税込)",,統一試験 年3回(6月・11月・2月)/ネット試験 随時,,,2026-06-18,published
c-3626,3626,簿記能力検定(全経上級),簿記能力検定（全経上級）,会計事務,会計・金融・経営,domestic,0,0,公的,medium,全国経理教育協会(文科省後援)検定(公的),,,,,,,,,,,seed
c-3627,3627,簿記能力検定(全経1級),簿記能力検定（全経１級）,会計事務,会計・金融・経営,domestic,0,0,公的,medium,全国経理教育協会(文科省後援)検定(公的),,,,,,,,,,,seed
c-3628,3628,簿記能力検定(全経2級),簿記能力検定（全経２級）,会計事務,会計・金融・経営,domestic,0,0,公的,medium,全国経理教育協会(文科省後援)検定(公的),,,,,,,,,,,seed
c-3629,3629,簿記能力検定(全経3級),簿記能力検定（全経３級）,会計事務,会計・金融・経営,domestic,0,0,公的,medium,全国経理教育協会(文科省後援)検定(公的),,,,,,,,,,,seed
c-3630,3630,簿記実務検定1級,簿記実務検定１級,会計事務,会計・金融・経営,domestic,0,0,要確認,low,未判定(一次情報での確認待ち),,,,,,,,,,,seed
c-3631,3631,簿記実務検定2級,簿記実務検定２級,会計事務,会計・金融・経営,domestic,0,0,要確認,low,未判定(一次情報での確認待ち),,,,,,,,,,,seed
c-3632,3632,簿記実務検定3級,簿記実務検定３級,会計事務,会計・金融・経営,domestic,0,0,要確認,low,未判定(一次情報での確認待ち),,,,,,,,,,,seed
c-3634,3634,消費税法能力検定試験1級,消費税法能力検定試験１級,会計事務,会計・金融・経営,domestic,0,0,要確認,low,未判定(一次情報での確認待ち),,,,,,,,,,,seed
c-3635,3635,消費税法能力検定試験2級,消費税法能力検定試験２級,会計事務,会計・金融・経営,domestic,0,0,要確認,low,未判定(一次情報での確認待ち),,,,,,,,,,,seed
c-3636,3636,消費税法能力検定試験3級,消費税法能力検定試験３級,会計事務,会計・金融・経営,domestic,0,0,要確認,low,未判定(一次情報での確認待ち),,,,,,,,,,,seed
c-3699,3699,その他の会計事務関係資格,その他の会計事務関係資格,会計事務,会計・金融・経営,domestic,1,0,,,バケット(その他の…),,,,,,,,,,,seed
c-3701,3701,行政書士,行政書士,専門的事務,法律・法務・知財,domestic,0,0,国家,high,国家資格(法律に基づく),一般財団法人 行政書士試験研究センター,https://gyosei-shiken.or.jp/,受験資格なし(誰でも受験可),択一式・多肢選択式・記述式・3時間,"10,400円",14.54%(令和7年度),年1回(11月),,,2026-06-18,published
c-3705,3705,運行管理者(旅客),運行管理者（旅客）,専門的事務,運輸・運転・航空,domestic,0,0,国家,high,国家資格(法律に基づく),,,,,,,,,,,seed
c-3706,3706,運行管理者(貨物),運行管理者（貨物）,専門的事務,運輸・運転・航空,domestic,0,0,国家,high,国家資格(法律に基づく),,,,,,,,,,,seed
c-3707,3707,医療保険請求事務者(医科・歯科),医療保険請求事務者（医科・歯科）,専門的事務,商業・販売・事務,domestic,0,0,要確認,low,未判定(一次情報での確認待ち),,,,,,,,,,,seed
c-3708,3708,医療事務実務士1級,医療事務実務士１級,専門的事務,商業・販売・事務,domestic,0,0,要確認,low,未判定(一次情報での確認待ち),,,,,,,,,,,seed
c-3709,3709,医療事務実務士2級,医療事務実務士２級,専門的事務,商業・販売・事務,domestic,0,0,要確認,low,未判定(一次情報での確認待ち),,,,,,,,,,,seed
c-3710,3710,メディカルクラーク(医療事務技能審査),メディカルクラーク（医療事務技能審査）,専門的事務,商業・販売・事務,domestic,0,0,要確認,low,未判定(一次情報での確認待ち),,,,,,,,,,,seed
c-3711,3711,メディカルクラーク(医療事務技能審査),メディカルクラーク（医療事務技能審査）,専門的事務,商業・販売・事務,domestic,0,1,要確認,low,未判定(一次情報での確認待ち),,,,,,,,,,,seed
c-3712,3712,診療報酬請求事務能力認定試験(医科・歯科),診療報酬請求事務能力認定試験（医科・歯科）,専門的事務,商業・販売・事務,domestic,0,0,要確認,low,未判定(一次情報での確認待ち),,,,,,,,,,,seed
c-3713,3713,医療事務検定試験,医療事務検定試験,専門的事務,商業・販売・事務,domestic,0,0,要確認,low,未判定(一次情報での確認待ち),,,,,,,,,,,seed
c-3714,3714,診療情報管理士,診療情報管理士,専門的事務,商業・販売・事務,domestic,0,0,要確認,low,未判定(一次情報での確認待ち),,,,,,,,,,,seed
c-3715,3715,医療事務資格,医療事務資格,専門的事務,商業・販売・事務,domestic,0,0,要確認,low,未判定(一次情報での確認待ち),,,,,,,,,,,seed
c-3716,3716,医事管理士,医事管理士,専門的事務,商業・販売・事務,domestic,0,0,要確認,low,未判定(一次情報での確認待ち),,,,,,,,,,,seed
c-3717,3717,医療秘書士,医療秘書士,専門的事務,商業・販売・事務,domestic,0,0,要確認,low,未判定(一次情報での確認待ち),,,,,,,,,,,seed
c-3718,3718,医療管理秘書士,医療管理秘書士,専門的事務,商業・販売・事務,domestic,0,0,要確認,low,未判定(一次情報での確認待ち),,,,,,,,,,,seed
c-3719,3719,ドクターズクラーク(医師事務作業補助技能認定),ドクターズクラーク（医師事務作業補助技能認定）,専門的事務,商業・販売・事務,domestic,0,0,要確認,low,未判定(一次情報での確認待ち),,,,,,,,,,,seed
c-3720,3720,医事コンピュータ技能検定準1級,医事コンピュータ技能検定準１級,専門的事務,商業・販売・事務,domestic,0,0,要確認,low,未判定(一次情報での確認待ち),,,,,,,,,,,seed
c-3721,3721,医事コンピュータ技能検定2級,医事コンピュータ技能検定２級,専門的事務,商業・販売・事務,domestic,0,0,要確認,low,未判定(一次情報での確認待ち),,,,,,,,,,,seed
c-3722,3722,医事コンピュータ技能検定3級,医事コンピュータ技能検定３級,専門的事務,商業・販売・事務,domestic,0,0,要確認,low,未判定(一次情報での確認待ち),,,,,,,,,,,seed
c-3723,3723,ケアクラーク技能認定,ケアクラーク技能認定,専門的事務,商業・販売・事務,domestic,0,0,要確認,low,未判定(一次情報での確認待ち),,,,,,,,,,,seed
c-3724,3724,介護事務管理士,介護事務管理士,専門的事務,商業・販売・事務,domestic,0,0,要確認,low,未判定(一次情報での確認待ち),,,,,,,,,,,seed
c-3725,3725,介護保険事務管理士,介護保険事務管理士,専門的事務,商業・販売・事務,domestic,0,0,要確認,low,未判定(一次情報での確認待ち),,,,,,,,,,,seed
c-3726,3726,調剤事務管理士,調剤事務管理士,専門的事務,商業・販売・事務,domestic,0,0,要確認,low,未判定(一次情報での確認待ち),,,,,,,,,,,seed
c-3727,3727,医療事務管理士(医科・歯科),医療事務管理士（医科・歯科）,専門的事務,商業・販売・事務,domestic,0,0,要確認,low,未判定(一次情報での確認待ち),,,,,,,,,,,seed
c-3728,3728,1級金融窓口サービス技能士,１級金融窓口サービス技能士,専門的事務,商業・販売・事務,domestic,0,0,国家,high,技能検定(国家資格・職業能力開発促進法),,,,,,,,,,,seed
c-3729,3729,2級金融窓口サービス技能士,２級金融窓口サービス技能士,専門的事務,商業・販売・事務,domestic,0,0,国家,high,技能検定(国家資格・職業能力開発促進法),,,,,,,,,,,seed
c-3730,3730,3級金融窓口サービス技能士,３級金融窓口サービス技能士,専門的事務,商業・販売・事務,domestic,0,0,国家,high,技能検定(国家資格・職業能力開発促進法),,,,,,,,,,,seed
c-3799,3799,その他の専門的事務関係資格,その他の専門的事務関係資格,専門的事務,商業・販売・事務,domestic,1,0,,,バケット(その他の…),,,,,,,,,,,seed
c-3801,3801,日本語ワープロ検定1級,日本語ワープロ検定１級,OA機器操作,IT・情報処理,domestic,0,0,要確認,low,未判定(一次情報での確認待ち),,,,,,,,,,,seed
c-3802,3802,日本語ワープロ検定2級,日本語ワープロ検定２級,OA機器操作,IT・情報処理,domestic,0,0,要確認,low,未判定(一次情報での確認待ち),,,,,,,,,,,seed
c-3803,3803,日本語ワープロ検定3級,日本語ワープロ検定３級,OA機器操作,IT・情報処理,domestic,0,0,要確認,low,未判定(一次情報での確認待ち),,,,,,,,,,,seed
c-3804,3804,日本語ワープロ検定4級,日本語ワープロ検定４級,OA機器操作,IT・情報処理,domestic,0,0,要確認,low,未判定(一次情報での確認待ち),,,,,,,,,,,seed
c-3812,3812,ICTプロフィシエンシー検定(P検)1級,ＩＣＴプロフィシエンシー検定（Ｐ検）１級,OA機器操作,IT・情報処理,domestic,0,0,要確認,low,未判定(一次情報での確認待ち),,,,,,,,,,,seed
c-3813,3813,ICTプロフィシエンシー検定(P検)2級,ＩＣＴプロフィシエンシー検定（Ｐ検）２級,OA機器操作,IT・情報処理,domestic,0,0,要確認,low,未判定(一次情報での確認待ち),,,,,,,,,,,seed
c-3814,3814,ICTプロフィシエンシー検定(P検)3級,ＩＣＴプロフィシエンシー検定（Ｐ検）３級,OA機器操作,IT・情報処理,domestic,0,0,要確認,low,未判定(一次情報での確認待ち),,,,,,,,,,,seed
c-3815,3815,MOS Excelエキスパート,ＭＯＳ　Ｅｘｃｅｌエキスパート,OA機器操作,IT・情報処理,domestic,0,0,民間,medium,民間ベンダー資格(Microsoft),,,,,,,,,,,seed
c-3816,3816,MOS Excelスペシャリスト,ＭＯＳ　Ｅｘｃｅｌスペシャリスト,OA機器操作,IT・情報処理,domestic,0,0,民間,medium,民間ベンダー資格(Microsoft),,,,,,,,,,,seed
c-3817,3817,MOS Wordエキスパート,ＭＯＳ　Ｗｏｒｄエキスパート,OA機器操作,IT・情報処理,domestic,0,0,民間,medium,民間ベンダー資格(Microsoft),,,,,,,,,,,seed
c-3818,3818,MOS Wordスペシャリスト,ＭＯＳ　Ｗｏｒｄスペシャリスト,OA機器操作,IT・情報処理,domestic,0,0,民間,medium,民間ベンダー資格(Microsoft),,,,,,,,,,,seed
c-3819,3819,マイクロソフト認定トレーナー(MCT),マイクロソフト認定トレーナー（ＭＣＴ）,OA機器操作,IT・情報処理,domestic,0,0,民間,medium,民間ベンダー資格(Microsoft),,,,,,,,,,,seed
c-3820,3820,電卓技能検定試験十段,電卓技能検定試験十段,OA機器操作,IT・情報処理,domestic,0,0,要確認,low,未判定(一次情報での確認待ち),,,,,,,,,,,seed
c-3821,3821,電卓技能検定試験九段,電卓技能検定試験九段,OA機器操作,IT・情報処理,domestic,0,0,要確認,low,未判定(一次情報での確認待ち),,,,,,,,,,,seed
c-3822,3822,電卓技能検定試験八段,電卓技能検定試験八段,OA機器操作,IT・情報処理,domestic,0,0,要確認,low,未判定(一次情報での確認待ち),,,,,,,,,,,seed
c-3823,3823,電卓技能検定試験七段,電卓技能検定試験七段,OA機器操作,IT・情報処理,domestic,0,0,要確認,low,未判定(一次情報での確認待ち),,,,,,,,,,,seed
c-3824,3824,電卓技能検定試験六段,電卓技能検定試験六段,OA機器操作,IT・情報処理,domestic,0,0,要確認,low,未判定(一次情報での確認待ち),,,,,,,,,,,seed
c-3825,3825,電卓技能検定試験五段,電卓技能検定試験五段,OA機器操作,IT・情報処理,domestic,0,0,要確認,low,未判定(一次情報での確認待ち),,,,,,,,,,,seed
c-3826,3826,電卓技能検定試験四段,電卓技能検定試験四段,OA機器操作,IT・情報処理,domestic,0,0,要確認,low,未判定(一次情報での確認待ち),,,,,,,,,,,seed
c-3827,3827,電卓技能検定試験三段,電卓技能検定試験三段,OA機器操作,IT・情報処理,domestic,0,0,要確認,low,未判定(一次情報での確認待ち),,,,,,,,,,,seed
c-3828,3828,電卓技能検定試験二段,電卓技能検定試験二段,OA機器操作,IT・情報処理,domestic,0,0,要確認,low,未判定(一次情報での確認待ち),,,,,,,,,,,seed
c-3829,3829,電卓技能検定試験初段,電卓技能検定試験初段,OA機器操作,IT・情報処理,domestic,0,0,要確認,low,未判定(一次情報での確認待ち),,,,,,,,,,,seed
c-3830,3830,電卓技能検定試験1級,電卓技能検定試験１級,OA機器操作,IT・情報処理,domestic,0,0,要確認,low,未判定(一次情報での確認待ち),,,,,,,,,,,seed
c-3831,3831,電卓技能検定試験2級,電卓技能検定試験２級,OA機器操作,IT・情報処理,domestic,0,0,要確認,low,未判定(一次情報での確認待ち),,,,,,,,,,,seed
c-3832,3832,電卓技能検定試験3級,電卓技能検定試験３級,OA機器操作,IT・情報処理,domestic,0,0,要確認,low,未判定(一次情報での確認待ち),,,,,,,,,,,seed
c-3836,3836,パソコン[ワープロ・表計算]可,パソコン［ワープロ・表計算］可,OA機器操作,IT・情報処理,domestic,0,0,要確認,low,未判定(一次情報での確認待ち),,,,,,,,,,,seed
c-3837,3837,パソコン[ワープロ]可,パソコン［ワープロ］可,OA機器操作,IT・情報処理,domestic,0,0,要確認,low,未判定(一次情報での確認待ち),,,,,,,,,,,seed
c-3838,3838,MOS PowerPoint,ＭＯＳ　ＰｏｗｅｒＰｏｉｎｔ,OA機器操作,IT・情報処理,domestic,0,0,民間,medium,民間ベンダー資格(Microsoft),,,,,,,,,,,seed
c-3839,3839,MOS Access,ＭＯＳ　Ａｃｃｅｓｓ,OA機器操作,IT・情報処理,domestic,0,0,民間,medium,民間ベンダー資格(Microsoft),,,,,,,,,,,seed
c-3840,3840,MOS Outlook,ＭＯＳ　Ｏｕｔｌｏｏｋ,OA機器操作,IT・情報処理,domestic,0,0,民間,medium,民間ベンダー資格(Microsoft),,,,,,,,,,,seed
c-3841,3841,日商PC検定試験(文書作成)1級,日商ＰＣ検定試験（文書作成）１級,OA機器操作,IT・情報処理,domestic,0,0,公的,medium,商工会議所の検定(公的),,,,,,,,,,,seed
c-3842,3842,日商PC検定試験(文書作成)2級,日商ＰＣ検定試験（文書作成）２級,OA機器操作,IT・情報処理,domestic,0,0,公的,medium,商工会議所の検定(公的),,,,,,,,,,,seed
c-3843,3843,日商PC検定試験(文書作成)3級,日商ＰＣ検定試験（文書作成）３級,OA機器操作,IT・情報処理,domestic,0,0,公的,medium,商工会議所の検定(公的),,,,,,,,,,,seed
c-3844,3844,日商PC検定試験(データ活用)1級,日商ＰＣ検定試験（データ活用）１級,OA機器操作,IT・情報処理,domestic,0,0,公的,medium,商工会議所の検定(公的),,,,,,,,,,,seed
c-3845,3845,日商PC検定試験(データ活用)2級,日商ＰＣ検定試験（データ活用）２級,OA機器操作,IT・情報処理,domestic,0,0,公的,medium,商工会議所の検定(公的),,,,,,,,,,,seed
c-3846,3846,日商PC検定試験(データ活用)3級,日商ＰＣ検定試験（データ活用）３級,OA機器操作,IT・情報処理,domestic,0,0,公的,medium,商工会議所の検定(公的),,,,,,,,,,,seed
c-3847,3847,PowerPointプレゼン技能認定試験,ＰｏｗｅｒＰｏｉｎｔプレゼン技能認定試験,OA機器操作,IT・情報処理,domestic,0,0,要確認,low,未判定(一次情報での確認待ち),,,,,,,,,,,seed
c-3848,3848,Accessビジネスデータベース技能認定試験,Ａｃｃｅｓｓビジネスデータベース技能認定試験,OA機器操作,IT・情報処理,domestic,0,0,要確認,low,未判定(一次情報での確認待ち),,,,,,,,,,,seed
c-3849,3849,Excel表計算処理技能認定試験1級,Ｅｘｃｅｌ表計算処理技能認定試験１級,OA機器操作,IT・情報処理,domestic,0,0,要確認,low,未判定(一次情報での確認待ち),,,,,,,,,,,seed
c-3850,3850,Excel表計算処理技能認定試験2級,Ｅｘｃｅｌ表計算処理技能認定試験２級,OA機器操作,IT・情報処理,domestic,0,0,要確認,low,未判定(一次情報での確認待ち),,,,,,,,,,,seed
c-3851,3851,Excel表計算処理技能認定試験3級,Ｅｘｃｅｌ表計算処理技能認定試験３級,OA機器操作,IT・情報処理,domestic,0,0,要確認,low,未判定(一次情報での確認待ち),,,,,,,,,,,seed
c-3852,3852,Word文書処理技能認定試験1級,Ｗｏｒｄ文書処理技能認定試験１級,OA機器操作,IT・情報処理,domestic,0,0,要確認,low,未判定(一次情報での確認待ち),,,,,,,,,,,seed
c-3853,3853,Word文書処理技能認定試験2級,Ｗｏｒｄ文書処理技能認定試験２級,OA機器操作,IT・情報処理,domestic,0,0,要確認,low,未判定(一次情報での確認待ち),,,,,,,,,,,seed
c-3854,3854,Word文書処理技能認定試験3級,Ｗｏｒｄ文書処理技能認定試験３級,OA機器操作,IT・情報処理,domestic,0,0,要確認,low,未判定(一次情報での確認待ち),,,,,,,,,,,seed
c-3855,3855,情報処理技能検定試験(表計算)初段~1級,情報処理技能検定試験（表計算）初段～１級,OA機器操作,IT・情報処理,domestic,0,0,要確認,low,未判定(一次情報での確認待ち),,,,,,,,,,,seed
c-3856,3856,情報処理技能検定試験(表計算)準1~2級,情報処理技能検定試験（表計算）準１～２級,OA機器操作,IT・情報処理,domestic,0,0,要確認,low,未判定(一次情報での確認待ち),,,,,,,,,,,seed
c-3857,3857,情報処理技能検定試験(表計算)準2~3級,情報処理技能検定試験（表計算）準２～３級,OA機器操作,IT・情報処理,domestic,0,0,要確認,low,未判定(一次情報での確認待ち),,,,,,,,,,,seed
c-3858,3858,情報処理技能検定試験(表計算)4級,情報処理技能検定試験（表計算）４級,OA機器操作,IT・情報処理,domestic,0,0,要確認,low,未判定(一次情報での確認待ち),,,,,,,,,,,seed
c-3859,3859,情報処理技能検定試験(データベース)1級,情報処理技能検定試験（データベース）１級,OA機器操作,IT・情報処理,domestic,0,0,要確認,low,未判定(一次情報での確認待ち),,,,,,,,,,,seed
c-3860,3860,情報処理技能検定試験(データベース)2級,情報処理技能検定試験（データベース）２級,OA機器操作,IT・情報処理,domestic,0,0,要確認,low,未判定(一次情報での確認待ち),,,,,,,,,,,seed
c-3861,3861,情報処理技能検定試験(データベース)3級,情報処理技能検定試験（データベース）３級,OA機器操作,IT・情報処理,domestic,0,0,要確認,low,未判定(一次情報での確認待ち),,,,,,,,,,,seed
c-3862,3862,情報処理技能検定試験(データベース)4級,情報処理技能検定試験（データベース）４級,OA機器操作,IT・情報処理,domestic,0,0,要確認,low,未判定(一次情報での確認待ち),,,,,,,,,,,seed
c-3863,3863,ディジタル技術検定1級,ディジタル技術検定１級,OA機器操作,IT・情報処理,domestic,0,0,要確認,low,未判定(一次情報での確認待ち),,,,,,,,,,,seed
c-3864,3864,ディジタル技術検定2級,ディジタル技術検定２級,OA機器操作,IT・情報処理,domestic,0,0,要確認,low,未判定(一次情報での確認待ち),,,,,,,,,,,seed
c-3865,3865,ディジタル技術検定3級,ディジタル技術検定３級,OA機器操作,IT・情報処理,domestic,0,0,要確認,low,未判定(一次情報での確認待ち),,,,,,,,,,,seed
c-3866,3866,ディジタル技術検定4級,ディジタル技術検定４級,OA機器操作,IT・情報処理,domestic,0,0,要確認,low,未判定(一次情報での確認待ち),,,,,,,,,,,seed
c-3873,3873,情報処理検定1級,情報処理検定１級,OA機器操作,IT・情報処理,domestic,0,0,要確認,low,未判定(一次情報での確認待ち),,,,,,,,,,,seed
c-3874,3874,情報処理検定2級,情報処理検定２級,OA機器操作,IT・情報処理,domestic,0,0,要確認,low,未判定(一次情報での確認待ち),,,,,,,,,,,seed
c-3875,3875,情報処理検定3級,情報処理検定３級,OA機器操作,IT・情報処理,domestic,0,0,要確認,low,未判定(一次情報での確認待ち),,,,,,,,,,,seed
c-3879,3879,日商PC検定試験(プレゼン資料作成)1級,日商ＰＣ検定試験（プレゼン資料作成）１級,OA機器操作,IT・情報処理,domestic,0,0,公的,medium,商工会議所の検定(公的),,,,,,,,,,,seed
c-3880,3880,日商PC検定試験(プレゼン資料作成)2級,日商ＰＣ検定試験（プレゼン資料作成）２級,OA機器操作,IT・情報処理,domestic,0,0,公的,medium,商工会議所の検定(公的),,,,,,,,,,,seed
c-3881,3881,日商PC検定試験(プレゼン資料作成)3級,日商ＰＣ検定試験（プレゼン資料作成）３級,OA機器操作,IT・情報処理,domestic,0,0,公的,medium,商工会議所の検定(公的),,,,,,,,,,,seed
c-3882,3882,検索技術者検定1級,検索技術者検定１級,OA機器操作,IT・情報処理,domestic,0,0,要確認,low,未判定(一次情報での確認待ち),,,,,,,,,,,seed
c-3883,3883,検索技術者検定2級,検索技術者検定２級,OA機器操作,IT・情報処理,domestic,0,0,要確認,low,未判定(一次情報での確認待ち),,,,,,,,,,,seed
c-3884,3884,検索技術者検定3級,検索技術者検定３級,OA機器操作,IT・情報処理,domestic,0,0,要確認,low,未判定(一次情報での確認待ち),,,,,,,,,,,seed
c-3899,3899,その他のOA機器操作関係資格,その他のＯＡ機器操作関係資格,OA機器操作,IT・情報処理,domestic,1,0,,,バケット(その他の…),,,,,,,,,,,seed
c-3901,3901,CS試験(ワープロ部門)1級,ＣＳ試験（ワープロ部門）１級,コンピュータサービス技能評価試験(CS試験),IT・情報処理,domestic,0,0,要確認,low,未判定(一次情報での確認待ち),,,,,,,,,,,seed
c-3902,3902,CS試験(ワープロ部門)2級,ＣＳ試験（ワープロ部門）２級,コンピュータサービス技能評価試験(CS試験),IT・情報処理,domestic,0,0,要確認,low,未判定(一次情報での確認待ち),,,,,,,,,,,seed
c-3903,3903,CS試験(ワープロ部門)3級,ＣＳ試験（ワープロ部門）３級,コンピュータサービス技能評価試験(CS試験),IT・情報処理,domestic,0,0,要確認,low,未判定(一次情報での確認待ち),,,,,,,,,,,seed
c-3904,3904,CS試験(表計算部門)1級,ＣＳ試験（表計算部門）１級,コンピュータサービス技能評価試験(CS試験),IT・情報処理,domestic,0,0,要確認,low,未判定(一次情報での確認待ち),,,,,,,,,,,seed
c-3905,3905,CS試験(表計算部門)2級,ＣＳ試験（表計算部門）２級,コンピュータサービス技能評価試験(CS試験),IT・情報処理,domestic,0,0,要確認,low,未判定(一次情報での確認待ち),,,,,,,,,,,seed
c-3906,3906,CS試験(表計算部門)3級,ＣＳ試験（表計算部門）３級,コンピュータサービス技能評価試験(CS試験),IT・情報処理,domestic,0,0,要確認,low,未判定(一次情報での確認待ち),,,,,,,,,,,seed
c-3922,3922,CS試験(情報セキュリティ部門),ＣＳ試験（情報セキュリティ部門）,コンピュータサービス技能評価試験(CS試験),IT・情報処理,domestic,0,0,要確認,low,未判定(一次情報での確認待ち),,,,,,,,,,,seed
c-3999,3999,その他のコンピュータサービス技能評価試験,その他のコンピュータサービス技能評価試験,コンピュータサービス技能評価試験(CS試験),IT・情報処理,domestic,1,0,,,バケット(その他の…),,,,,,,,,,,seed
c-4001,4001,ビジキャリ(人事・人材開発・労務管理),ビジキャリ（人事・人材開発・労務管理）,ビジネス・キャリア検定,会計・金融・経営,domestic,0,0,公的,medium,厚労省所管JAVADAの検定(公的),,,,,,,,,,,seed
c-4002,4002,ビジネス・キャリア検定(経理・財務管理),ビジネス・キャリア検定（経理・財務管理）,ビジネス・キャリア検定,会計・金融・経営,domestic,0,0,公的,medium,厚労省所管JAVADAの検定(公的),,,,,,,,,,,seed
c-4003,4003,ビジキャリ(営業・マーケティング),ビジキャリ（営業・マーケティング）,ビジネス・キャリア検定,会計・金融・経営,domestic,0,0,公的,medium,厚労省所管JAVADAの検定(公的),,,,,,,,,,,seed
c-4004,4004,ビジネス・キャリア検定(生産管理),ビジネス・キャリア検定（生産管理）,ビジネス・キャリア検定,会計・金融・経営,domestic,0,0,公的,medium,厚労省所管JAVADAの検定(公的),,,,,,,,,,,seed
c-4005,4005,ビジネス・キャリア検定(企業法務・総務),ビジネス・キャリア検定（企業法務・総務）,ビジネス・キャリア検定,会計・金融・経営,domestic,0,0,公的,medium,厚労省所管JAVADAの検定(公的),,,,,,,,,,,seed
c-4007,4007,ビジネス・キャリア検定(ロジスティクス),ビジネス・キャリア検定（ロジスティクス）,ビジネス・キャリア検定,会計・金融・経営,domestic,0,0,公的,medium,厚労省所管JAVADAの検定(公的),,,,,,,,,,,seed
c-4011,4011,ビジキャリ(経営情報システム),ビジキャリ（経営情報システム）,ビジネス・キャリア検定,会計・金融・経営,domestic,0,0,公的,medium,厚労省所管JAVADAの検定(公的),,,,,,,,,,,seed
c-4012,4012,ビジネス・キャリア検定(経営戦略),ビジネス・キャリア検定（経営戦略）,ビジネス・キャリア検定,会計・金融・経営,domestic,0,0,公的,medium,厚労省所管JAVADAの検定(公的),,,,,,,,,,,seed
c-4101,4101,1級販売士,１級販売士,商品販売,商業・販売・事務,domestic,0,0,公的,medium,商工会議所(リテールマーケティング)検定(公的),,,,,,,,,,,seed
c-4102,4102,2級販売士,２級販売士,商品販売,商業・販売・事務,domestic,0,0,公的,medium,商工会議所(リテールマーケティング)検定(公的),,,,,,,,,,,seed
c-4103,4103,3級販売士,３級販売士,商品販売,商業・販売・事務,domestic,0,0,公的,medium,商工会議所(リテールマーケティング)検定(公的),,,,,,,,,,,seed
c-4104,4104,高圧ガス販売主任者(第1種),高圧ガス販売主任者（第１種）,商品販売,商業・販売・事務,domestic,0,0,国家,high,高圧ガス保安法(国家資格),,,,,,,,,,,seed
c-4105,4105,高圧ガス販売主任者(第2種),高圧ガス販売主任者（第２種）,商品販売,商業・販売・事務,domestic,0,0,国家,high,高圧ガス保安法(国家資格),,,,,,,,,,,seed
c-4106,4106,印刷営業士,印刷営業士,商品販売,商業・販売・事務,domestic,0,0,要確認,low,未判定(一次情報での確認待ち),,,,,,,,,,,seed
c-4107,4107,管理印刷営業士,管理印刷営業士,商品販売,商業・販売・事務,domestic,0,0,要確認,low,未判定(一次情報での確認待ち),,,,,,,,,,,seed
c-4108,4108,貿易実務検定,貿易実務検定,商品販売,商業・販売・事務,domestic,0,0,民間,medium,民間検定,,,,,,,,,,,seed
c-4109,4109,中古自動車査定士,中古自動車査定士,商品販売,商業・販売・事務,domestic,0,0,要確認,low,未判定(一次情報での確認待ち),,,,,,,,,,,seed
c-4110,4110,衣料管理士1~2級,衣料管理士１～２級,商品販売,商業・販売・事務,domestic,0,0,要確認,low,未判定(一次情報での確認待ち),,,,,,,,,,,seed
c-4111,4111,1級商品装飾展示技能士,１級商品装飾展示技能士,商品販売,商業・販売・事務,domestic,0,0,国家,high,技能検定(国家資格・職業能力開発促進法),,,,,,,,,,,seed
c-4112,4112,2級商品装飾展示技能士,２級商品装飾展示技能士,商品販売,商業・販売・事務,domestic,0,0,国家,high,技能検定(国家資格・職業能力開発促進法),,,,,,,,,,,seed
c-4113,4113,3級商品装飾展示技能士,３級商品装飾展示技能士,商品販売,商業・販売・事務,domestic,0,0,国家,high,技能検定(国家資格・職業能力開発促進法),,,,,,,,,,,seed
c-4115,4115,登録販売者(一般医薬品),登録販売者（一般医薬品）,商品販売,商業・販売・事務,domestic,0,0,公的,medium,医薬品医療機器等法の都道府県試験(公的),各都道府県(所管:厚生労働省),https://www.mhlw.go.jp/stf/seisakunitsuite/bunya/0000082537.html,受験資格なし(学歴・実務要件は撤廃済),筆記(厚労省「試験問題作成の手引き」に基づく5項目),,,各都道府県が年1回以上(ブロック単位で実施),,,2026-06-18,published
c-4116,4116,家電製品アドバイザー,家電製品アドバイザー,商品販売,商業・販売・事務,domestic,0,0,民間,medium,民間資格,,,,,,,,,,,seed
c-4117,4117,DIYアドバイザー,ＤＩＹアドバイザー,商品販売,商業・販売・事務,domestic,0,0,民間,medium,民間資格,,,,,,,,,,,seed
c-4199,4199,その他の商品販売関係資格,その他の商品販売関係資格,商品販売,商業・販売・事務,domestic,1,0,,,バケット(その他の…),,,,,,,,,,,seed
c-4201,4201,一種・二種外務員資格,一種・二種外務員資格,販売類似,商業・販売・事務,domestic,0,0,民間,medium,民間資格(日本証券業協会),,,,,,,,,,,seed
c-4202,4202,総合旅行業務取扱管理者,総合旅行業務取扱管理者,販売類似,商業・販売・事務,domestic,0,0,国家,high,国家資格(法律に基づく),一般社団法人 日本旅行業協会(JATA)・観光庁所管,https://www.jata-net.or.jp/seminar/,誰でも受験可(科目免除制度あり),五肢択一・筆記(マークシート)・4科目,"13,000円(2025年改定)",,年1回(10月),,,2026-06-18,published
c-4203,4203,国内旅行業務取扱管理者,国内旅行業務取扱管理者,販売類似,商業・販売・事務,domestic,0,0,国家,high,国家資格(法律に基づく),一般社団法人 全国旅行業協会(ANTA)・観光庁所管,https://www.anta.or.jp/exam/shiken/annai.html,誰でも受験可(科目免除制度あり),CBT方式・120分・3科目(各科目60%以上で合格),"8,000円＋システム利用料660円",,年1回(9月),,,2026-06-18,published
c-4204,4204,外務員登録資格(商品先物取引),外務員登録資格（商品先物取引）,販売類似,商業・販売・事務,domestic,0,0,民間,medium,民間資格(日本証券業協会),,,,,,,,,,,seed
c-4205,4205,貸金業務取扱主任者,貸金業務取扱主任者,販売類似,商業・販売・事務,domestic,0,0,国家,high,国家資格(法律に基づく),,,,,,,,,,,seed
c-4206,4206,生命保険業界共通教育制度一般課程試験,生命保険業界共通教育制度一般課程試験,販売類似,商業・販売・事務,domestic,0,0,要確認,low,未判定(一次情報での確認待ち),,,,,,,,,,,seed
c-4299,4299,その他の販売類似関係資格,その他の販売類似関係資格,販売類似,商業・販売・事務,domestic,1,0,,,バケット(その他の…),,,,,,,,,,,seed
c-4301,4301,理容師,理容師,サービス(調理除く),美容・サービス・スポーツ,domestic,0,0,国家,high,国家資格(法律に基づく),公益財団法人 理容師美容師試験研修センター,https://www.rbc.or.jp/exam/,都道府県知事指定の理容師養成施設を卒業した者 等,実技試験＋筆記試験,"34,700円(筆記＋実技)。一部免除時は実技18,800円/筆記15,900円",,年2回(春期・秋期),,,2026-06-18,published
c-4302,4302,管理理容師,管理理容師,サービス(調理除く),美容・サービス・スポーツ,domestic,0,0,国家,high,国家資格(法律に基づく),,,,,,,,,,,seed
c-4303,4303,美容師,美容師,サービス(調理除く),美容・サービス・スポーツ,domestic,0,0,国家,high,国家資格(法律に基づく),公益財団法人 理容師美容師試験研修センター,https://www.rbc.or.jp/exam/,都道府県知事指定の美容師養成施設を卒業した者 等,実技試験＋筆記試験,"34,700円(筆記＋実技)。一部免除時は実技18,800円/筆記15,900円",87.0%(第53回・2025年春期),年2回(春期・秋期),,,2026-06-18,published
c-4304,4304,管理美容師,管理美容師,サービス(調理除く),美容・サービス・スポーツ,domestic,0,0,国家,high,国家資格(法律に基づく),,,,,,,,,,,seed
c-4305,4305,クリーニング師,クリーニング師,サービス(調理除く),美容・サービス・スポーツ,domestic,0,0,国家,high,国家資格(法律に基づく),,,,,,,,,,,seed
c-4309,4309,1級舞台機構調整技能士,１級舞台機構調整技能士,サービス(調理除く),美容・サービス・スポーツ,domestic,0,0,国家,high,技能検定(国家資格・職業能力開発促進法),,,,,,,,,,,seed
c-4310,4310,2級舞台機構調整技能士,２級舞台機構調整技能士,サービス(調理除く),美容・サービス・スポーツ,domestic,0,0,国家,high,技能検定(国家資格・職業能力開発促進法),,,,,,,,,,,seed
c-4311,4311,3級舞台機構調整技能士,３級舞台機構調整技能士,サービス(調理除く),美容・サービス・スポーツ,domestic,0,0,国家,high,技能検定(国家資格・職業能力開発促進法),,,,,,,,,,,seed
c-4312,4312,きものコンサルタント,きものコンサルタント,サービス(調理除く),美容・サービス・スポーツ,domestic,0,0,要確認,low,未判定(一次情報での確認待ち),,,,,,,,,,,seed
c-4313,4313,認定エステティシャン,認定エステティシャン,サービス(調理除く),美容・サービス・スポーツ,domestic,0,0,要確認,low,未判定(一次情報での確認待ち),,,,,,,,,,,seed
c-4314,4314,総合旅程管理主任者,総合旅程管理主任者,サービス(調理除く),美容・サービス・スポーツ,domestic,0,0,要確認,low,未判定(一次情報での確認待ち),,,,,,,,,,,seed
c-4315,4315,国内旅程管理主任者,国内旅程管理主任者,サービス(調理除く),美容・サービス・スポーツ,domestic,0,0,要確認,low,未判定(一次情報での確認待ち),,,,,,,,,,,seed
c-4316,4316,トリマー,トリマー,サービス(調理除く),美容・サービス・スポーツ,domestic,0,0,要確認,low,未判定(一次情報での確認待ち),,,,,,,,,,,seed
c-4317,4317,ネイリスト技能検定試験1級,ネイリスト技能検定試験１級,サービス(調理除く),美容・サービス・スポーツ,domestic,0,0,民間,medium,民間検定(JNEC),,,,,,,,,,,seed
c-4318,4318,ネイリスト技能検定試験2級,ネイリスト技能検定試験２級,サービス(調理除く),美容・サービス・スポーツ,domestic,0,0,民間,medium,民間検定(JNEC),,,,,,,,,,,seed
c-4319,4319,ネイリスト技能検定試験3級,ネイリスト技能検定試験３級,サービス(調理除く),美容・サービス・スポーツ,domestic,0,0,民間,medium,民間検定(JNEC),,,,,,,,,,,seed
c-4320,4320,アロマテラピー検定1級,アロマテラピー検定１級,サービス(調理除く),美容・サービス・スポーツ,domestic,0,0,民間,medium,民間検定(AEAJ),,,,,,,,,,,seed
c-4321,4321,アロマテラピー検定2級,アロマテラピー検定２級,サービス(調理除く),美容・サービス・スポーツ,domestic,0,0,民間,medium,民間検定(AEAJ),,,,,,,,,,,seed
c-4322,4322,旧ブライダルコーディネーター検定,旧ブライダルコーディネーター検定,サービス(調理除く),美容・サービス・スポーツ,domestic,0,0,要確認,low,未判定(一次情報での確認待ち),,,,,,,,,,,seed
c-4323,4323,ブライダルプランナー検定1級,ブライダルプランナー検定１級,サービス(調理除く),美容・サービス・スポーツ,domestic,0,0,要確認,low,未判定(一次情報での確認待ち),,,,,,,,,,,seed
c-4324,4324,ブライダルプランナー検定2級,ブライダルプランナー検定２級,サービス(調理除く),美容・サービス・スポーツ,domestic,0,0,要確認,low,未判定(一次情報での確認待ち),,,,,,,,,,,seed
c-4325,4325,葬祭ディレクター1級,葬祭ディレクター１級,サービス(調理除く),美容・サービス・スポーツ,domestic,0,0,要確認,low,未判定(一次情報での確認待ち),,,,,,,,,,,seed
c-4326,4326,葬祭ディレクター2級,葬祭ディレクター２級,サービス(調理除く),美容・サービス・スポーツ,domestic,0,0,要確認,low,未判定(一次情報での確認待ち),,,,,,,,,,,seed
c-4327,4327,フードコーディネーター,フードコーディネーター,サービス(調理除く),美容・サービス・スポーツ,domestic,0,0,要確認,low,未判定(一次情報での確認待ち),,,,,,,,,,,seed
c-4328,4328,1級レストランサービス技能士,１級レストランサービス技能士,サービス(調理除く),美容・サービス・スポーツ,domestic,0,0,国家,high,技能検定(国家資格・職業能力開発促進法),,,,,,,,,,,seed
c-4329,4329,2級レストランサービス技能士,２級レストランサービス技能士,サービス(調理除く),美容・サービス・スポーツ,domestic,0,0,国家,high,技能検定(国家資格・職業能力開発促進法),,,,,,,,,,,seed
c-4330,4330,3級レストランサービス技能士,３級レストランサービス技能士,サービス(調理除く),美容・サービス・スポーツ,domestic,0,0,国家,high,技能検定(国家資格・職業能力開発促進法),,,,,,,,,,,seed
c-4331,4331,1級ピアノ調律技能士,１級ピアノ調律技能士,サービス(調理除く),美容・サービス・スポーツ,domestic,0,0,国家,high,技能検定(国家資格・職業能力開発促進法),,,,,,,,,,,seed
c-4332,4332,2級ピアノ調律技能士,２級ピアノ調律技能士,サービス(調理除く),美容・サービス・スポーツ,domestic,0,0,国家,high,技能検定(国家資格・職業能力開発促進法),,,,,,,,,,,seed
c-4333,4333,3級ピアノ調律技能士,３級ピアノ調律技能士,サービス(調理除く),美容・サービス・スポーツ,domestic,0,0,国家,high,技能検定(国家資格・職業能力開発促進法),,,,,,,,,,,seed
c-4334,4334,1級着付け技能士,１級着付け技能士,サービス(調理除く),美容・サービス・スポーツ,domestic,0,0,国家,high,技能検定(国家資格・職業能力開発促進法),,,,,,,,,,,seed
c-4335,4335,2級着付け技能士,２級着付け技能士,サービス(調理除く),美容・サービス・スポーツ,domestic,0,0,国家,high,技能検定(国家資格・職業能力開発促進法),,,,,,,,,,,seed
c-4336,4336,1級ブライダルコーディネート技能士,１級ブライダルコーディネート技能士,サービス(調理除く),美容・サービス・スポーツ,domestic,0,0,国家,high,技能検定(国家資格・職業能力開発促進法),,,,,,,,,,,seed
c-4337,4337,2級ブライダルコーディネート技能士,２級ブライダルコーディネート技能士,サービス(調理除く),美容・サービス・スポーツ,domestic,0,0,国家,high,技能検定(国家資格・職業能力開発促進法),,,,,,,,,,,seed
c-4338,4338,3級ブライダルコーディネート技能士,３級ブライダルコーディネート技能士,サービス(調理除く),美容・サービス・スポーツ,domestic,0,0,国家,high,技能検定(国家資格・職業能力開発促進法),,,,,,,,,,,seed
c-4399,4399,その他のサービス関係資格,その他のサービス関係資格,サービス(調理除く),美容・サービス・スポーツ,domestic,1,0,,,バケット(その他の…),,,,,,,,,,,seed
c-4401,4401,調理師,調理師,調理等,食品・調理・栄養,domestic,0,0,国家,high,国家資格(法律に基づく),各都道府県(所管:厚生労働省/多くが調理技術技能センターに委託),https://chouri-ggc.or.jp/chourishishiken/,受験資格あり(中学校卒業以上＋調理業務の実務2年以上),筆記(マークシート)・6科目,,,都道府県ごとに年1回程度,,,2026-06-18,published
c-4402,4402,専門調理師・調理技能士,専門調理師・調理技能士,調理等,食品・調理・栄養,domestic,0,0,国家,high,技能検定(国家資格・職業能力開発促進法),,,,,,,,,,,seed
c-4403,4403,ふぐ調理師,ふぐ調理師,調理等,食品・調理・栄養,domestic,0,0,要確認,low,未判定(一次情報での確認待ち),,,,,,,,,,,seed
c-4404,4404,鮮魚士(1級),鮮魚士（１級）,調理等,食品・調理・栄養,domestic,0,0,要確認,low,未判定(一次情報での確認待ち),,,,,,,,,,,seed
c-4405,4405,鮮魚士(2級),鮮魚士（２級）,調理等,食品・調理・栄養,domestic,0,0,要確認,low,未判定(一次情報での確認待ち),,,,,,,,,,,seed
c-4406,4406,鮮魚士(3級),鮮魚士（３級）,調理等,食品・調理・栄養,domestic,0,0,要確認,low,未判定(一次情報での確認待ち),,,,,,,,,,,seed
c-4410,4410,一級惣菜管理士,一級惣菜管理士,調理等,食品・調理・栄養,domestic,0,0,要確認,low,未判定(一次情報での確認待ち),,,,,,,,,,,seed
c-4411,4411,二級惣菜管理士,二級惣菜管理士,調理等,食品・調理・栄養,domestic,0,0,要確認,low,未判定(一次情報での確認待ち),,,,,,,,,,,seed
c-4412,4412,三級惣菜管理士,三級惣菜管理士,調理等,食品・調理・栄養,domestic,0,0,要確認,low,未判定(一次情報での確認待ち),,,,,,,,,,,seed
c-4413,4413,ソムリエ,ソムリエ,調理等,食品・調理・栄養,domestic,0,0,民間,medium,民間資格,,,,,,,,,,,seed
c-4414,4414,野菜ソムリエ,野菜ソムリエ,調理等,食品・調理・栄養,domestic,0,0,民間,medium,民間資格,,,,,,,,,,,seed
c-4499,4499,その他の調理等関係資格,その他の調理等関係資格,調理等,食品・調理・栄養,domestic,1,0,,,バケット(その他の…),,,,,,,,,,,seed
c-4501,4501,甲種消防設備士,甲種消防設備士,保安,安全・環境・危険物,domestic,0,0,国家,high,消防設備士(国家資格),一般財団法人 消防試験研究センター,https://www.shoubo-shiken.or.jp/shoubou/,受験資格あり(国家資格・学歴・実務経験5年以上等のいずれか),筆記(四肢択一マークシート)＋実技(記述・製図),"6,600円(非課税)",,各都道府県・中央試験センターで随時,,,2026-06-18,published
c-4502,4502,乙種消防設備士,乙種消防設備士,保安,安全・環境・危険物,domestic,0,0,国家,high,消防設備士(国家資格),一般財団法人 消防試験研究センター,https://www.shoubo-shiken.or.jp/shoubou/,受験資格なし(甲種は要件あり),筆記(マークシート)＋実技,"4,400円(乙種・2024年5月改定)",,都道府県支部により異なる,,,2026-06-18,published
c-4503,4503,第1種消防設備点検資格者,第１種消防設備点検資格者,保安,安全・環境・危険物,domestic,0,0,国家,high,消防法の資格者(国家資格),,,,,,,,,,,seed
c-4504,4504,第2種消防設備点検資格者,第２種消防設備点検資格者,保安,安全・環境・危険物,domestic,0,0,国家,high,消防法の資格者(国家資格),,,,,,,,,,,seed
c-4505,4505,警備員検定試験(1級),警備員検定試験（１級）,保安,安全・環境・危険物,domestic,0,0,国家,high,警備業法の検定(国家資格),,,,,,,,,,,seed
c-4506,4506,警備員検定試験(2級),警備員検定試験（２級）,保安,安全・環境・危険物,domestic,0,0,国家,high,警備業法の検定(国家資格),,,,,,,,,,,seed
c-4507,4507,1級ビル設備管理技能士,１級ビル設備管理技能士,保安,安全・環境・危険物,domestic,0,0,国家,high,技能検定(国家資格・職業能力開発促進法),,,,,,,,,,,seed
c-4508,4508,2級ビル設備管理技能士,２級ビル設備管理技能士,保安,安全・環境・危険物,domestic,0,0,国家,high,技能検定(国家資格・職業能力開発促進法),,,,,,,,,,,seed
c-4509,4509,防火管理者(甲種・乙種),防火管理者（甲種・乙種）,保安,安全・環境・危険物,domestic,0,0,国家,high,消防法の防火管理者(国家資格),,,,,,,,,,,seed
c-4510,4510,施設警備業務検定1級,施設警備業務検定１級,保安,安全・環境・危険物,domestic,0,0,国家,high,警備業法の検定(国家資格),,,,,,,,,,,seed
c-4511,4511,施設警備業務検定2級,施設警備業務検定２級,保安,安全・環境・危険物,domestic,0,0,国家,high,警備業法の検定(国家資格),,,,,,,,,,,seed
c-4512,4512,空港保安警備業務検定1級,空港保安警備業務検定１級,保安,安全・環境・危険物,domestic,0,0,国家,high,警備業法の検定(国家資格),,,,,,,,,,,seed
c-4513,4513,空港保安警備業務検定2級,空港保安警備業務検定２級,保安,安全・環境・危険物,domestic,0,0,国家,high,警備業法の検定(国家資格),,,,,,,,,,,seed
c-4514,4514,雑踏警備業務検定1級,雑踏警備業務検定１級,保安,安全・環境・危険物,domestic,0,0,国家,high,警備業法の検定(国家資格),,,,,,,,,,,seed
c-4515,4515,雑踏警備業務検定2級,雑踏警備業務検定２級,保安,安全・環境・危険物,domestic,0,0,国家,high,警備業法の検定(国家資格),,,,,,,,,,,seed
c-4516,4516,交通誘導警備業務検定1級,交通誘導警備業務検定１級,保安,安全・環境・危険物,domestic,0,0,国家,high,警備業法の検定(国家資格),,,,,,,,,,,seed
c-4517,4517,交通誘導警備業務検定2級,交通誘導警備業務検定２級,保安,安全・環境・危険物,domestic,0,0,国家,high,警備業法の検定(国家資格),,,,,,,,,,,seed
c-4518,4518,核燃料物質等危険物運搬警備業務検定1級,核燃料物質等危険物運搬警備業務検定１級,保安,安全・環境・危険物,domestic,0,0,国家,high,警備業法の検定(国家資格),,,,,,,,,,,seed
c-4519,4519,核燃料物質等危険物運搬警備業務検定2級,核燃料物質等危険物運搬警備業務検定２級,保安,安全・環境・危険物,domestic,0,0,国家,high,警備業法の検定(国家資格),,,,,,,,,,,seed
c-4520,4520,貴重品運搬警備業務検定1級,貴重品運搬警備業務検定１級,保安,安全・環境・危険物,domestic,0,0,国家,high,警備業法の検定(国家資格),,,,,,,,,,,seed
c-4521,4521,貴重品運搬警備業務検定2級,貴重品運搬警備業務検定２級,保安,安全・環境・危険物,domestic,0,0,国家,high,警備業法の検定(国家資格),,,,,,,,,,,seed
c-4599,4599,その他の保安関係資格,その他の保安関係資格,保安,安全・環境・危険物,domestic,1,0,,,バケット(その他の…),,,,,,,,,,,seed
c-4601,4601,1級造園技能士,１級造園技能士,農業,農林水産・動物,domestic,0,0,国家,high,技能検定(国家資格・職業能力開発促進法),,,,,,,,,,,seed
c-4602,4602,2級造園技能士,２級造園技能士,農業,農林水産・動物,domestic,0,0,国家,high,技能検定(国家資格・職業能力開発促進法),,,,,,,,,,,seed
c-4603,4603,3級造園技能士,３級造園技能士,農業,農林水産・動物,domestic,0,0,国家,high,技能検定(国家資格・職業能力開発促進法),,,,,,,,,,,seed
c-4699,4699,その他の農業関係資格,その他の農業関係資格,農業,農林水産・動物,domestic,1,0,,,バケット(その他の…),,,,,,,,,,,seed
c-4701,4701,動力車操縦者(鉄道)運転免許,動力車操縦者（鉄道）運転免許,鉄道(軌道)運転,運輸・運転・航空,domestic,0,0,国家,high,操縦者免許(国家資格),,,,,,,,,,,seed
c-4799,4799,その他の鉄道(軌道)運転免許,その他の鉄道（軌道）運転免許,鉄道(軌道)運転,運輸・運転・航空,domestic,1,0,,,バケット(その他の…),,,,,,,,,,,seed
c-4801,4801,大型自動車免許,大型自動車免許,自動車等車両運転・船舶運転,運輸・運転・航空,domestic,0,0,国家,high,免許(国家資格),,,,,,,,,,,seed
c-4802,4802,大型自動車第二種免許,大型自動車第二種免許,自動車等車両運転・船舶運転,運輸・運転・航空,domestic,0,0,国家,high,免許(国家資格),,,,,,,,,,,seed
c-4803,4803,普通自動車免許,普通自動車免許,自動車等車両運転・船舶運転,運輸・運転・航空,domestic,0,0,国家,high,免許(国家資格),,,,,,,,,,,seed
c-4804,4804,普通自動車第二種免許,普通自動車第二種免許,自動車等車両運転・船舶運転,運輸・運転・航空,domestic,0,0,国家,high,免許(国家資格),,,,,,,,,,,seed
c-4805,4805,普通自動車免許(AT限定),普通自動車免許（ＡＴ限定）,自動車等車両運転・船舶運転,運輸・運転・航空,domestic,0,0,国家,high,免許(国家資格),,,,,,,,,,,seed
c-4806,4806,大型特殊自動車免許,大型特殊自動車免許,自動車等車両運転・船舶運転,運輸・運転・航空,domestic,0,0,国家,high,免許(国家資格),,,,,,,,,,,seed
c-4807,4807,大型特殊自動車第二種免許,大型特殊自動車第二種免許,自動車等車両運転・船舶運転,運輸・運転・航空,domestic,0,0,国家,high,免許(国家資格),,,,,,,,,,,seed
c-4808,4808,自動二輪車免許,自動二輪車免許,自動車等車両運転・船舶運転,運輸・運転・航空,domestic,0,0,国家,high,免許(国家資格),,,,,,,,,,,seed
c-4809,4809,小型特殊自動車免許,小型特殊自動車免許,自動車等車両運転・船舶運転,運輸・運転・航空,domestic,0,0,国家,high,免許(国家資格),,,,,,,,,,,seed
c-4810,4810,原動機付自転車免許,原動機付自転車免許,自動車等車両運転・船舶運転,運輸・運転・航空,domestic,0,0,国家,high,免許(国家資格),,,,,,,,,,,seed
c-4811,4811,牽引免許,牽引免許,自動車等車両運転・船舶運転,運輸・運転・航空,domestic,0,0,国家,high,免許(国家資格),,,,,,,,,,,seed
c-4812,4812,牽引第二種免許,牽引第二種免許,自動車等車両運転・船舶運転,運輸・運転・航空,domestic,0,0,国家,high,免許(国家資格),,,,,,,,,,,seed
c-4813,4813,フォークリフト運転技能者,フォークリフト運転技能者,自動車等車両運転・船舶運転,運輸・運転・航空,domestic,0,0,国家,high,労働安全衛生法の技能講習(国家資格),,,,,,,,,,,seed
c-4814,4814,高所作業車運転技能者,高所作業車運転技能者,自動車等車両運転・船舶運転,運輸・運転・航空,domestic,0,0,国家,high,労働安全衛生法の技能講習(国家資格),,,,,,,,,,,seed
c-4815,4815,不整地運搬車運転技能者,不整地運搬車運転技能者,自動車等車両運転・船舶運転,運輸・運転・航空,domestic,0,0,国家,high,労働安全衛生法の技能講習(国家資格),,,,,,,,,,,seed
c-4816,4816,小型船舶操縦士,小型船舶操縦士,自動車等車両運転・船舶運転,運輸・運転・航空,domestic,0,0,国家,high,航空・船舶の操縦士(国家資格),,,,,,,,,,,seed
c-4817,4817,中型自動車免許,中型自動車免許,自動車等車両運転・船舶運転,運輸・運転・航空,domestic,0,0,国家,high,免許(国家資格),,,,,,,,,,,seed
c-4818,4818,中型自動車第二種免許,中型自動車第二種免許,自動車等車両運転・船舶運転,運輸・運転・航空,domestic,0,0,国家,high,免許(国家資格),,,,,,,,,,,seed
c-4819,4819,8トン限定中型自動車免許,８トン限定中型自動車免許,自動車等車両運転・船舶運転,運輸・運転・航空,domestic,0,0,国家,high,免許(国家資格),,,,,,,,,,,seed
c-4820,4820,8トン限定中型自動車第二種免許,８トン限定中型自動車第二種免許,自動車等車両運転・船舶運転,運輸・運転・航空,domestic,0,0,国家,high,免許(国家資格),,,,,,,,,,,seed
c-4821,4821,5トン限定中型自動車第二種免許,５トン限定中型自動車第二種免許,自動車等車両運転・船舶運転,運輸・運転・航空,domestic,0,0,国家,high,免許(国家資格),,,,,,,,,,,seed
c-4822,4822,準中型自動車免許,準中型自動車免許,自動車等車両運転・船舶運転,運輸・運転・航空,domestic,0,0,国家,high,免許(国家資格),,,,,,,,,,,seed
c-4823,4823,5トン限定準中型自動車免許,５トン限定準中型自動車免許,自動車等車両運転・船舶運転,運輸・運転・航空,domestic,0,0,国家,high,免許(国家資格),,,,,,,,,,,seed
c-4899,4899,その他の自動車等車両・船舶運転免許,その他の自動車等車両・船舶運転免許,自動車等車両運転・船舶運転,運輸・運転・航空,domestic,1,0,,,バケット(その他の…),,,,,,,,,,,seed
c-4901,4901,定期運送用操縦士,定期運送用操縦士,航空機運転,運輸・運転・航空,domestic,0,0,国家,high,航空・船舶の操縦士(国家資格),,,,,,,,,,,seed
c-4902,4902,事業用操縦士(飛行機),事業用操縦士（飛行機）,航空機運転,運輸・運転・航空,domestic,0,0,国家,high,航空・船舶の操縦士(国家資格),,,,,,,,,,,seed
c-4903,4903,事業用操縦士(回転翼航空機),事業用操縦士（回転翼航空機）,航空機運転,運輸・運転・航空,domestic,0,0,国家,high,航空・船舶の操縦士(国家資格),,,,,,,,,,,seed
c-4904,4904,自家用操縦士(飛行機),自家用操縦士（飛行機）,航空機運転,運輸・運転・航空,domestic,0,0,国家,high,航空・船舶の操縦士(国家資格),,,,,,,,,,,seed
c-4905,4905,自家用操縦士(回転翼航空機),自家用操縦士（回転翼航空機）,航空機運転,運輸・運転・航空,domestic,0,0,国家,high,航空・船舶の操縦士(国家資格),,,,,,,,,,,seed
c-4907,4907,一等航空士,一等航空士,航空機運転,運輸・運転・航空,domestic,0,0,国家,high,航空従事者(国家資格),,,,,,,,,,,seed
c-4908,4908,二等航空士,二等航空士,航空機運転,運輸・運転・航空,domestic,0,0,国家,high,航空従事者(国家資格),,,,,,,,,,,seed
c-4909,4909,航空機関士,航空機関士,航空機運転,運輸・運転・航空,domestic,0,0,国家,high,航空従事者(国家資格),,,,,,,,,,,seed
c-4999,4999,その他の航空機運転免許,その他の航空機運転免許,航空機運転,運輸・運転・航空,domestic,1,0,,,バケット(その他の…),,,,,,,,,,,seed
c-5001,5001,第1級総合無線通信士,第１級総合無線通信士,通信,電気・通信,domestic,0,0,国家,high,電波法の無線従事者(国家資格),,,,,,,,,,,seed
c-5002,5002,第2級総合無線通信士,第２級総合無線通信士,通信,電気・通信,domestic,0,0,国家,high,電波法の無線従事者(国家資格),,,,,,,,,,,seed
c-5003,5003,第3級総合無線通信士,第３級総合無線通信士,通信,電気・通信,domestic,0,0,国家,high,電波法の無線従事者(国家資格),,,,,,,,,,,seed
c-5004,5004,航空無線通信士,航空無線通信士,通信,電気・通信,domestic,0,0,国家,high,電波法の無線従事者(国家資格),,,,,,,,,,,seed
c-5005,5005,航空特殊無線技士,航空特殊無線技士,通信,電気・通信,domestic,0,0,国家,high,電波法の無線従事者(国家資格),,,,,,,,,,,seed
c-5006,5006,第一級陸上無線技術士,第一級陸上無線技術士,通信,電気・通信,domestic,0,0,国家,high,技術士(国家資格),,,,,,,,,,,seed
c-5007,5007,第二級陸上無線技術士,第二級陸上無線技術士,通信,電気・通信,domestic,0,0,国家,high,技術士(国家資格),,,,,,,,,,,seed
c-5008,5008,第一級陸上特殊無線技士,第一級陸上特殊無線技士,通信,電気・通信,domestic,0,0,国家,high,電波法の無線従事者(国家資格),,,,,,,,,,,seed
c-5009,5009,第二級陸上特殊無線技士,第二級陸上特殊無線技士,通信,電気・通信,domestic,0,0,国家,high,電波法の無線従事者(国家資格),,,,,,,,,,,seed
c-5010,5010,第三級陸上特殊無線技士,第三級陸上特殊無線技士,通信,電気・通信,domestic,0,0,国家,high,電波法の無線従事者(国家資格),,,,,,,,,,,seed
c-5011,5011,国内電信級陸上特殊無線技士,国内電信級陸上特殊無線技士,通信,電気・通信,domestic,0,0,国家,high,電波法の無線従事者(国家資格),,,,,,,,,,,seed
c-5099,5099,その他の通信関係資格,その他の通信関係資格,通信,電気・通信,domestic,1,0,,,バケット(その他の…),,,,,,,,,,,seed
c-5101,5101,鉛作業主任者,鉛作業主任者,金属材料製造,機械・電気・ものづくり,domestic,0,0,国家,high,労働安全衛生法の作業主任者,,,,,,,,,,,seed
c-5102,5102,四アルキル鉛等作業主任者,四アルキル鉛等作業主任者,金属材料製造,機械・電気・ものづくり,domestic,0,0,国家,high,労働安全衛生法の作業主任者,,,,,,,,,,,seed
c-5103,5103,1級金属溶解技能士,１級金属溶解技能士,金属材料製造,機械・電気・ものづくり,domestic,0,0,国家,high,技能検定(国家資格・職業能力開発促進法),,,,,,,,,,,seed
c-5104,5104,2級金属溶解技能士,２級金属溶解技能士,金属材料製造,機械・電気・ものづくり,domestic,0,0,国家,high,技能検定(国家資格・職業能力開発促進法),,,,,,,,,,,seed
c-5105,5105,特級鋳造技能士,特級鋳造技能士,金属材料製造,機械・電気・ものづくり,domestic,0,0,国家,high,技能検定(国家資格・職業能力開発促進法),,,,,,,,,,,seed
c-5106,5106,1級鋳造技能士,１級鋳造技能士,金属材料製造,機械・電気・ものづくり,domestic,0,0,国家,high,技能検定(国家資格・職業能力開発促進法),,,,,,,,,,,seed
c-5107,5107,2級鋳造技能士,２級鋳造技能士,金属材料製造,機械・電気・ものづくり,domestic,0,0,国家,high,技能検定(国家資格・職業能力開発促進法),,,,,,,,,,,seed
c-5108,5108,1級鍛造技能士,１級鍛造技能士,金属材料製造,機械・電気・ものづくり,domestic,0,0,国家,high,技能検定(国家資格・職業能力開発促進法),,,,,,,,,,,seed
c-5109,5109,2級鍛造技能士,２級鍛造技能士,金属材料製造,機械・電気・ものづくり,domestic,0,0,国家,high,技能検定(国家資格・職業能力開発促進法),,,,,,,,,,,seed
c-5110,5110,特級金属熱処理技能士,特級金属熱処理技能士,金属材料製造,機械・電気・ものづくり,domestic,0,0,国家,high,技能検定(国家資格・職業能力開発促進法),,,,,,,,,,,seed
c-5111,5111,1級金属熱処理技能士,１級金属熱処理技能士,金属材料製造,機械・電気・ものづくり,domestic,0,0,国家,high,技能検定(国家資格・職業能力開発促進法),,,,,,,,,,,seed
c-5112,5112,2級金属熱処理技能士,２級金属熱処理技能士,金属材料製造,機械・電気・ものづくり,domestic,0,0,国家,high,技能検定(国家資格・職業能力開発促進法),,,,,,,,,,,seed
c-5113,5113,3級金属熱処理技能士,３級金属熱処理技能士,金属材料製造,機械・電気・ものづくり,domestic,0,0,国家,high,技能検定(国家資格・職業能力開発促進法),,,,,,,,,,,seed
c-5114,5114,1級粉末冶金技能士,１級粉末冶金技能士,金属材料製造,機械・電気・ものづくり,domestic,0,0,国家,high,技能検定(国家資格・職業能力開発促進法),,,,,,,,,,,seed
c-5115,5115,2級粉末冶金技能士,２級粉末冶金技能士,金属材料製造,機械・電気・ものづくり,domestic,0,0,国家,high,技能検定(国家資格・職業能力開発促進法),,,,,,,,,,,seed
c-5116,5116,1級金属材料試験技能士,１級金属材料試験技能士,金属材料製造,機械・電気・ものづくり,domestic,0,0,国家,high,技能検定(国家資格・職業能力開発促進法),,,,,,,,,,,seed
c-5117,5117,2級金属材料試験技能士,２級金属材料試験技能士,金属材料製造,機械・電気・ものづくり,domestic,0,0,国家,high,技能検定(国家資格・職業能力開発促進法),,,,,,,,,,,seed
c-5118,5118,非破壊検査総合管理技術者,非破壊検査総合管理技術者,金属材料製造,機械・電気・ものづくり,domestic,0,0,要確認,low,未判定(一次情報での確認待ち),,,,,,,,,,,seed
c-5119,5119,非破壊試験技術者レベル1,非破壊試験技術者レベル１,金属材料製造,機械・電気・ものづくり,domestic,0,0,要確認,low,未判定(一次情報での確認待ち),,,,,,,,,,,seed
c-5120,5120,非破壊試験技術者レベル2,非破壊試験技術者レベル２,金属材料製造,機械・電気・ものづくり,domestic,0,0,要確認,low,未判定(一次情報での確認待ち),,,,,,,,,,,seed
c-5121,5121,非破壊試験技術者レベル3,非破壊試験技術者レベル３,金属材料製造,機械・電気・ものづくり,domestic,0,0,要確認,low,未判定(一次情報での確認待ち),,,,,,,,,,,seed
c-5199,5199,その他の金属材料製造関係資格,その他の金属材料製造関係資格,金属材料製造,機械・電気・ものづくり,domestic,1,0,,,バケット(その他の…),,,,,,,,,,,seed
c-5201,5201,化学設備関係第一種圧力容器取扱作業主任者,化学設備関係第一種圧力容器取扱作業主任者,化学製品製造,機械・電気・ものづくり,domestic,0,0,国家,high,労働安全衛生法の作業主任者,,,,,,,,,,,seed
c-5202,5202,有機溶剤作業主任者,有機溶剤作業主任者,化学製品製造,機械・電気・ものづくり,domestic,0,0,国家,high,労働安全衛生法の作業主任者,,,,,,,,,,,seed
c-5203,5203,特定化学物質作業主任者,特定化学物質作業主任者,化学製品製造,機械・電気・ものづくり,domestic,0,0,国家,high,労働安全衛生法の作業主任者,,,,,,,,,,,seed
c-5204,5204,1級化学分析技能士,１級化学分析技能士,化学製品製造,機械・電気・ものづくり,domestic,0,0,国家,high,技能検定(国家資格・職業能力開発促進法),,,,,,,,,,,seed
c-5205,5205,2級化学分析技能士,２級化学分析技能士,化学製品製造,機械・電気・ものづくり,domestic,0,0,国家,high,技能検定(国家資格・職業能力開発促進法),,,,,,,,,,,seed
c-5206,5206,危険物取扱者(甲種),危険物取扱者（甲種）,化学製品製造,機械・電気・ものづくり,domestic,0,0,国家,high,危険物取扱者(国家資格),一般財団法人 消防試験研究センター,https://www.shoubo-shiken.or.jp/kikenbutsu/,受験資格あり(大学等で化学卒/化学15単位/乙種免状＋実務2年/乙種4類取得 等),五肢択一・マークシート(3科目45問・2時間30分),"6,600円(2024年5月改定)",,都道府県支部により異なる,,,2026-06-18,published
c-5207,5207,危険物取扱者(乙種),危険物取扱者（乙種）,化学製品製造,機械・電気・ものづくり,domestic,0,0,国家,high,危険物取扱者(国家資格),一般財団法人 消防試験研究センター,https://www.shoubo-shiken.or.jp/kikenbutsu/,受験資格なし(甲種は学歴・実務等の要件あり),五肢択一・マークシート(乙種35問・2時間・科目別60%),"4,600円(乙種・2024年5月改定)",,都道府県支部により異なる(年複数回の地域あり),,,2026-06-18,published
c-5208,5208,危険物取扱者(丙種),危険物取扱者（丙種）,化学製品製造,機械・電気・ものづくり,domestic,0,0,国家,high,危険物取扱者(国家資格),,,,,,,,,,,seed
c-5209,5209,高圧ガス移動監視者,高圧ガス移動監視者,化学製品製造,機械・電気・ものづくり,domestic,0,0,国家,high,高圧ガス保安法(国家資格),,,,,,,,,,,seed
c-5210,5210,高圧ガス移動監視者,高圧ガス移動監視者,化学製品製造,機械・電気・ものづくり,domestic,0,1,国家,high,高圧ガス保安法(国家資格),,,,,,,,,,,seed
c-5211,5211,高圧ガス移動監視者(液化天然ガス),高圧ガス移動監視者（液化天然ガス）,化学製品製造,機械・電気・ものづくり,domestic,0,0,国家,high,高圧ガス保安法(国家資格),,,,,,,,,,,seed
c-5299,5299,その他の化学製品製造関係資格,その他の化学製品製造関係資格,化学製品製造,機械・電気・ものづくり,domestic,1,0,,,バケット(その他の…),,,,,,,,,,,seed
c-5303,5303,1級陶磁器製造技能士,１級陶磁器製造技能士,窯業・土石製品製造,機械・電気・ものづくり,domestic,0,0,国家,high,技能検定(国家資格・職業能力開発促進法),,,,,,,,,,,seed
c-5304,5304,2級陶磁器製造技能士,２級陶磁器製造技能士,窯業・土石製品製造,機械・電気・ものづくり,domestic,0,0,国家,high,技能検定(国家資格・職業能力開発促進法),,,,,,,,,,,seed
c-5307,5307,1級石材施工技能士,１級石材施工技能士,窯業・土石製品製造,機械・電気・ものづくり,domestic,0,0,国家,high,技能検定(国家資格・職業能力開発促進法),,,,,,,,,,,seed
c-5308,5308,2級石材施工技能士,２級石材施工技能士,窯業・土石製品製造,機械・電気・ものづくり,domestic,0,0,国家,high,技能検定(国家資格・職業能力開発促進法),,,,,,,,,,,seed
c-5399,5399,その他の窯業・土石製品製造関係資格,その他の窯業・土石製品製造関係資格,窯業・土石製品製造,機械・電気・ものづくり,domestic,1,0,,,バケット(その他の…),,,,,,,,,,,seed
c-5401,5401,特級機械加工技能士,特級機械加工技能士,金属加工,機械・電気・ものづくり,domestic,0,0,国家,high,技能検定(国家資格・職業能力開発促進法),,,,,,,,,,,seed
c-5402,5402,1級機械加工技能士,１級機械加工技能士,金属加工,機械・電気・ものづくり,domestic,0,0,国家,high,技能検定(国家資格・職業能力開発促進法),,,,,,,,,,,seed
c-5403,5403,2級機械加工技能士,２級機械加工技能士,金属加工,機械・電気・ものづくり,domestic,0,0,国家,high,技能検定(国家資格・職業能力開発促進法),,,,,,,,,,,seed
c-5404,5404,3級機械加工技能士,３級機械加工技能士,金属加工,機械・電気・ものづくり,domestic,0,0,国家,high,技能検定(国家資格・職業能力開発促進法),,,,,,,,,,,seed
c-5405,5405,特級放電加工技能士,特級放電加工技能士,金属加工,機械・電気・ものづくり,domestic,0,0,国家,high,技能検定(国家資格・職業能力開発促進法),,,,,,,,,,,seed
c-5406,5406,1級放電加工技能士,１級放電加工技能士,金属加工,機械・電気・ものづくり,domestic,0,0,国家,high,技能検定(国家資格・職業能力開発促進法),,,,,,,,,,,seed
c-5407,5407,2級放電加工技能士,２級放電加工技能士,金属加工,機械・電気・ものづくり,domestic,0,0,国家,high,技能検定(国家資格・職業能力開発促進法),,,,,,,,,,,seed
c-5408,5408,1級鉄工技能士,１級鉄工技能士,金属加工,機械・電気・ものづくり,domestic,0,0,国家,high,技能検定(国家資格・職業能力開発促進法),,,,,,,,,,,seed
c-5409,5409,2級鉄工技能士,２級鉄工技能士,金属加工,機械・電気・ものづくり,domestic,0,0,国家,high,技能検定(国家資格・職業能力開発促進法),,,,,,,,,,,seed
c-5410,5410,特級工場板金技能士,特級工場板金技能士,金属加工,機械・電気・ものづくり,domestic,0,0,国家,high,技能検定(国家資格・職業能力開発促進法),,,,,,,,,,,seed
c-5411,5411,1級工場板金技能士,１級工場板金技能士,金属加工,機械・電気・ものづくり,domestic,0,0,国家,high,技能検定(国家資格・職業能力開発促進法),,,,,,,,,,,seed
c-5412,5412,2級工場板金技能士,２級工場板金技能士,金属加工,機械・電気・ものづくり,domestic,0,0,国家,high,技能検定(国家資格・職業能力開発促進法),,,,,,,,,,,seed
c-5413,5413,1級建築板金技能士,１級建築板金技能士,金属加工,機械・電気・ものづくり,domestic,0,0,国家,high,技能検定(国家資格・職業能力開発促進法),,,,,,,,,,,seed
c-5414,5414,2級建築板金技能士,２級建築板金技能士,金属加工,機械・電気・ものづくり,domestic,0,0,国家,high,技能検定(国家資格・職業能力開発促進法),,,,,,,,,,,seed
c-5415,5415,溶射技能士,溶射技能士,金属加工,機械・電気・ものづくり,domestic,0,0,国家,high,技能検定(国家資格・職業能力開発促進法),,,,,,,,,,,seed
c-5416,5416,特級めっき技能士,特級めっき技能士,金属加工,機械・電気・ものづくり,domestic,0,0,国家,high,技能検定(国家資格・職業能力開発促進法),,,,,,,,,,,seed
c-5417,5417,1級めっき技能士,１級めっき技能士,金属加工,機械・電気・ものづくり,domestic,0,0,国家,high,技能検定(国家資格・職業能力開発促進法),,,,,,,,,,,seed
c-5418,5418,2級めっき技能士,２級めっき技能士,金属加工,機械・電気・ものづくり,domestic,0,0,国家,high,技能検定(国家資格・職業能力開発促進法),,,,,,,,,,,seed
c-5419,5419,3級めっき技能士,３級めっき技能士,金属加工,機械・電気・ものづくり,domestic,0,0,国家,high,技能検定(国家資格・職業能力開発促進法),,,,,,,,,,,seed
c-5420,5420,1級アルミニウム陽極酸化処理技能士,１級アルミニウム陽極酸化処理技能士,金属加工,機械・電気・ものづくり,domestic,0,0,国家,high,技能検定(国家資格・職業能力開発促進法),,,,,,,,,,,seed
c-5421,5421,2級アルミニウム陽極酸化処理技能士,２級アルミニウム陽極酸化処理技能士,金属加工,機械・電気・ものづくり,domestic,0,0,国家,high,技能検定(国家資格・職業能力開発促進法),,,,,,,,,,,seed
c-5422,5422,プレス機械作業主任者,プレス機械作業主任者,金属加工,機械・電気・ものづくり,domestic,0,0,国家,high,労働安全衛生法の作業主任者,,,,,,,,,,,seed
c-5423,5423,特級金属プレス加工技能士,特級金属プレス加工技能士,金属加工,機械・電気・ものづくり,domestic,0,0,国家,high,技能検定(国家資格・職業能力開発促進法),,,,,,,,,,,seed
c-5424,5424,1級金属プレス加工技能士,１級金属プレス加工技能士,金属加工,機械・電気・ものづくり,domestic,0,0,国家,high,技能検定(国家資格・職業能力開発促進法),,,,,,,,,,,seed
c-5425,5425,2級金属プレス加工技能士,２級金属プレス加工技能士,金属加工,機械・電気・ものづくり,domestic,0,0,国家,high,技能検定(国家資格・職業能力開発促進法),,,,,,,,,,,seed
c-5426,5426,1級金属ばね製造技能士,１級金属ばね製造技能士,金属加工,機械・電気・ものづくり,domestic,0,0,国家,high,技能検定(国家資格・職業能力開発促進法),,,,,,,,,,,seed
c-5427,5427,2級金属ばね製造技能士,２級金属ばね製造技能士,金属加工,機械・電気・ものづくり,domestic,0,0,国家,high,技能検定(国家資格・職業能力開発促進法),,,,,,,,,,,seed
c-5428,5428,1級ロープ加工技能士,１級ロープ加工技能士,金属加工,機械・電気・ものづくり,domestic,0,0,国家,high,技能検定(国家資格・職業能力開発促進法),,,,,,,,,,,seed
c-5429,5429,2級ロープ加工技能士,２級ロープ加工技能士,金属加工,機械・電気・ものづくり,domestic,0,0,国家,high,技能検定(国家資格・職業能力開発促進法),,,,,,,,,,,seed
c-5431,5431,特級仕上げ技能士,特級仕上げ技能士,金属加工,機械・電気・ものづくり,domestic,0,0,国家,high,技能検定(国家資格・職業能力開発促進法),,,,,,,,,,,seed
c-5432,5432,1級仕上げ技能士,１級仕上げ技能士,金属加工,機械・電気・ものづくり,domestic,0,0,国家,high,技能検定(国家資格・職業能力開発促進法),,,,,,,,,,,seed
c-5433,5433,2級仕上げ技能士,２級仕上げ技能士,金属加工,機械・電気・ものづくり,domestic,0,0,国家,high,技能検定(国家資格・職業能力開発促進法),,,,,,,,,,,seed
c-5438,5438,特級金型製作技能士,特級金型製作技能士,金属加工,機械・電気・ものづくり,domestic,0,0,国家,high,技能検定(国家資格・職業能力開発促進法),,,,,,,,,,,seed
c-5439,5439,1級金型製作技能士,１級金型製作技能士,金属加工,機械・電気・ものづくり,domestic,0,0,国家,high,技能検定(国家資格・職業能力開発促進法),,,,,,,,,,,seed
c-5440,5440,2級金型製作技能士,２級金型製作技能士,金属加工,機械・電気・ものづくり,domestic,0,0,国家,high,技能検定(国家資格・職業能力開発促進法),,,,,,,,,,,seed
c-5441,5441,1級切削工具研削技能士,１級切削工具研削技能士,金属加工,機械・電気・ものづくり,domestic,0,0,国家,high,技能検定(国家資格・職業能力開発促進法),,,,,,,,,,,seed
c-5442,5442,2級切削工具研削技能士,２級切削工具研削技能士,金属加工,機械・電気・ものづくり,domestic,0,0,国家,high,技能検定(国家資格・職業能力開発促進法),,,,,,,,,,,seed
c-5443,5443,特級ダイカスト技能士,特級ダイカスト技能士,金属加工,機械・電気・ものづくり,domestic,0,0,国家,high,技能検定(国家資格・職業能力開発促進法),,,,,,,,,,,seed
c-5444,5444,1級ダイカスト技能士,１級ダイカスト技能士,金属加工,機械・電気・ものづくり,domestic,0,0,国家,high,技能検定(国家資格・職業能力開発促進法),,,,,,,,,,,seed
c-5445,5445,2級ダイカスト技能士,２級ダイカスト技能士,金属加工,機械・電気・ものづくり,domestic,0,0,国家,high,技能検定(国家資格・職業能力開発促進法),,,,,,,,,,,seed
c-5499,5499,その他の金属加工関係資格,その他の金属加工関係資格,金属加工,機械・電気・ものづくり,domestic,1,0,,,バケット(その他の…),,,,,,,,,,,seed
c-5501,5501,特別ボイラー溶接士,特別ボイラー溶接士,金属溶接・溶断,機械・電気・ものづくり,domestic,0,0,国家,high,ボイラー溶接士(国家資格),,,,,,,,,,,seed
c-5502,5502,普通ボイラ-溶接士,普通ボイラ－溶接士,金属溶接・溶断,機械・電気・ものづくり,domestic,0,0,要確認,low,未判定(一次情報での確認待ち),,,,,,,,,,,seed
c-5503,5503,ガス溶接作業主任者,ガス溶接作業主任者,金属溶接・溶断,機械・電気・ものづくり,domestic,0,0,国家,high,労働安全衛生法の作業主任者,,,,,,,,,,,seed
c-5504,5504,溶接管理技術者1級,溶接管理技術者１級,金属溶接・溶断,機械・電気・ものづくり,domestic,0,0,要確認,low,未判定(一次情報での確認待ち),,,,,,,,,,,seed
c-5505,5505,溶接管理技術者2級,溶接管理技術者２級,金属溶接・溶断,機械・電気・ものづくり,domestic,0,0,要確認,low,未判定(一次情報での確認待ち),,,,,,,,,,,seed
c-5506,5506,溶接作業指導者,溶接作業指導者,金属溶接・溶断,機械・電気・ものづくり,domestic,0,0,要確認,low,未判定(一次情報での確認待ち),,,,,,,,,,,seed
c-5507,5507,溶接技能者,溶接技能者,金属溶接・溶断,機械・電気・ものづくり,domestic,0,0,要確認,low,未判定(一次情報での確認待ち),,,,,,,,,,,seed
c-5510,5510,ガス圧接技量検定1種,ガス圧接技量検定１種,金属溶接・溶断,機械・電気・ものづくり,domestic,0,0,要確認,low,未判定(一次情報での確認待ち),,,,,,,,,,,seed
c-5511,5511,ガス圧接技量検定2種,ガス圧接技量検定２種,金属溶接・溶断,機械・電気・ものづくり,domestic,0,0,要確認,low,未判定(一次情報での確認待ち),,,,,,,,,,,seed
c-5512,5512,ガス圧接技量検定3種,ガス圧接技量検定３種,金属溶接・溶断,機械・電気・ものづくり,domestic,0,0,要確認,low,未判定(一次情報での確認待ち),,,,,,,,,,,seed
c-5513,5513,ガス圧接技量検定4種,ガス圧接技量検定４種,金属溶接・溶断,機械・電気・ものづくり,domestic,0,0,要確認,low,未判定(一次情報での確認待ち),,,,,,,,,,,seed
c-5514,5514,ガス溶接技能者,ガス溶接技能者,金属溶接・溶断,機械・電気・ものづくり,domestic,0,0,要確認,low,未判定(一次情報での確認待ち),,,,,,,,,,,seed
c-5515,5515,アーク溶接技能者(専門級),アーク溶接技能者（専門級）,金属溶接・溶断,機械・電気・ものづくり,domestic,0,0,要確認,low,未判定(一次情報での確認待ち),,,,,,,,,,,seed
c-5516,5516,アーク溶接技能者(基本級),アーク溶接技能者（基本級）,金属溶接・溶断,機械・電気・ものづくり,domestic,0,0,要確認,low,未判定(一次情報での確認待ち),,,,,,,,,,,seed
c-5517,5517,ステンレス鋼溶接技能者(専門級),ステンレス鋼溶接技能者（専門級）,金属溶接・溶断,機械・電気・ものづくり,domestic,0,0,要確認,low,未判定(一次情報での確認待ち),,,,,,,,,,,seed
c-5518,5518,ステンレス鋼溶接技能者(基本級),ステンレス鋼溶接技能者（基本級）,金属溶接・溶断,機械・電気・ものづくり,domestic,0,0,要確認,low,未判定(一次情報での確認待ち),,,,,,,,,,,seed
c-5519,5519,アルミニウム溶接技能者(専門級),アルミニウム溶接技能者（専門級）,金属溶接・溶断,機械・電気・ものづくり,domestic,0,0,要確認,low,未判定(一次情報での確認待ち),,,,,,,,,,,seed
c-5520,5520,アルミニウム溶接技能者(基本級),アルミニウム溶接技能者（基本級）,金属溶接・溶断,機械・電気・ものづくり,domestic,0,0,要確認,low,未判定(一次情報での確認待ち),,,,,,,,,,,seed
c-5599,5599,その他の金属溶接・溶断関係資格,その他の金属溶接・溶断関係資格,金属溶接・溶断,機械・電気・ものづくり,domestic,1,0,,,バケット(その他の…),,,,,,,,,,,seed
c-5601,5601,特級機械保全技能士,特級機械保全技能士,一般機械器具組立・修理,機械・電気・ものづくり,domestic,0,0,国家,high,技能検定(国家資格・職業能力開発促進法),,,,,,,,,,,seed
c-5602,5602,1級機械保全技能士,１級機械保全技能士,一般機械器具組立・修理,機械・電気・ものづくり,domestic,0,0,国家,high,技能検定(国家資格・職業能力開発促進法),,,,,,,,,,,seed
c-5603,5603,2級機械保全技能士,２級機械保全技能士,一般機械器具組立・修理,機械・電気・ものづくり,domestic,0,0,国家,high,技能検定(国家資格・職業能力開発促進法),,,,,,,,,,,seed
c-5604,5604,特級機械検査技能士,特級機械検査技能士,一般機械器具組立・修理,機械・電気・ものづくり,domestic,0,0,国家,high,技能検定(国家資格・職業能力開発促進法),,,,,,,,,,,seed
c-5605,5605,1級機械検査技能士,１級機械検査技能士,一般機械器具組立・修理,機械・電気・ものづくり,domestic,0,0,国家,high,技能検定(国家資格・職業能力開発促進法),,,,,,,,,,,seed
c-5606,5606,2級機械検査技能士,２級機械検査技能士,一般機械器具組立・修理,機械・電気・ものづくり,domestic,0,0,国家,high,技能検定(国家資格・職業能力開発促進法),,,,,,,,,,,seed
c-5607,5607,3級機械検査技能士,３級機械検査技能士,一般機械器具組立・修理,機械・電気・ものづくり,domestic,0,0,国家,high,技能検定(国家資格・職業能力開発促進法),,,,,,,,,,,seed
c-5608,5608,特級内燃機関組立て技能士,特級内燃機関組立て技能士,一般機械器具組立・修理,機械・電気・ものづくり,domestic,0,0,国家,high,技能検定(国家資格・職業能力開発促進法),,,,,,,,,,,seed
c-5609,5609,1級内燃機関組立て技能士,１級内燃機関組立て技能士,一般機械器具組立・修理,機械・電気・ものづくり,domestic,0,0,国家,high,技能検定(国家資格・職業能力開発促進法),,,,,,,,,,,seed
c-5610,5610,2級内燃機関組立て技能士,２級内燃機関組立て技能士,一般機械器具組立・修理,機械・電気・ものづくり,domestic,0,0,国家,high,技能検定(国家資格・職業能力開発促進法),,,,,,,,,,,seed
c-5611,5611,3級内燃機関組立て技能士,３級内燃機関組立て技能士,一般機械器具組立・修理,機械・電気・ものづくり,domestic,0,0,国家,high,技能検定(国家資格・職業能力開発促進法),,,,,,,,,,,seed
c-5612,5612,特級空気圧装置組立て技能士,特級空気圧装置組立て技能士,一般機械器具組立・修理,機械・電気・ものづくり,domestic,0,0,国家,high,技能検定(国家資格・職業能力開発促進法),,,,,,,,,,,seed
c-5613,5613,1級空気圧装置組立て技能士,１級空気圧装置組立て技能士,一般機械器具組立・修理,機械・電気・ものづくり,domestic,0,0,国家,high,技能検定(国家資格・職業能力開発促進法),,,,,,,,,,,seed
c-5614,5614,2級空気圧装置組立て技能士,２級空気圧装置組立て技能士,一般機械器具組立・修理,機械・電気・ものづくり,domestic,0,0,国家,high,技能検定(国家資格・職業能力開発促進法),,,,,,,,,,,seed
c-5615,5615,特級油圧装置調整技能士,特級油圧装置調整技能士,一般機械器具組立・修理,機械・電気・ものづくり,domestic,0,0,国家,high,技能検定(国家資格・職業能力開発促進法),,,,,,,,,,,seed
c-5616,5616,1級油圧装置調整技能士,１級油圧装置調整技能士,一般機械器具組立・修理,機械・電気・ものづくり,domestic,0,0,国家,high,技能検定(国家資格・職業能力開発促進法),,,,,,,,,,,seed
c-5617,5617,2級油圧装置調整技能士,２級油圧装置調整技能士,一般機械器具組立・修理,機械・電気・ものづくり,domestic,0,0,国家,high,技能検定(国家資格・職業能力開発促進法),,,,,,,,,,,seed
c-5618,5618,1級縫製機械整備技能士,１級縫製機械整備技能士,一般機械器具組立・修理,機械・電気・ものづくり,domestic,0,0,国家,high,技能検定(国家資格・職業能力開発促進法),,,,,,,,,,,seed
c-5619,5619,2級縫製機械整備技能士,２級縫製機械整備技能士,一般機械器具組立・修理,機械・電気・ものづくり,domestic,0,0,国家,high,技能検定(国家資格・職業能力開発促進法),,,,,,,,,,,seed
c-5620,5620,特級建設機械整備技能士,特級建設機械整備技能士,一般機械器具組立・修理,機械・電気・ものづくり,domestic,0,0,国家,high,技能検定(国家資格・職業能力開発促進法),,,,,,,,,,,seed
c-5621,5621,1級建設機械整備技能士,１級建設機械整備技能士,一般機械器具組立・修理,機械・電気・ものづくり,domestic,0,0,国家,high,技能検定(国家資格・職業能力開発促進法),,,,,,,,,,,seed
c-5622,5622,2級建設機械整備技能士,２級建設機械整備技能士,一般機械器具組立・修理,機械・電気・ものづくり,domestic,0,0,国家,high,技能検定(国家資格・職業能力開発促進法),,,,,,,,,,,seed
c-5623,5623,1級農業機械整備技能士,１級農業機械整備技能士,一般機械器具組立・修理,機械・電気・ものづくり,domestic,0,0,国家,high,技能検定(国家資格・職業能力開発促進法),,,,,,,,,,,seed
c-5624,5624,2級農業機械整備技能士,２級農業機械整備技能士,一般機械器具組立・修理,機械・電気・ものづくり,domestic,0,0,国家,high,技能検定(国家資格・職業能力開発促進法),,,,,,,,,,,seed
c-5699,5699,その他の機械器具組立・修理関係資格,その他の機械器具組立・修理関係資格,一般機械器具組立・修理,機械・電気・ものづくり,domestic,1,0,,,バケット(その他の…),,,,,,,,,,,seed
c-5701,5701,特級電気機器組立て技能士,特級電気機器組立て技能士,電気・電子機器組立,機械・電気・ものづくり,domestic,0,0,国家,high,技能検定(国家資格・職業能力開発促進法),,,,,,,,,,,seed
c-5702,5702,1級電気機器組立て技能士,１級電気機器組立て技能士,電気・電子機器組立,機械・電気・ものづくり,domestic,0,0,国家,high,技能検定(国家資格・職業能力開発促進法),,,,,,,,,,,seed
c-5703,5703,2級電気機器組立て技能士,２級電気機器組立て技能士,電気・電子機器組立,機械・電気・ものづくり,domestic,0,0,国家,high,技能検定(国家資格・職業能力開発促進法),,,,,,,,,,,seed
c-5704,5704,特級電子機器組立て技能士,特級電子機器組立て技能士,電気・電子機器組立,機械・電気・ものづくり,domestic,0,0,国家,high,技能検定(国家資格・職業能力開発促進法),,,,,,,,,,,seed
c-5705,5705,1級電子機器組立て技能士,１級電子機器組立て技能士,電気・電子機器組立,機械・電気・ものづくり,domestic,0,0,国家,high,技能検定(国家資格・職業能力開発促進法),,,,,,,,,,,seed
c-5706,5706,2級電子機器組立て技能士,２級電子機器組立て技能士,電気・電子機器組立,機械・電気・ものづくり,domestic,0,0,国家,high,技能検定(国家資格・職業能力開発促進法),,,,,,,,,,,seed
c-5707,5707,3級電子機器組立て技能士,３級電子機器組立て技能士,電気・電子機器組立,機械・電気・ものづくり,domestic,0,0,国家,high,技能検定(国家資格・職業能力開発促進法),,,,,,,,,,,seed
c-5712,5712,特級自動販売機調整技能士,特級自動販売機調整技能士,電気・電子機器組立,機械・電気・ものづくり,domestic,0,0,国家,high,技能検定(国家資格・職業能力開発促進法),,,,,,,,,,,seed
c-5713,5713,1級自動販売機調整技能士,１級自動販売機調整技能士,電気・電子機器組立,機械・電気・ものづくり,domestic,0,0,国家,high,技能検定(国家資格・職業能力開発促進法),,,,,,,,,,,seed
c-5714,5714,2級自動販売機調整技能士,２級自動販売機調整技能士,電気・電子機器組立,機械・電気・ものづくり,domestic,0,0,国家,high,技能検定(国家資格・職業能力開発促進法),,,,,,,,,,,seed
c-5715,5715,特級半導体製品製造技能士,特級半導体製品製造技能士,電気・電子機器組立,機械・電気・ものづくり,domestic,0,0,国家,high,技能検定(国家資格・職業能力開発促進法),,,,,,,,,,,seed
c-5716,5716,1級半導体製品製造技能士,１級半導体製品製造技能士,電気・電子機器組立,機械・電気・ものづくり,domestic,0,0,国家,high,技能検定(国家資格・職業能力開発促進法),,,,,,,,,,,seed
c-5717,5717,2級半導体製品製造技能士,２級半導体製品製造技能士,電気・電子機器組立,機械・電気・ものづくり,domestic,0,0,国家,high,技能検定(国家資格・職業能力開発促進法),,,,,,,,,,,seed
c-5718,5718,電子回路接続技能士,電子回路接続技能士,電気・電子機器組立,機械・電気・ものづくり,domestic,0,0,国家,high,技能検定(国家資格・職業能力開発促進法),,,,,,,,,,,seed
c-5719,5719,特級プリント配線板製造技能士,特級プリント配線板製造技能士,電気・電子機器組立,機械・電気・ものづくり,domestic,0,0,国家,high,技能検定(国家資格・職業能力開発促進法),,,,,,,,,,,seed
c-5720,5720,1級プリント配線板製造技能士,１級プリント配線板製造技能士,電気・電子機器組立,機械・電気・ものづくり,domestic,0,0,国家,high,技能検定(国家資格・職業能力開発促進法),,,,,,,,,,,seed
c-5721,5721,2級プリント配線板製造技能士,２級プリント配線板製造技能士,電気・電子機器組立,機械・電気・ものづくり,domestic,0,0,国家,high,技能検定(国家資格・職業能力開発促進法),,,,,,,,,,,seed
c-5722,5722,3級プリント配線板製造技能士,３級プリント配線板製造技能士,電気・電子機器組立,機械・電気・ものづくり,domestic,0,0,国家,high,技能検定(国家資格・職業能力開発促進法),,,,,,,,,,,seed
c-5727,5727,家電製品エンジニア(生活家電),家電製品エンジニア（生活家電）,電気・電子機器組立,機械・電気・ものづくり,domestic,0,0,民間,medium,民間資格,,,,,,,,,,,seed
c-5728,5728,家電製品エンジニア(AV情報家電),家電製品エンジニア（ＡＶ情報家電）,電気・電子機器組立,機械・電気・ものづくり,domestic,0,0,民間,medium,民間資格,,,,,,,,,,,seed
c-5799,5799,その他の電気・電子機器組立関係資格,その他の電気・電子機器組立関係資格,電気・電子機器組立,機械・電気・ものづくり,domestic,1,0,,,バケット(その他の…),,,,,,,,,,,seed
c-5801,5801,自動車タイヤ整備士,自動車タイヤ整備士,輸送用機械組立・修理・検査,機械・電気・ものづくり,domestic,0,0,国家,high,自動車整備士(国家資格),,,,,,,,,,,seed
c-5802,5802,自動車電気装置整備士,自動車電気装置整備士,輸送用機械組立・修理・検査,機械・電気・ものづくり,domestic,0,0,国家,high,自動車整備士(国家資格),,,,,,,,,,,seed
c-5803,5803,自動車車体整備士,自動車車体整備士,輸送用機械組立・修理・検査,機械・電気・ものづくり,domestic,0,0,国家,high,自動車整備士(国家資格),,,,,,,,,,,seed
c-5804,5804,一等航空整備士,一等航空整備士,輸送用機械組立・修理・検査,機械・電気・ものづくり,domestic,0,0,国家,high,航空整備士(国家資格),,,,,,,,,,,seed
c-5805,5805,二等航空整備士,二等航空整備士,輸送用機械組立・修理・検査,機械・電気・ものづくり,domestic,0,0,国家,high,航空整備士(国家資格),,,,,,,,,,,seed
c-5807,5807,航空工場整備士,航空工場整備士,輸送用機械組立・修理・検査,機械・電気・ものづくり,domestic,0,0,国家,high,航空整備士(国家資格),,,,,,,,,,,seed
c-5808,5808,1級産業車両整備技能士,１級産業車両整備技能士,輸送用機械組立・修理・検査,機械・電気・ものづくり,domestic,0,0,国家,high,技能検定(国家資格・職業能力開発促進法),,,,,,,,,,,seed
c-5809,5809,2級産業車両整備技能士,２級産業車両整備技能士,輸送用機械組立・修理・検査,機械・電気・ものづくり,domestic,0,0,国家,high,技能検定(国家資格・職業能力開発促進法),,,,,,,,,,,seed
c-5810,5810,1級鉄道車両製造・整備技能士,１級鉄道車両製造・整備技能士,輸送用機械組立・修理・検査,機械・電気・ものづくり,domestic,0,0,国家,high,技能検定(国家資格・職業能力開発促進法),,,,,,,,,,,seed
c-5811,5811,2級鉄道車両製造・整備技能士,２級鉄道車両製造・整備技能士,輸送用機械組立・修理・検査,機械・電気・ものづくり,domestic,0,0,国家,high,技能検定(国家資格・職業能力開発促進法),,,,,,,,,,,seed
c-5812,5812,自転車安全整備士,自転車安全整備士,輸送用機械組立・修理・検査,機械・電気・ものづくり,domestic,0,0,要確認,low,未判定(一次情報での確認待ち),,,,,,,,,,,seed
c-5813,5813,二級ガソリン自動車整備士,二級ガソリン自動車整備士,輸送用機械組立・修理・検査,機械・電気・ものづくり,domestic,0,0,国家,high,自動車整備士(国家資格),,,,,,,,,,,seed
c-5814,5814,二級ジーゼル自動車整備士,二級ジーゼル自動車整備士,輸送用機械組立・修理・検査,機械・電気・ものづくり,domestic,0,0,国家,high,自動車整備士(国家資格),,,,,,,,,,,seed
c-5815,5815,三級自動車ガソリン・エンジン整備士,三級自動車ガソリン・エンジン整備士,輸送用機械組立・修理・検査,機械・電気・ものづくり,domestic,0,0,国家,high,自動車整備士(国家資格),,,,,,,,,,,seed
c-5816,5816,三級自動車ジーゼル・エンジン整備士,三級自動車ジーゼル・エンジン整備士,輸送用機械組立・修理・検査,機械・電気・ものづくり,domestic,0,0,国家,high,自動車整備士(国家資格),,,,,,,,,,,seed
c-5817,5817,三級自動車シャシ整備士,三級自動車シャシ整備士,輸送用機械組立・修理・検査,機械・電気・ものづくり,domestic,0,0,国家,high,自動車整備士(国家資格),,,,,,,,,,,seed
c-5818,5818,二級自動車整備士,二級自動車整備士,輸送用機械組立・修理・検査,機械・電気・ものづくり,domestic,0,0,国家,high,自動車整備士(国家資格),,,,,,,,,,,seed
c-5819,5819,三級自動車整備士,三級自動車整備士,輸送用機械組立・修理・検査,機械・電気・ものづくり,domestic,0,0,国家,high,自動車整備士(国家資格),,,,,,,,,,,seed
c-5820,5820,自動車整備士(二輪),自動車整備士（二輪）,輸送用機械組立・修理・検査,機械・電気・ものづくり,domestic,0,0,国家,high,自動車整備士(国家資格),,,,,,,,,,,seed
c-5821,5821,自転車技士(旧自転車組立整備士),自転車技士（旧自転車組立整備士）,輸送用機械組立・修理・検査,機械・電気・ものづくり,domestic,0,0,要確認,low,未判定(一次情報での確認待ち),,,,,,,,,,,seed
c-5822,5822,自動車検査員,自動車検査員,輸送用機械組立・修理・検査,機械・電気・ものづくり,domestic,0,0,国家,high,国家資格(法律に基づく),,,,,,,,,,,seed
c-5823,5823,整備管理者,整備管理者,輸送用機械組立・修理・検査,機械・電気・ものづくり,domestic,0,0,国家,high,国家資格(法律に基づく),,,,,,,,,,,seed
c-5824,5824,一級大型自動車整備士,一級大型自動車整備士,輸送用機械組立・修理・検査,機械・電気・ものづくり,domestic,0,0,国家,high,自動車整備士(国家資格),,,,,,,,,,,seed
c-5825,5825,一級小型自動車整備士,一級小型自動車整備士,輸送用機械組立・修理・検査,機械・電気・ものづくり,domestic,0,0,国家,high,自動車整備士(国家資格),,,,,,,,,,,seed
c-5899,5899,その他の輸送用機械組立・修理・検査関係資格,その他の輸送用機械組立・修理・検査関係資格,輸送用機械組立・修理・検査,機械・電気・ものづくり,domestic,1,0,,,バケット(その他の…),,,,,,,,,,,seed
c-5901,5901,1級時計修理技能士,１級時計修理技能士,計器・光学機器組立・修理・検査,機械・電気・ものづくり,domestic,0,0,国家,high,技能検定(国家資格・職業能力開発促進法),,,,,,,,,,,seed
c-5902,5902,2級時計修理技能士,２級時計修理技能士,計器・光学機器組立・修理・検査,機械・電気・ものづくり,domestic,0,0,国家,high,技能検定(国家資格・職業能力開発促進法),,,,,,,,,,,seed
c-5903,5903,3級時計修理技能士,３級時計修理技能士,計器・光学機器組立・修理・検査,機械・電気・ものづくり,domestic,0,0,国家,high,技能検定(国家資格・職業能力開発促進法),,,,,,,,,,,seed
c-5904,5904,一般計量士,一般計量士,計器・光学機器組立・修理・検査,機械・電気・ものづくり,domestic,0,0,国家,high,国家資格(法律に基づく),,,,,,,,,,,seed
c-5905,5905,環境計量士,環境計量士,計器・光学機器組立・修理・検査,機械・電気・ものづくり,domestic,0,0,国家,high,国家資格(法律に基づく),,,,,,,,,,,seed
c-5906,5906,特級光学機器製造技能士,特級光学機器製造技能士,計器・光学機器組立・修理・検査,機械・電気・ものづくり,domestic,0,0,国家,high,技能検定(国家資格・職業能力開発促進法),,,,,,,,,,,seed
c-5907,5907,1級光学機器製造技能士,１級光学機器製造技能士,計器・光学機器組立・修理・検査,機械・電気・ものづくり,domestic,0,0,国家,high,技能検定(国家資格・職業能力開発促進法),,,,,,,,,,,seed
c-5908,5908,2級光学機器製造技能士,２級光学機器製造技能士,計器・光学機器組立・修理・検査,機械・電気・ものづくり,domestic,0,0,国家,high,技能検定(国家資格・職業能力開発促進法),,,,,,,,,,,seed
c-5999,5999,その他の計器・光学機器組立・修理・検査関係資格,その他の計器・光学機器組立・修理・検査関係資格,計器・光学機器組立・修理・検査,機械・電気・ものづくり,domestic,1,0,,,バケット(その他の…),,,,,,,,,,,seed
c-6001,6001,特級パン製造技能士,特級パン製造技能士,飲食料品製造,食品・調理・栄養,domestic,0,0,国家,high,技能検定(国家資格・職業能力開発促進法),,,,,,,,,,,seed
c-6002,6002,1級パン製造技能士,１級パン製造技能士,飲食料品製造,食品・調理・栄養,domestic,0,0,国家,high,技能検定(国家資格・職業能力開発促進法),,,,,,,,,,,seed
c-6003,6003,2級パン製造技能士,２級パン製造技能士,飲食料品製造,食品・調理・栄養,domestic,0,0,国家,high,技能検定(国家資格・職業能力開発促進法),,,,,,,,,,,seed
c-6004,6004,製菓衛生師,製菓衛生師,飲食料品製造,食品・調理・栄養,domestic,0,0,国家,high,国家資格(法律に基づく),,,,,,,,,,,seed
c-6005,6005,1級菓子製造技能士,１級菓子製造技能士,飲食料品製造,食品・調理・栄養,domestic,0,0,国家,high,技能検定(国家資格・職業能力開発促進法),,,,,,,,,,,seed
c-6006,6006,2級菓子製造技能士,２級菓子製造技能士,飲食料品製造,食品・調理・栄養,domestic,0,0,国家,high,技能検定(国家資格・職業能力開発促進法),,,,,,,,,,,seed
c-6007,6007,製麺技能士,製麺技能士,飲食料品製造,食品・調理・栄養,domestic,0,0,国家,high,技能検定(国家資格・職業能力開発促進法),,,,,,,,,,,seed
c-6008,6008,1級ハム・ソーセージ・ベーコン製造技能士,１級ハム・ソーセージ・ベーコン製造技能士,飲食料品製造,食品・調理・栄養,domestic,0,0,国家,high,技能検定(国家資格・職業能力開発促進法),,,,,,,,,,,seed
c-6009,6009,2級ハム・ソーセージ・ベーコン製造技能士,２級ハム・ソーセージ・ベーコン製造技能士,飲食料品製造,食品・調理・栄養,domestic,0,0,国家,high,技能検定(国家資格・職業能力開発促進法),,,,,,,,,,,seed
c-6010,6010,1級水産練り製品製造技能士,１級水産練り製品製造技能士,飲食料品製造,食品・調理・栄養,domestic,0,0,国家,high,技能検定(国家資格・職業能力開発促進法),,,,,,,,,,,seed
c-6011,6011,2級水産練り製品製造技能士,２級水産練り製品製造技能士,飲食料品製造,食品・調理・栄養,domestic,0,0,国家,high,技能検定(国家資格・職業能力開発促進法),,,,,,,,,,,seed
c-6012,6012,1級みそ製造技能士,１級みそ製造技能士,飲食料品製造,食品・調理・栄養,domestic,0,0,国家,high,技能検定(国家資格・職業能力開発促進法),,,,,,,,,,,seed
c-6013,6013,2級みそ製造技能士,２級みそ製造技能士,飲食料品製造,食品・調理・栄養,domestic,0,0,国家,high,技能検定(国家資格・職業能力開発促進法),,,,,,,,,,,seed
c-6014,6014,1級酒造技能士,１級酒造技能士,飲食料品製造,食品・調理・栄養,domestic,0,0,国家,high,技能検定(国家資格・職業能力開発促進法),,,,,,,,,,,seed
c-6015,6015,2級酒造技能士,２級酒造技能士,飲食料品製造,食品・調理・栄養,domestic,0,0,国家,high,技能検定(国家資格・職業能力開発促進法),,,,,,,,,,,seed
c-6099,6099,その他の食料品製造関係資格,その他の食料品製造関係資格,飲食料品製造,食品・調理・栄養,domestic,1,0,,,バケット(その他の…),,,,,,,,,,,seed
c-6101,6101,1級染色技能士,１級染色技能士,紡織・染色・縫製,機械・電気・ものづくり,domestic,0,0,国家,high,技能検定(国家資格・職業能力開発促進法),,,,,,,,,,,seed
c-6102,6102,2級染色技能士,２級染色技能士,紡織・染色・縫製,機械・電気・ものづくり,domestic,0,0,国家,high,技能検定(国家資格・職業能力開発促進法),,,,,,,,,,,seed
c-6103,6103,1級ニット製品製造技能士,１級ニット製品製造技能士,紡織・染色・縫製,機械・電気・ものづくり,domestic,0,0,国家,high,技能検定(国家資格・職業能力開発促進法),,,,,,,,,,,seed
c-6104,6104,2級ニット製品製造技能士,２級ニット製品製造技能士,紡織・染色・縫製,機械・電気・ものづくり,domestic,0,0,国家,high,技能検定(国家資格・職業能力開発促進法),,,,,,,,,,,seed
c-6105,6105,特級婦人子供服製造技能士,特級婦人子供服製造技能士,紡織・染色・縫製,機械・電気・ものづくり,domestic,0,0,国家,high,技能検定(国家資格・職業能力開発促進法),,,,,,,,,,,seed
c-6106,6106,1級婦人子供服製造技能士,１級婦人子供服製造技能士,紡織・染色・縫製,機械・電気・ものづくり,domestic,0,0,国家,high,技能検定(国家資格・職業能力開発促進法),,,,,,,,,,,seed
c-6107,6107,2級婦人子供服製造技能士,２級婦人子供服製造技能士,紡織・染色・縫製,機械・電気・ものづくり,domestic,0,0,国家,high,技能検定(国家資格・職業能力開発促進法),,,,,,,,,,,seed
c-6108,6108,特級紳士服製造技能士,特級紳士服製造技能士,紡織・染色・縫製,機械・電気・ものづくり,domestic,0,0,国家,high,技能検定(国家資格・職業能力開発促進法),,,,,,,,,,,seed
c-6109,6109,1級紳士服製造技能士,１級紳士服製造技能士,紡織・染色・縫製,機械・電気・ものづくり,domestic,0,0,国家,high,技能検定(国家資格・職業能力開発促進法),,,,,,,,,,,seed
c-6110,6110,2級紳士服製造技能士,２級紳士服製造技能士,紡織・染色・縫製,機械・電気・ものづくり,domestic,0,0,国家,high,技能検定(国家資格・職業能力開発促進法),,,,,,,,,,,seed
c-6111,6111,1級和裁技能士,１級和裁技能士,紡織・染色・縫製,機械・電気・ものづくり,domestic,0,0,国家,high,技能検定(国家資格・職業能力開発促進法),,,,,,,,,,,seed
c-6112,6112,2級和裁技能士,２級和裁技能士,紡織・染色・縫製,機械・電気・ものづくり,domestic,0,0,国家,high,技能検定(国家資格・職業能力開発促進法),,,,,,,,,,,seed
c-6113,6113,3級和裁技能士,３級和裁技能士,紡織・染色・縫製,機械・電気・ものづくり,domestic,0,0,国家,high,技能検定(国家資格・職業能力開発促進法),,,,,,,,,,,seed
c-6114,6114,1級布はく縫製技能士,１級布はく縫製技能士,紡織・染色・縫製,機械・電気・ものづくり,domestic,0,0,国家,high,技能検定(国家資格・職業能力開発促進法),,,,,,,,,,,seed
c-6115,6115,2級布はく縫製技能士,２級布はく縫製技能士,紡織・染色・縫製,機械・電気・ものづくり,domestic,0,0,国家,high,技能検定(国家資格・職業能力開発促進法),,,,,,,,,,,seed
c-6116,6116,1級寝具製作技能士,１級寝具製作技能士,紡織・染色・縫製,機械・電気・ものづくり,domestic,0,0,国家,high,技能検定(国家資格・職業能力開発促進法),,,,,,,,,,,seed
c-6117,6117,2級寝具製作技能士,２級寝具製作技能士,紡織・染色・縫製,機械・電気・ものづくり,domestic,0,0,国家,high,技能検定(国家資格・職業能力開発促進法),,,,,,,,,,,seed
c-6118,6118,1級帆布製品製造技能士,１級帆布製品製造技能士,紡織・染色・縫製,機械・電気・ものづくり,domestic,0,0,国家,high,技能検定(国家資格・職業能力開発促進法),,,,,,,,,,,seed
c-6119,6119,2級帆布製品製造技能士,２級帆布製品製造技能士,紡織・染色・縫製,機械・電気・ものづくり,domestic,0,0,国家,high,技能検定(国家資格・職業能力開発促進法),,,,,,,,,,,seed
c-6120,6120,パターンメーキング技術検定,パターンメーキング技術検定,紡織・染色・縫製,機械・電気・ものづくり,domestic,0,0,要確認,low,未判定(一次情報での確認待ち),,,,,,,,,,,seed
c-6199,6199,その他の紡織・染色・縫製関係資格,その他の紡織・染色・縫製関係資格,紡織・染色・縫製,機械・電気・ものづくり,domestic,1,0,,,バケット(その他の…),,,,,,,,,,,seed
c-6201,6201,木材加工用機械作業主任者,木材加工用機械作業主任者,木・紙製品製造,機械・電気・ものづくり,domestic,0,0,国家,high,労働安全衛生法の作業主任者,,,,,,,,,,,seed
c-6202,6202,1級機械木工技能士,１級機械木工技能士,木・紙製品製造,機械・電気・ものづくり,domestic,0,0,国家,high,技能検定(国家資格・職業能力開発促進法),,,,,,,,,,,seed
c-6203,6203,2級機械木工技能士,２級機械木工技能士,木・紙製品製造,機械・電気・ものづくり,domestic,0,0,国家,high,技能検定(国家資格・職業能力開発促進法),,,,,,,,,,,seed
c-6206,6206,1級家具製作技能士,１級家具製作技能士,木・紙製品製造,機械・電気・ものづくり,domestic,0,0,国家,high,技能検定(国家資格・職業能力開発促進法),,,,,,,,,,,seed
c-6207,6207,2級家具製作技能士,２級家具製作技能士,木・紙製品製造,機械・電気・ものづくり,domestic,0,0,国家,high,技能検定(国家資格・職業能力開発促進法),,,,,,,,,,,seed
c-6208,6208,1級建具製作技能士,１級建具製作技能士,木・紙製品製造,機械・電気・ものづくり,domestic,0,0,国家,high,技能検定(国家資格・職業能力開発促進法),,,,,,,,,,,seed
c-6209,6209,2級建具製作技能士,２級建具製作技能士,木・紙製品製造,機械・電気・ものづくり,domestic,0,0,国家,high,技能検定(国家資格・職業能力開発促進法),,,,,,,,,,,seed
c-6212,6212,1級紙器・段ボール箱製造技能士,１級紙器・段ボール箱製造技能士,木・紙製品製造,機械・電気・ものづくり,domestic,0,0,国家,high,技能検定(国家資格・職業能力開発促進法),,,,,,,,,,,seed
c-6213,6213,2級紙器・段ボール箱製造技能士,２級紙器・段ボール箱製造技能士,木・紙製品製造,機械・電気・ものづくり,domestic,0,0,国家,high,技能検定(国家資格・職業能力開発促進法),,,,,,,,,,,seed
c-6214,6214,1級畳製作技能士,１級畳製作技能士,木・紙製品製造,機械・電気・ものづくり,domestic,0,0,国家,high,技能検定(国家資格・職業能力開発促進法),,,,,,,,,,,seed
c-6215,6215,2級畳製作技能士,２級畳製作技能士,木・紙製品製造,機械・電気・ものづくり,domestic,0,0,国家,high,技能検定(国家資格・職業能力開発促進法),,,,,,,,,,,seed
c-6299,6299,その他の木・紙製品製造関係資格,その他の木・紙製品製造関係資格,木・紙製品製造,機械・電気・ものづくり,domestic,1,0,,,バケット(その他の…),,,,,,,,,,,seed
c-6301,6301,1級プリプレス技能士(旧:製版技能士),１級プリプレス技能士（旧：製版技能士）,印刷・製本,機械・電気・ものづくり,domestic,0,0,国家,high,技能検定(国家資格・職業能力開発促進法),,,,,,,,,,,seed
c-6302,6302,2級プリプレス技能士(旧:製版技能士),２級プリプレス技能士（旧：製版技能士）,印刷・製本,機械・電気・ものづくり,domestic,0,0,国家,high,技能検定(国家資格・職業能力開発促進法),,,,,,,,,,,seed
c-6303,6303,1級印刷技能士,１級印刷技能士,印刷・製本,機械・電気・ものづくり,domestic,0,0,国家,high,技能検定(国家資格・職業能力開発促進法),,,,,,,,,,,seed
c-6304,6304,2級印刷技能士,２級印刷技能士,印刷・製本,機械・電気・ものづくり,domestic,0,0,国家,high,技能検定(国家資格・職業能力開発促進法),,,,,,,,,,,seed
c-6305,6305,1級製本技能士,１級製本技能士,印刷・製本,機械・電気・ものづくり,domestic,0,0,国家,high,技能検定(国家資格・職業能力開発促進法),,,,,,,,,,,seed
c-6306,6306,2級製本技能士,２級製本技能士,印刷・製本,機械・電気・ものづくり,domestic,0,0,国家,high,技能検定(国家資格・職業能力開発促進法),,,,,,,,,,,seed
c-6307,6307,DTPエキスパート,ＤＴＰエキスパート,印刷・製本,機械・電気・ものづくり,domestic,0,0,要確認,low,未判定(一次情報での確認待ち),,,,,,,,,,,seed
c-6399,6399,その他の印刷・製本関係資格,その他の印刷・製本関係資格,印刷・製本,機械・電気・ものづくり,domestic,1,0,,,バケット(その他の…),,,,,,,,,,,seed
c-6401,6401,特級プラスチック成形技能士,特級プラスチック成形技能士,プラスチック製品製造,機械・電気・ものづくり,domestic,0,0,国家,high,技能検定(国家資格・職業能力開発促進法),,,,,,,,,,,seed
c-6402,6402,1級プラスチック成形技能士,１級プラスチック成形技能士,プラスチック製品製造,機械・電気・ものづくり,domestic,0,0,国家,high,技能検定(国家資格・職業能力開発促進法),,,,,,,,,,,seed
c-6403,6403,2級プラスチック成形技能士,２級プラスチック成形技能士,プラスチック製品製造,機械・電気・ものづくり,domestic,0,0,国家,high,技能検定(国家資格・職業能力開発促進法),,,,,,,,,,,seed
c-6404,6404,3級プラスチック成形技能士,３級プラスチック成形技能士,プラスチック製品製造,機械・電気・ものづくり,domestic,0,0,国家,high,技能検定(国家資格・職業能力開発促進法),,,,,,,,,,,seed
c-6405,6405,1級強化プラスチック成形技能士,１級強化プラスチック成形技能士,プラスチック製品製造,機械・電気・ものづくり,domestic,0,0,国家,high,技能検定(国家資格・職業能力開発促進法),,,,,,,,,,,seed
c-6406,6406,2級強化プラスチック成形技能士,２級強化プラスチック成形技能士,プラスチック製品製造,機械・電気・ものづくり,domestic,0,0,国家,high,技能検定(国家資格・職業能力開発促進法),,,,,,,,,,,seed
c-6499,6499,その他のプラスチック製品製造関係資格,その他のプラスチック製品製造関係資格,プラスチック製品製造,機械・電気・ものづくり,domestic,1,0,,,バケット(その他の…),,,,,,,,,,,seed
c-6503,6503,1級貴金属装身具製作技能士,１級貴金属装身具製作技能士,装身具等身の回り品製造,機械・電気・ものづくり,domestic,0,0,国家,high,技能検定(国家資格・職業能力開発促進法),,,,,,,,,,,seed
c-6504,6504,2級貴金属装身具製作技能士,２級貴金属装身具製作技能士,装身具等身の回り品製造,機械・電気・ものづくり,domestic,0,0,国家,high,技能検定(国家資格・職業能力開発促進法),,,,,,,,,,,seed
c-6507,6507,1級印章彫刻技能士,１級印章彫刻技能士,装身具等身の回り品製造,機械・電気・ものづくり,domestic,0,0,国家,high,技能検定(国家資格・職業能力開発促進法),,,,,,,,,,,seed
c-6508,6508,2級印章彫刻技能士,２級印章彫刻技能士,装身具等身の回り品製造,機械・電気・ものづくり,domestic,0,0,国家,high,技能検定(国家資格・職業能力開発促進法),,,,,,,,,,,seed
c-6509,6509,1級義肢・装具製作技能士,１級義肢・装具製作技能士,装身具等身の回り品製造,機械・電気・ものづくり,domestic,0,0,国家,high,技能検定(国家資格・職業能力開発促進法),,,,,,,,,,,seed
c-6510,6510,2級義肢・装具製作技能士,２級義肢・装具製作技能士,装身具等身の回り品製造,機械・電気・ものづくり,domestic,0,0,国家,high,技能検定(国家資格・職業能力開発促進法),,,,,,,,,,,seed
c-6511,6511,伝統工芸士,伝統工芸士,装身具等身の回り品製造,機械・電気・ものづくり,domestic,0,0,要確認,low,未判定(一次情報での確認待ち),,,,,,,,,,,seed
c-6599,6599,その他の装身具等身の回り品製造関係資格,その他の装身具等身の回り品製造関係資格,装身具等身の回り品製造,機械・電気・ものづくり,domestic,1,0,,,バケット(その他の…),,,,,,,,,,,seed
c-6601,6601,1級表装技能士,１級表装技能士,その他の製造・制作,機械・電気・ものづくり,domestic,0,0,国家,high,技能検定(国家資格・職業能力開発促進法),,,,,,,,,,,seed
c-6602,6602,2級表装技能士,２級表装技能士,その他の製造・制作,機械・電気・ものづくり,domestic,0,0,国家,high,技能検定(国家資格・職業能力開発促進法),,,,,,,,,,,seed
c-6603,6603,1級塗装技能士,１級塗装技能士,その他の製造・制作,機械・電気・ものづくり,domestic,0,0,国家,high,技能検定(国家資格・職業能力開発促進法),,,,,,,,,,,seed
c-6604,6604,2級塗装技能士,２級塗装技能士,その他の製造・制作,機械・電気・ものづくり,domestic,0,0,国家,high,技能検定(国家資格・職業能力開発促進法),,,,,,,,,,,seed
c-6605,6605,塗料調色技能士,塗料調色技能士,その他の製造・制作,機械・電気・ものづくり,domestic,0,0,国家,high,技能検定(国家資格・職業能力開発促進法),,,,,,,,,,,seed
c-6606,6606,1級広告美術仕上げ技能士,１級広告美術仕上げ技能士,その他の製造・制作,機械・電気・ものづくり,domestic,0,0,国家,high,技能検定(国家資格・職業能力開発促進法),,,,,,,,,,,seed
c-6607,6607,2級広告美術仕上げ技能士,２級広告美術仕上げ技能士,その他の製造・制作,機械・電気・ものづくり,domestic,0,0,国家,high,技能検定(国家資格・職業能力開発促進法),,,,,,,,,,,seed
c-6608,6608,3級広告美術仕上げ技能士,３級広告美術仕上げ技能士,その他の製造・制作,機械・電気・ものづくり,domestic,0,0,国家,high,技能検定(国家資格・職業能力開発促進法),,,,,,,,,,,seed
c-6609,6609,1級写真技能士,１級写真技能士,その他の製造・制作,機械・電気・ものづくり,domestic,0,0,国家,high,技能検定(国家資格・職業能力開発促進法),,,,,,,,,,,seed
c-6610,6610,2級写真技能士,２級写真技能士,その他の製造・制作,機械・電気・ものづくり,domestic,0,0,国家,high,技能検定(国家資格・職業能力開発促進法),,,,,,,,,,,seed
c-6611,6611,3級写真技能士,３級写真技能士,その他の製造・制作,機械・電気・ものづくり,domestic,0,0,国家,high,技能検定(国家資格・職業能力開発促進法),,,,,,,,,,,seed
c-6612,6612,CAD利用技術者1級,ＣＡＤ利用技術者１級,その他の製造・制作,機械・電気・ものづくり,domestic,0,0,要確認,low,未判定(一次情報での確認待ち),,,,,,,,,,,seed
c-6613,6613,CAD利用技術者2級,ＣＡＤ利用技術者２級,その他の製造・制作,機械・電気・ものづくり,domestic,0,0,要確認,low,未判定(一次情報での確認待ち),,,,,,,,,,,seed
c-6617,6617,トレース技能検定1級,トレース技能検定１級,その他の製造・制作,機械・電気・ものづくり,domestic,0,0,要確認,low,未判定(一次情報での確認待ち),,,,,,,,,,,seed
c-6618,6618,トレース技能検定2級,トレース技能検定２級,その他の製造・制作,機械・電気・ものづくり,domestic,0,0,要確認,low,未判定(一次情報での確認待ち),,,,,,,,,,,seed
c-6619,6619,トレース技能検定3級,トレース技能検定３級,その他の製造・制作,機械・電気・ものづくり,domestic,0,0,要確認,low,未判定(一次情報での確認待ち),,,,,,,,,,,seed
c-6620,6620,トレース技能検定4級,トレース技能検定４級,その他の製造・制作,機械・電気・ものづくり,domestic,0,0,要確認,low,未判定(一次情報での確認待ち),,,,,,,,,,,seed
c-6621,6621,レタリング技能検定1級,レタリング技能検定１級,その他の製造・制作,機械・電気・ものづくり,domestic,0,0,要確認,low,未判定(一次情報での確認待ち),,,,,,,,,,,seed
c-6622,6622,レタリング技能検定2級,レタリング技能検定２級,その他の製造・制作,機械・電気・ものづくり,domestic,0,0,要確認,low,未判定(一次情報での確認待ち),,,,,,,,,,,seed
c-6623,6623,レタリング技能検定3級,レタリング技能検定３級,その他の製造・制作,機械・電気・ものづくり,domestic,0,0,要確認,low,未判定(一次情報での確認待ち),,,,,,,,,,,seed
c-6624,6624,レタリング技能検定4級,レタリング技能検定４級,その他の製造・制作,機械・電気・ものづくり,domestic,0,0,要確認,low,未判定(一次情報での確認待ち),,,,,,,,,,,seed
c-6625,6625,1級テクニカルイラストレーション技能士,１級テクニカルイラストレーション技能士,その他の製造・制作,機械・電気・ものづくり,domestic,0,0,国家,high,技能検定(国家資格・職業能力開発促進法),,,,,,,,,,,seed
c-6626,6626,2級テクニカルイラストレーション技能士,２級テクニカルイラストレーション技能士,その他の製造・制作,機械・電気・ものづくり,domestic,0,0,国家,high,技能検定(国家資格・職業能力開発促進法),,,,,,,,,,,seed
c-6627,6627,3級テクニカルイラストレーション技能士,３級テクニカルイラストレーション技能士,その他の製造・制作,機械・電気・ものづくり,domestic,0,0,国家,high,技能検定(国家資格・職業能力開発促進法),,,,,,,,,,,seed
c-6630,6630,1級機械・プラント製図技能士,１級機械・プラント製図技能士,その他の製造・制作,機械・電気・ものづくり,domestic,0,0,国家,high,技能検定(国家資格・職業能力開発促進法),,,,,,,,,,,seed
c-6631,6631,2級機械・プラント製図技能士,２級機械・プラント製図技能士,その他の製造・制作,機械・電気・ものづくり,domestic,0,0,国家,high,技能検定(国家資格・職業能力開発促進法),,,,,,,,,,,seed
c-6632,6632,1級電気製図技能士,１級電気製図技能士,その他の製造・制作,機械・電気・ものづくり,domestic,0,0,国家,high,技能検定(国家資格・職業能力開発促進法),,,,,,,,,,,seed
c-6633,6633,2級電気製図技能士,２級電気製図技能士,その他の製造・制作,機械・電気・ものづくり,domestic,0,0,国家,high,技能検定(国家資格・職業能力開発促進法),,,,,,,,,,,seed
c-6634,6634,3級電気製図技能士,３級電気製図技能士,その他の製造・制作,機械・電気・ものづくり,domestic,0,0,国家,high,技能検定(国家資格・職業能力開発促進法),,,,,,,,,,,seed
c-6635,6635,1級工業包装技能士,１級工業包装技能士,その他の製造・制作,機械・電気・ものづくり,domestic,0,0,国家,high,技能検定(国家資格・職業能力開発促進法),,,,,,,,,,,seed
c-6636,6636,2級工業包装技能士,２級工業包装技能士,その他の製造・制作,機械・電気・ものづくり,domestic,0,0,国家,high,技能検定(国家資格・職業能力開発促進法),,,,,,,,,,,seed
c-6637,6637,防錆管理士,防錆管理士,その他の製造・制作,機械・電気・ものづくり,domestic,0,0,要確認,low,未判定(一次情報での確認待ち),,,,,,,,,,,seed
c-6699,6699,その他の製造・制作関係資格,その他の製造・制作関係資格,その他の製造・制作,機械・電気・ものづくり,domestic,1,0,,,バケット(その他の…),,,,,,,,,,,seed
c-6701,6701,特級ボイラー技士,特級ボイラー技士,定置・建設機械の運転,設備・プラント・機械運転,domestic,0,0,国家,high,ボイラー技士(国家資格),,,,,,,,,,,seed
c-6702,6702,1級ボイラー技士,１級ボイラー技士,定置・建設機械の運転,設備・プラント・機械運転,domestic,0,0,国家,high,ボイラー技士(国家資格),公益財団法人 安全衛生技術試験協会,https://www.exam.or.jp/introduction/h_shokai112/,二級ボイラー技士免許取得者等(受験資格あり),学科・五肢択一式・3科目・4時間。各科目40%以上かつ合計60%以上で合格,"8,800円",43.8%(令和6年度),全国の安全衛生技術センターで随時,,,2026-06-18,published
c-6703,6703,2級ボイラー技士,２級ボイラー技士,定置・建設機械の運転,設備・プラント・機械運転,domestic,0,0,国家,high,ボイラー技士(国家資格),公益財団法人 安全衛生技術試験協会(免許交付・実技講習は日本ボイラ協会),https://www.exam.or.jp/,受験資格なし(免許交付には実務経験・実技講習が必要),五肢択一・マークシート(筆記のみ・CBTなし),"8,800円(2023年改定)",53.8%(令和6年度),各センターで月1〜2回,,,2026-06-18,published
c-6704,6704,ボイラー整備士,ボイラー整備士,定置・建設機械の運転,設備・プラント・機械運転,domestic,0,0,国家,high,ボイラー整備士(国家資格),,,,,,,,,,,seed
c-6705,6705,ボイラー取扱作業主任者,ボイラー取扱作業主任者,定置・建設機械の運転,設備・プラント・機械運転,domestic,0,0,国家,high,労働安全衛生法の作業主任者,,,,,,,,,,,seed
c-6706,6706,普通第一種圧力容器取扱作業主任者,普通第一種圧力容器取扱作業主任者,定置・建設機械の運転,設備・プラント・機械運転,domestic,0,0,国家,high,労働安全衛生法の作業主任者,,,,,,,,,,,seed
c-6707,6707,乾燥設備作業主任者,乾燥設備作業主任者,定置・建設機械の運転,設備・プラント・機械運転,domestic,0,0,国家,high,労働安全衛生法の作業主任者,,,,,,,,,,,seed
c-6708,6708,クレーン・デリック運転士(クレーン限定),クレーン・デリック運転士（クレーン限定）,定置・建設機械の運転,設備・プラント・機械運転,domestic,0,0,国家,high,免許(国家資格),,,,,,,,,,,seed
c-6709,6709,移動式クレーン運転士,移動式クレーン運転士,定置・建設機械の運転,設備・プラント・機械運転,domestic,0,0,国家,high,免許(国家資格),,,,,,,,,,,seed
c-6710,6710,小型移動式クレーン運転技能者,小型移動式クレーン運転技能者,定置・建設機械の運転,設備・プラント・機械運転,domestic,0,0,国家,high,労働安全衛生法の技能講習(国家資格),,,,,,,,,,,seed
c-6711,6711,床上操作式クレーン運転技能者,床上操作式クレーン運転技能者,定置・建設機械の運転,設備・プラント・機械運転,domestic,0,0,国家,high,労働安全衛生法の技能講習(国家資格),,,,,,,,,,,seed
c-6713,6713,揚貨装置運転士,揚貨装置運転士,定置・建設機械の運転,設備・プラント・機械運転,domestic,0,0,国家,high,国家資格(法律に基づく),,,,,,,,,,,seed
c-6714,6714,車両系建設機械(基礎工事用)運転技能者,車両系建設機械（基礎工事用）運転技能者,定置・建設機械の運転,設備・プラント・機械運転,domestic,0,0,国家,high,労働安全衛生法の技能講習(国家資格),,,,,,,,,,,seed
c-6715,6715,車両系建設機械(整地・運搬・積込用及び掘削用)運転技能者,車両系建設機械（整地・運搬・積込用及び掘削用）運転技能者,定置・建設機械の運転,設備・プラント・機械運転,domestic,0,0,国家,high,労働安全衛生法の技能講習(国家資格),,,,,,,,,,,seed
c-6716,6716,車両系建設機械(解体用)運転技能者,車両系建設機械（解体用）運転技能者,定置・建設機械の運転,設備・プラント・機械運転,domestic,0,0,国家,high,労働安全衛生法の技能講習(国家資格),,,,,,,,,,,seed
c-6717,6717,ショベルローダー等運転技能者,ショベルローダー等運転技能者,定置・建設機械の運転,設備・プラント・機械運転,domestic,0,0,国家,high,労働安全衛生法の技能講習(国家資格),,,,,,,,,,,seed
c-6718,6718,玉掛技能者,玉掛技能者,定置・建設機械の運転,設備・プラント・機械運転,domestic,0,0,国家,high,労働安全衛生法の技能講習(国家資格),,,,,,,,,,,seed
c-6719,6719,クレーン・デリック運転士(限定なし),クレーン・デリック運転士（限定なし）,定置・建設機械の運転,設備・プラント・機械運転,domestic,0,0,国家,high,免許(国家資格),,,,,,,,,,,seed
c-6720,6720,床上運転式クレーン限定運転士,床上運転式クレーン限定運転士,定置・建設機械の運転,設備・プラント・機械運転,domestic,0,0,国家,high,免許(国家資格),,,,,,,,,,,seed
c-6799,6799,その他の定置・建設機械の運転関係資格,その他の定置・建設機械の運転関係資格,定置・建設機械の運転,設備・プラント・機械運転,domestic,1,0,,,バケット(その他の…),,,,,,,,,,,seed
c-6801,6801,工事担任者AI第1種,工事担任者ＡＩ第１種,電気工事,電気・通信,domestic,0,0,国家,high,電気通信事業法の工事担任者(国家資格),,,,,,,,,,,seed
c-6802,6802,工事担任者AI第2種,工事担任者ＡＩ第２種,電気工事,電気・通信,domestic,0,0,国家,high,電気通信事業法の工事担任者(国家資格),,,,,,,,,,,seed
c-6803,6803,工事担任者AI第3種,工事担任者ＡＩ第３種,電気工事,電気・通信,domestic,0,0,国家,high,電気通信事業法の工事担任者(国家資格),,,,,,,,,,,seed
c-6804,6804,工事担任者DD第1種,工事担任者ＤＤ第１種,電気工事,電気・通信,domestic,0,0,国家,high,電気通信事業法の工事担任者(国家資格),,,,,,,,,,,seed
c-6805,6805,工事担任者DD第2種,工事担任者ＤＤ第２種,電気工事,電気・通信,domestic,0,0,国家,high,電気通信事業法の工事担任者(国家資格),,,,,,,,,,,seed
c-6806,6806,工事担任者DD第3種,工事担任者ＤＤ第３種,電気工事,電気・通信,domestic,0,0,国家,high,電気通信事業法の工事担任者(国家資格),,,,,,,,,,,seed
c-6807,6807,工事担任者AI・DD総合種,工事担任者ＡＩ・ＤＤ総合種,電気工事,電気・通信,domestic,0,0,国家,high,電気通信事業法の工事担任者(国家資格),,,,,,,,,,,seed
c-6808,6808,第一種電気工事士,第一種電気工事士,電気工事,電気・通信,domestic,0,0,国家,high,電気工事士(国家資格),一般財団法人 電気技術者試験センター,https://www.shiken.or.jp/,受験資格なし(免状交付には実務経験が必要),学科(CBT・五肢択一)＋技能(実技),"10,900円(ネット申込・年度改定あり)",学科59.3%(令和6年度上期),年2回(上期・下期),,,2026-06-18,published
c-6809,6809,第二種電気工事士,第二種電気工事士,電気工事,電気・通信,domestic,0,0,国家,high,電気工事士(国家資格),一般財団法人 電気技術者試験センター,https://www.shiken.or.jp/,受験資格なし(誰でも受験可),学科(CBT/筆記・五肢択一)＋技能(実技),"9,300円〜(ネット申込・年度改定あり)",技能69.5%(令和6年度下期),年2回(上期・下期),,,2026-06-18,published
c-6810,6810,CATV技術者,ＣＡＴＶ技術者,電気工事,電気・通信,domestic,0,0,要確認,low,未判定(一次情報での確認待ち),,,,,,,,,,,seed
c-6811,6811,配電制御システム検査技士(1~2級),配電制御システム検査技士（１～２級）,電気工事,電気・通信,domestic,0,0,要確認,low,未判定(一次情報での確認待ち),,,,,,,,,,,seed
c-6812,6812,1級情報配線施工技能士,１級情報配線施工技能士,電気工事,電気・通信,domestic,0,0,国家,high,技能検定(国家資格・職業能力開発促進法),,,,,,,,,,,seed
c-6813,6813,2級情報配線施工技能士,２級情報配線施工技能士,電気工事,電気・通信,domestic,0,0,国家,high,技能検定(国家資格・職業能力開発促進法),,,,,,,,,,,seed
c-6814,6814,3級情報配線施工技能士,３級情報配線施工技能士,電気工事,電気・通信,domestic,0,0,国家,high,技能検定(国家資格・職業能力開発促進法),,,,,,,,,,,seed
c-6899,6899,その他の電気工事関係資格,その他の電気工事関係資格,電気工事,電気・通信,domestic,1,0,,,バケット(その他の…),,,,,,,,,,,seed
c-6901,6901,採石のための掘削作業主任者,採石のための掘削作業主任者,採鉱・採掘,土木・測量・建設,domestic,0,0,国家,high,労働安全衛生法の作業主任者,,,,,,,,,,,seed
c-6902,6902,採石業務管理者,採石業務管理者,採鉱・採掘,土木・測量・建設,domestic,0,0,要確認,low,未判定(一次情報での確認待ち),,,,,,,,,,,seed
c-6903,6903,砂利採取業務主任者,砂利採取業務主任者,採鉱・採掘,土木・測量・建設,domestic,0,0,要確認,low,未判定(一次情報での確認待ち),,,,,,,,,,,seed
c-6904,6904,地山の掘削及び土止め支保工作業主任者,地山の掘削及び土止め支保工作業主任者,採鉱・採掘,土木・測量・建設,domestic,0,0,国家,high,労働安全衛生法の作業主任者,,,,,,,,,,,seed
c-6905,6905,地山の掘削及び土止め支保工作業主任者,地山の掘削及び土止め支保工作業主任者,採鉱・採掘,土木・測量・建設,domestic,0,1,国家,high,労働安全衛生法の作業主任者,,,,,,,,,,,seed
c-6906,6906,ずい道等の掘削等作業主任者,ずい道等の掘削等作業主任者,採鉱・採掘,土木・測量・建設,domestic,0,0,国家,high,労働安全衛生法の作業主任者,,,,,,,,,,,seed
c-6907,6907,ずい道等の覆工作業主任者,ずい道等の覆工作業主任者,採鉱・採掘,土木・測量・建設,domestic,0,0,国家,high,労働安全衛生法の作業主任者,,,,,,,,,,,seed
c-6908,6908,1級さく井技能士,１級さく井技能士,採鉱・採掘,土木・測量・建設,domestic,0,0,国家,high,技能検定(国家資格・職業能力開発促進法),,,,,,,,,,,seed
c-6909,6909,2級さく井技能士,２級さく井技能士,採鉱・採掘,土木・測量・建設,domestic,0,0,国家,high,技能検定(国家資格・職業能力開発促進法),,,,,,,,,,,seed
c-6999,6999,その他の採鉱・採掘関係資格,その他の採鉱・採掘関係資格,採鉱・採掘,土木・測量・建設,domestic,1,0,,,バケット(その他の…),,,,,,,,,,,seed
c-7001,7001,1級建築大工技能士,１級建築大工技能士,建築工事,建築・設備,domestic,0,0,国家,high,技能検定(国家資格・職業能力開発促進法),,,,,,,,,,,seed
c-7002,7002,2級建築大工技能士,２級建築大工技能士,建築工事,建築・設備,domestic,0,0,国家,high,技能検定(国家資格・職業能力開発促進法),,,,,,,,,,,seed
c-7003,7003,木造建築物の組立て等作業主任者,木造建築物の組立て等作業主任者,建築工事,建築・設備,domestic,0,0,国家,high,労働安全衛生法の作業主任者,,,,,,,,,,,seed
c-7004,7004,枠組壁建築技能士,枠組壁建築技能士,建築工事,建築・設備,domestic,0,0,国家,high,技能検定(国家資格・職業能力開発促進法),,,,,,,,,,,seed
c-7005,7005,1級かわらぶき技能士,１級かわらぶき技能士,建築工事,建築・設備,domestic,0,0,国家,high,技能検定(国家資格・職業能力開発促進法),,,,,,,,,,,seed
c-7006,7006,2級かわらぶき技能士,２級かわらぶき技能士,建築工事,建築・設備,domestic,0,0,国家,high,技能検定(国家資格・職業能力開発促進法),,,,,,,,,,,seed
c-7007,7007,1級とび技能士,１級とび技能士,建築工事,建築・設備,domestic,0,0,国家,high,技能検定(国家資格・職業能力開発促進法),,,,,,,,,,,seed
c-7008,7008,2級とび技能士,２級とび技能士,建築工事,建築・設備,domestic,0,0,国家,high,技能検定(国家資格・職業能力開発促進法),,,,,,,,,,,seed
c-7009,7009,3級とび技能士,３級とび技能士,建築工事,建築・設備,domestic,0,0,国家,high,技能検定(国家資格・職業能力開発促進法),,,,,,,,,,,seed
c-7010,7010,1級左官技能士,１級左官技能士,建築工事,建築・設備,domestic,0,0,国家,high,技能検定(国家資格・職業能力開発促進法),,,,,,,,,,,seed
c-7011,7011,2級左官技能士,２級左官技能士,建築工事,建築・設備,domestic,0,0,国家,high,技能検定(国家資格・職業能力開発促進法),,,,,,,,,,,seed
c-7013,7013,1級築炉技能士,１級築炉技能士,建築工事,建築・設備,domestic,0,0,国家,high,技能検定(国家資格・職業能力開発促進法),,,,,,,,,,,seed
c-7014,7014,2級築炉技能士,２級築炉技能士,建築工事,建築・設備,domestic,0,0,国家,high,技能検定(国家資格・職業能力開発促進法),,,,,,,,,,,seed
c-7015,7015,1級ブロック建築技能士,１級ブロック建築技能士,建築工事,建築・設備,domestic,0,0,国家,high,技能検定(国家資格・職業能力開発促進法),,,,,,,,,,,seed
c-7016,7016,2級ブロック建築技能士,２級ブロック建築技能士,建築工事,建築・設備,domestic,0,0,国家,high,技能検定(国家資格・職業能力開発促進法),,,,,,,,,,,seed
c-7017,7017,エーエルシーパネル施工技能士,エーエルシーパネル施工技能士,建築工事,建築・設備,domestic,0,0,国家,high,技能検定(国家資格・職業能力開発促進法),,,,,,,,,,,seed
c-7018,7018,1級タイル張り技能士,１級タイル張り技能士,建築工事,建築・設備,domestic,0,0,国家,high,技能検定(国家資格・職業能力開発促進法),,,,,,,,,,,seed
c-7019,7019,2級タイル張り技能士,２級タイル張り技能士,建築工事,建築・設備,domestic,0,0,国家,high,技能検定(国家資格・職業能力開発促進法),,,,,,,,,,,seed
c-7020,7020,1級型枠施工技能士,１級型枠施工技能士,建築工事,建築・設備,domestic,0,0,国家,high,技能検定(国家資格・職業能力開発促進法),,,,,,,,,,,seed
c-7021,7021,2級型枠施工技能士,２級型枠施工技能士,建築工事,建築・設備,domestic,0,0,国家,high,技能検定(国家資格・職業能力開発促進法),,,,,,,,,,,seed
c-7022,7022,型枠支保工の組立て等作業主任者,型枠支保工の組立て等作業主任者,建築工事,建築・設備,domestic,0,0,国家,high,労働安全衛生法の作業主任者,,,,,,,,,,,seed
c-7023,7023,1級鉄筋施工技能士,１級鉄筋施工技能士,建築工事,建築・設備,domestic,0,0,国家,high,技能検定(国家資格・職業能力開発促進法),,,,,,,,,,,seed
c-7024,7024,2級鉄筋施工技能士,２級鉄筋施工技能士,建築工事,建築・設備,domestic,0,0,国家,high,技能検定(国家資格・職業能力開発促進法),,,,,,,,,,,seed
c-7025,7025,建築物等の鉄骨の組立て等作業主任者,建築物等の鉄骨の組立て等作業主任者,建築工事,建築・設備,domestic,0,0,国家,high,労働安全衛生法の作業主任者,,,,,,,,,,,seed
c-7026,7026,足場の組立て等作業主任者,足場の組立て等作業主任者,建築工事,建築・設備,domestic,0,0,国家,high,労働安全衛生法の作業主任者,,,,,,,,,,,seed
c-7029,7029,コンクリート造の工作物の解体等作業主任者,コンクリート造の工作物の解体等作業主任者,建築工事,建築・設備,domestic,0,0,国家,high,労働安全衛生法の作業主任者,,,,,,,,,,,seed
c-7030,7030,コンクリート橋架設等作業主任者,コンクリート橋架設等作業主任者,建築工事,建築・設備,domestic,0,0,国家,high,労働安全衛生法の作業主任者,,,,,,,,,,,seed
c-7031,7031,鋼橋架設等作業主任者,鋼橋架設等作業主任者,建築工事,建築・設備,domestic,0,0,国家,high,労働安全衛生法の作業主任者,,,,,,,,,,,seed
c-7032,7032,基礎施工士,基礎施工士,建築工事,建築・設備,domestic,0,0,要確認,low,未判定(一次情報での確認待ち),,,,,,,,,,,seed
c-7033,7033,圧入施工技士(1~2級),圧入施工技士（１～２級）,建築工事,建築・設備,domestic,0,0,要確認,low,未判定(一次情報での確認待ち),,,,,,,,,,,seed
c-7034,7034,解体工事施工技士,解体工事施工技士,建築工事,建築・設備,domestic,0,0,要確認,low,未判定(一次情報での確認待ち),,,,,,,,,,,seed
c-7099,7099,その他の建設工事関係資格,その他の建設工事関係資格,建築工事,建築・設備,domestic,1,0,,,バケット(その他の…),,,,,,,,,,,seed
c-7102,7102,空気調和・衛生工学会設備士,空気調和・衛生工学会設備士,設備・内装工事,建築・設備,domestic,0,0,要確認,low,未判定(一次情報での確認待ち),,,,,,,,,,,seed
c-7103,7103,1級冷凍空気調和機器施工技能士,１級冷凍空気調和機器施工技能士,設備・内装工事,建築・設備,domestic,0,0,国家,high,技能検定(国家資格・職業能力開発促進法),,,,,,,,,,,seed
c-7104,7104,2級冷凍空気調和機器施工技能士,２級冷凍空気調和機器施工技能士,設備・内装工事,建築・設備,domestic,0,0,国家,high,技能検定(国家資格・職業能力開発促進法),,,,,,,,,,,seed
c-7105,7105,第一種冷凍空調技士,第一種冷凍空調技士,設備・内装工事,建築・設備,domestic,0,0,要確認,low,未判定(一次情報での確認待ち),,,,,,,,,,,seed
c-7106,7106,第二種冷凍空調技士,第二種冷凍空調技士,設備・内装工事,建築・設備,domestic,0,0,要確認,low,未判定(一次情報での確認待ち),,,,,,,,,,,seed
c-7107,7107,1級配管技能士,１級配管技能士,設備・内装工事,建築・設備,domestic,0,0,国家,high,技能検定(国家資格・職業能力開発促進法),,,,,,,,,,,seed
c-7108,7108,2級配管技能士,２級配管技能士,設備・内装工事,建築・設備,domestic,0,0,国家,high,技能検定(国家資格・職業能力開発促進法),,,,,,,,,,,seed
c-7109,7109,3級配管技能士,３級配管技能士,設備・内装工事,建築・設備,domestic,0,0,国家,high,技能検定(国家資格・職業能力開発促進法),,,,,,,,,,,seed
c-7110,7110,1級管工事施工管理技士,１級管工事施工管理技士,設備・内装工事,建築・設備,domestic,0,0,国家,high,施工管理技士(国家資格),一般財団法人 全国建設研修センター,https://www.jctc.jp/exam/kankouji-1/,第一次は受検年度末に19歳以上・学歴不問/第二次は第一次合格後の所定実務経験(令和10年度まで経過措置),第一次検定=マークシート/第二次検定=記述式(第一次合格で技士補),,,年1回(第一次7月頃・第二次10〜11月頃),,,2026-06-18,published
c-7111,7111,2級管工事施工管理技士,２級管工事施工管理技士,設備・内装工事,建築・設備,domestic,0,0,国家,high,施工管理技士(国家資格),一般財団法人 全国建設研修センター,https://www.jctc.jp/exam/guide/kkj-2/,第一次は受検年度末に17歳以上・学歴不問/第二次は第一次合格後の所定実務経験(経過措置あり),第一次検定=マークシート/第二次検定=記述式(第一次合格で技士補),,,第一次は年2回(前期・後期)/第二次は年1回,,,2026-06-18,published
c-7113,7113,1級厨房設備施工技能士,１級厨房設備施工技能士,設備・内装工事,建築・設備,domestic,0,0,国家,high,技能検定(国家資格・職業能力開発促進法),,,,,,,,,,,seed
c-7114,7114,2級厨房設備施工技能士,２級厨房設備施工技能士,設備・内装工事,建築・設備,domestic,0,0,国家,high,技能検定(国家資格・職業能力開発促進法),,,,,,,,,,,seed
c-7115,7115,1級内装仕上げ施工技能士,１級内装仕上げ施工技能士,設備・内装工事,建築・設備,domestic,0,0,国家,high,技能検定(国家資格・職業能力開発促進法),,,,,,,,,,,seed
c-7116,7116,2級内装仕上げ施工技能士,２級内装仕上げ施工技能士,設備・内装工事,建築・設備,domestic,0,0,国家,high,技能検定(国家資格・職業能力開発促進法),,,,,,,,,,,seed
c-7117,7117,3級内装仕上げ施工技能士,３級内装仕上げ施工技能士,設備・内装工事,建築・設備,domestic,0,0,国家,high,技能検定(国家資格・職業能力開発促進法),,,,,,,,,,,seed
c-7118,7118,1級熱絶縁施工技能士,１級熱絶縁施工技能士,設備・内装工事,建築・設備,domestic,0,0,国家,high,技能検定(国家資格・職業能力開発促進法),,,,,,,,,,,seed
c-7119,7119,2級熱絶縁施工技能士,２級熱絶縁施工技能士,設備・内装工事,建築・設備,domestic,0,0,国家,high,技能検定(国家資格・職業能力開発促進法),,,,,,,,,,,seed
c-7120,7120,1級カーテンウォール施工技能士,１級カーテンウォール施工技能士,設備・内装工事,建築・設備,domestic,0,0,国家,high,技能検定(国家資格・職業能力開発促進法),,,,,,,,,,,seed
c-7121,7121,2級カーテンウォール施工技能士,２級カーテンウォール施工技能士,設備・内装工事,建築・設備,domestic,0,0,国家,high,技能検定(国家資格・職業能力開発促進法),,,,,,,,,,,seed
c-7122,7122,1級サッシ施工技能士,１級サッシ施工技能士,設備・内装工事,建築・設備,domestic,0,0,国家,high,技能検定(国家資格・職業能力開発促進法),,,,,,,,,,,seed
c-7123,7123,2級サッシ施工技能士,２級サッシ施工技能士,設備・内装工事,建築・設備,domestic,0,0,国家,high,技能検定(国家資格・職業能力開発促進法),,,,,,,,,,,seed
c-7124,7124,1級自動ドア施工技能士,１級自動ドア施工技能士,設備・内装工事,建築・設備,domestic,0,0,国家,high,技能検定(国家資格・職業能力開発促進法),,,,,,,,,,,seed
c-7125,7125,2級自動ドア施工技能士,２級自動ドア施工技能士,設備・内装工事,建築・設備,domestic,0,0,国家,high,技能検定(国家資格・職業能力開発促進法),,,,,,,,,,,seed
c-7126,7126,バルコニー施工技能士,バルコニー施工技能士,設備・内装工事,建築・設備,domestic,0,0,国家,high,技能検定(国家資格・職業能力開発促進法),,,,,,,,,,,seed
c-7127,7127,1級ガラス用フィルム施工技能士,１級ガラス用フィルム施工技能士,設備・内装工事,建築・設備,domestic,0,0,国家,high,技能検定(国家資格・職業能力開発促進法),,,,,,,,,,,seed
c-7128,7128,2級ガラス用フィルム施工技能士,２級ガラス用フィルム施工技能士,設備・内装工事,建築・設備,domestic,0,0,国家,high,技能検定(国家資格・職業能力開発促進法),,,,,,,,,,,seed
c-7129,7129,液化石油ガス設備士,液化石油ガス設備士,設備・内装工事,建築・設備,domestic,0,0,国家,high,国家資格(法律に基づく),,,,,,,,,,,seed
c-7130,7130,浄化槽設備士,浄化槽設備士,設備・内装工事,建築・設備,domestic,0,0,国家,high,国家資格(法律に基づく),,,,,,,,,,,seed
c-7199,7199,その他の設備・内装工事関係資格,その他の設備・内装工事関係資格,設備・内装工事,建築・設備,domestic,1,0,,,バケット(その他の…),,,,,,,,,,,seed
c-7201,7201,1級防水施工技能士,１級防水施工技能士,その他の建築工事,建築・設備,domestic,0,0,国家,high,技能検定(国家資格・職業能力開発促進法),,,,,,,,,,,seed
c-7202,7202,2級防水施工技能士,２級防水施工技能士,その他の建築工事,建築・設備,domestic,0,0,国家,high,技能検定(国家資格・職業能力開発促進法),,,,,,,,,,,seed
c-7203,7203,樹脂接着剤注入施行技能士,樹脂接着剤注入施行技能士,その他の建築工事,建築・設備,domestic,0,0,国家,high,技能検定(国家資格・職業能力開発促進法),,,,,,,,,,,seed
c-7204,7204,潜水士,潜水士,その他の建築工事,建築・設備,domestic,0,0,国家,high,国家資格(法律に基づく),,,,,,,,,,,seed
c-7205,7205,高圧室内作業主任者,高圧室内作業主任者,その他の建築工事,建築・設備,domestic,0,0,国家,high,労働安全衛生法の作業主任者,,,,,,,,,,,seed
c-7206,7206,酸素欠乏危険作業主任者,酸素欠乏危険作業主任者,その他の建築工事,建築・設備,domestic,0,0,国家,high,労働安全衛生法の作業主任者,,,,,,,,,,,seed
c-7207,7207,酸素欠乏・硫化水素危険作業主任者,酸素欠乏・硫化水素危険作業主任者,その他の建築工事,建築・設備,domestic,0,0,国家,high,労働安全衛生法の作業主任者,,,,,,,,,,,seed
c-7208,7208,石綿作業主任者,石綿作業主任者,その他の建築工事,建築・設備,domestic,0,0,国家,high,労働安全衛生法の作業主任者,,,,,,,,,,,seed
c-7299,7299,その他の建築工事関係資格,その他の建築工事関係資格,その他の建築工事,建築・設備,domestic,1,0,,,バケット(その他の…),,,,,,,,,,,seed
c-7302,7302,1級コンクリート圧送施工技能士,１級コンクリート圧送施工技能士,土木・舗装・線路工事,土木・測量・建設,domestic,0,0,国家,high,技能検定(国家資格・職業能力開発促進法),,,,,,,,,,,seed
c-7303,7303,2級コンクリート圧送施工技能士,２級コンクリート圧送施工技能士,土木・舗装・線路工事,土木・測量・建設,domestic,0,0,国家,high,技能検定(国家資格・職業能力開発促進法),,,,,,,,,,,seed
c-7304,7304,コンクリート破砕機作業主任者,コンクリート破砕機作業主任者,土木・舗装・線路工事,土木・測量・建設,domestic,0,0,国家,high,労働安全衛生法の作業主任者,,,,,,,,,,,seed
c-7305,7305,1級ウェルポイント施工技能士,１級ウェルポイント施工技能士,土木・舗装・線路工事,土木・測量・建設,domestic,0,0,国家,high,技能検定(国家資格・職業能力開発促進法),,,,,,,,,,,seed
c-7306,7306,2級ウェルポイント施工技能士,２級ウェルポイント施工技能士,土木・舗装・線路工事,土木・測量・建設,domestic,0,0,国家,high,技能検定(国家資格・職業能力開発促進法),,,,,,,,,,,seed
c-7307,7307,路面標示施工技能士,路面標示施工技能士,土木・舗装・線路工事,土木・測量・建設,domestic,0,0,国家,high,技能検定(国家資格・職業能力開発促進法),,,,,,,,,,,seed
c-7308,7308,林業架線作業主任者,林業架線作業主任者,土木・舗装・線路工事,土木・測量・建設,domestic,0,0,国家,high,労働安全衛生法の作業主任者,,,,,,,,,,,seed
c-7309,7309,コンクリート技士・コンクリート主任技士,コンクリート技士・コンクリート主任技士,土木・舗装・線路工事,土木・測量・建設,domestic,0,0,要確認,low,未判定(一次情報での確認待ち),,,,,,,,,,,seed
c-7399,7399,その他の土木・舗装・線路工事関係資格,その他の土木・舗装・線路工事関係資格,土木・舗装・線路工事,土木・測量・建設,domestic,1,0,,,バケット(その他の…),,,,,,,,,,,seed
c-7401,7401,はい作業主任者,はい作業主任者,運搬・労務・その他,安全・環境・危険物,domestic,0,0,国家,high,労働安全衛生法の作業主任者,,,,,,,,,,,seed
c-7402,7402,船内荷役作業主任者,船内荷役作業主任者,運搬・労務・その他,安全・環境・危険物,domestic,0,0,国家,high,労働安全衛生法の作業主任者,,,,,,,,,,,seed
c-7403,7403,ビルクリーニング技能士,ビルクリーニング技能士,運搬・労務・その他,安全・環境・危険物,domestic,0,0,国家,high,技能検定(国家資格・職業能力開発促進法),,,,,,,,,,,seed
c-7404,7404,産業洗浄技能士,産業洗浄技能士,運搬・労務・その他,安全・環境・危険物,domestic,0,0,国家,high,技能検定(国家資格・職業能力開発促進法),,,,,,,,,,,seed
c-7405,7405,浄化槽管理士,浄化槽管理士,運搬・労務・その他,安全・環境・危険物,domestic,0,0,国家,high,国家資格(法律に基づく),,,,,,,,,,,seed
c-7406,7406,浄化槽技術管理者,浄化槽技術管理者,運搬・労務・その他,安全・環境・危険物,domestic,0,0,国家,high,国家資格(法律に基づく),,,,,,,,,,,seed
c-7407,7407,浄化槽清掃技術者,浄化槽清掃技術者,運搬・労務・その他,安全・環境・危険物,domestic,0,0,要確認,low,未判定(一次情報での確認待ち),,,,,,,,,,,seed
c-7408,7408,ハウスクリーニング技能士,ハウスクリーニング技能士,運搬・労務・その他,安全・環境・危険物,domestic,0,0,国家,high,技能検定(国家資格・職業能力開発促進法),,,,,,,,,,,seed
c-7499,7499,その他の運搬・労務・その他の関係資格,その他の運搬・労務・その他の関係資格,運搬・労務・その他,安全・環境・危険物,domestic,1,0,,,バケット(その他の…),,,,,,,,,,,seed
c-8001,8001,MBA(経営学修士),ＭＢＡ（経営学修士）,海外資格,海外資格,overseas,0,0,海外,high,海外資格(国内分類対象外),,,,,,,,,,,seed
c-8002,8002,CISA(公認情報システム監査人),ＣＩＳＡ（公認情報システム監査人）,海外資格,海外資格,overseas,0,0,海外,high,海外資格(国内分類対象外),,,,,,,,,,,seed
c-8005,8005,CPA(米国公認会計士),ＣＰＡ（米国公認会計士）,海外資格,海外資格,overseas,0,0,海外,high,海外資格(国内分類対象外),,,,,,,,,,,seed
c-8006,8006,EA(米国税理士),ＥＡ（米国税理士）,海外資格,海外資格,overseas,0,0,海外,high,海外資格(国内分類対象外),,,,,,,,,,,seed
c-8007,8007,CFA(米国証券アナリスト),ＣＦＡ（米国証券アナリスト）,海外資格,海外資格,overseas,0,0,海外,high,海外資格(国内分類対象外),,,,,,,,,,,seed
c-8008,8008,CMA(米国公認管理会計士),ＣＭＡ（米国公認管理会計士）,海外資格,海外資格,overseas,0,0,海外,high,海外資格(国内分類対象外),,,,,,,,,,,seed
c-8099,8099,その他の海外資格,その他の海外資格,海外資格,海外資格,overseas,1,0,,,バケット(その他の…),,,,,,,,,,,seed
