slug,suited,difficulty,study,steps,pitfalls,career
c-3207,"不動産業界での就職・転職を考えている人にとって、宅建士は「持っていて当然」に近い基礎資格です。売買・賃貸仲介の営業から管理まで幅広い職種の土台になり、金融・建設・保険など不動産に隣接する分野で提案力を高めたい人にも役立ちます。受験資格がなく誰でも挑戦できるため、法律系の学習が初めてで国家資格の第一歩を探している社会人・学生の入口としても適しています。
一方で、権利関係（民法）の抽象的な論点を丸暗記だけで乗り切ろうとすると伸び悩みやすい試験です。「なぜそうなるのか」を条文の趣旨から理解する姿勢がある人、コツコツと過去問を回し続けられる人ほど、独学でも着実に合格に近づけます。","宅建は「国家資格の入門」と紹介されがちですが、合格率は決して高くなく、生半可な準備では通りません。難しさの本質は覚える量そのものよりも、合格ラインが事前に定まらず上位者から合格が決まる相対評価（競争試験）である点にあります。受験者の多くが正解する標準的な問題を取りこぼすと、それだけで合格が遠のく一方、奇問・難問は無理に追う必要がありません。
したがって有効なのは、頻出論点を確実に得点し「みんなが取る問題を落とさない」守りの戦略です。とりわけ民法の学習経験があるかどうかで体感難度は大きく変わり、初学者は範囲の広い権利関係に時間を取られやすい点に注意すると、学習計画を立てやすくなります。","戦略の軸は、最大の得点源である宅建業法を早い段階で固め、満点近くまで伸ばすことです。配点が大きく、内容も暗記中心で安定して得点しやすいため、ここを主戦場にします。次に、範囲が広く深追いすると時間を溶かす権利関係は、意思表示・代理・借地借家・区分所有などの頻出テーマに絞り、理解中心で対応します。法令上の制限と税・その他は暗記色が強いので、直前期に集中して詰めるのが効率的です。
独学でも合格は十分可能ですが、民法の理解に不安があれば通信講座の講義で骨格をつかむと遠回りを防げます。すでに宅建業に従事している人は、登録講習を修了すると本試験で5問が免除され、相対評価のうえで大きなアドバンテージになります。",全体像と相対評価（競争試験）の仕組みを理解し、学習計画を立てる|最大の得点源である宅建業法を最初に固め、満点近くを狙う|権利関係は頻出テーマに絞り、条文の趣旨から理解する|法令上の制限・税その他を暗記で積み上げ、取りこぼしを減らす|年度別の過去問を繰り返し、「落とせない問題」を見極める|統計・法改正など直前対策を押さえ、模試で50問2時間の時間配分を体に入れる,"最も多い失敗は、配点の大きい宅建業法を後回しにして、範囲の広い権利関係（民法）に序盤から深入りしてしまうことです。民法は理解に時間がかかる割に配点が限られるため、深追いは禁物です。
次に多いのが、過去問を「解いて答え合わせ」で終わらせ、なぜその選択肢が誤りなのかを説明できないまま進めてしまうケースです。宅建は選択肢の一つひとつが論点なので、正誤の理由まで言語化できて初めて得点が安定します。
また、統計・法改正は毎年更新されるため、古い教材のまま直前期を迎えると思わぬ失点につながります。必ず最新年度の教材と直前対策で補いましょう。","宅建士の独占業務は、契約前の重要事項説明と、35条書面・37条書面への記名です。宅建業者は事務所ごとに一定数の専任宅建士を置くことが義務づけられているため、業界内の求人需要が安定しているのが強みです。不動産の売買・賃貸仲介の営業に加え、管理会社、金融機関の融資審査・担保評価、建設・住宅メーカーなど活躍の場は広く広がります。
さらに、試験範囲が重なる管理業務主任者やマンション管理士はダブル取得を狙いやすく、FPや賃貸不動産経営管理士と組み合わせると、資産形成・相続・賃貸経営まで含めた提案ができるようになります。実務経験を積めば、独立開業も視野に入る資格です。"
c-3625,"経理・会計の基礎を身につけたい人、事務や営業事務への就職を目指す人、確定申告やビジネスの数字を理解したい人に向いています。受験資格がなく、数字が極端に苦手でなければ独学で十分に狙える入門資格です。
簿記2級・1級やFPへ進むための土台にもなり、お金や会計の学習の第一歩として最適です。","合格基準が決まっている絶対評価で、一定点を取れば全員が合格できます。範囲は商業簿記に限られ、出題パターンも安定しているため対策しやすい試験です。
難しさは知識量よりも「仕訳を正確に、速く処理する慣れ」にあります。ネット試験（CBT）は随時受験でき、落ちてもすぐ再挑戦できるので、完璧を待つより早めに受けて場慣れするのが有効です。","学習の核は仕訳です。取引をどの勘定科目でどう記録するかを、テキストで理解したら手を動かして反復します。次に試算表・精算表・財務諸表の作成という決算の流れをつかみます。
最後に本試験形式（大問3題・60分）の演習で、時間内に解き切る練習を積みます。電卓操作にも慣れておくと得点が安定します。独学向きですが、つまずいたら動画講義で補うと理解が早まります。",簿記の全体像（仕訳→試算表→決算→財務諸表）を把握する|頻出の仕訳を手を動かして反復する|試算表・精算表の作成に慣れる|決算整理と財務諸表の作成を理解する|本試験形式で60分の時間配分を練習する|ネット試験で早めに受験し、必要なら再挑戦する,"テキストを読むだけで仕訳を手で書かず、いざ問題になると解けないのが典型的なつまずきです。電卓に不慣れで時間切れになるケースもよくあります。
減価償却や経過勘定などの決算整理は理解が浅くなりやすいポイントです。また、満点を目指して受験を先延ばしにするより、合格ラインを越えられる状態で早めに受けるのが得策です。","経理・会計事務の入口として評価され、事務職や営業事務の就職で有利に働きます。企業の数字を読む基礎力は職種を問わず役立ちます。
2級へ進めば工業簿記・原価計算まで広がり、就職での評価がさらに上がります。FPや宅地建物取引士と組み合わせると、お金まわりの知識に厚みが出ます。"
c-3624,"経理・会計で実務レベルの評価を得たい人、就職・転職で武器になる資格を効率よく取りたい人に向いています。3級で簿記の基礎を身につけた人の自然な次の一歩です。
工業簿記・原価計算という製造業で使う会計まで学びたい人にも適しています。","3級と同じ絶対評価ですが、範囲に工業簿記（原価計算）が加わり、商業簿記にも連結会計などの難度の高い論点が入るため、一段難しくなります。
統一試験は回によって難化することがあり、合格率の変動も大きいのが特徴です。落とせないのは、パターンが安定していて得点源にしやすい工業簿記で、ここを固められるかが合否を分けます。","戦略は「工業簿記を得点源にする」ことです。工業簿記は原価計算の流れを理解すれば安定して高得点を狙えます。商業簿記は3級の延長に加え、連結会計・税効果など2級特有の論点を重点的に押さえます。
本試験は大問5題・90分と時間がタイトなので、解く順番と時間配分をあらかじめ固めておきます。ネット試験と統一試験で傾向が異なる点も意識を。工業簿記や連結でつまずくなら講義併用が近道です。",3級の商業簿記を確実に復習する|工業簿記・原価計算の流れを理解し、得点源にする|連結会計・税効果など2級特有の商業簿記論点を固める|大問5題の解く順番と時間配分を決める|過去問・予想問題で本試験形式に慣れる|ネット試験で機動的に受験し、必要なら再挑戦する,"工業簿記を後回しにして商業簿記だけに注力し、得点源を取りこぼすのが典型です。連結会計を苦手なまま放置してしまうケースも目立ちます。
90分の時間配分を決めずに解き始めて時間切れになる、統一試験の難回に当たって心が折れる、といった失敗も。ネット試験も併用して受験機会を確保すると立て直しやすくなります。","経理・財務の実務資格として求人での評価が高く、就職・転職で強い武器になります。製造業では工業簿記の知識が直接活きます。
経理のキャリアアップや、簿記1級・税理士・公認会計士への土台にもなります。FPや中小企業診断士と合わせると、財務分析の力が高まります。"
c-2516,"金融・保険・不動産・税の知識を、実務や相談業務で活かしたい人に向いています。3級から一歩進めたい人、顧客に提案する立場や独立系FPを目指す人に適しています。
受験には3級合格やAFP認定研修修了などの要件があるため、まず受験資格の確認が必要です。","3級と同じ絶対評価ですが、6分野をより深く問い、実技は事例形式で計算・応用が増えるため難度が上がります。学科の合格率は3級より大きく下がります。
広い範囲を「使えるレベル」まで引き上げる必要があり、税・社会保険・相続などの制度を数字を伴って理解しているかが問われます。","3級で得た6分野の骨格に、各種控除・年金・保険商品・不動産の税務・相続税の計算など、実務的な深さを足していきます。学科は過去問を分野横断で反復し、頻出の計算パターンを固めます。
実技は選択する試験（きんざい／FP協会）で傾向が異なるため、早めに過去問で形式を確認します。CBTで随時受験できるので、分野ごとに仕上げて計画的に受験するのが効率的です。",受験資格（3級合格・AFP研修修了など）を確認して出願する|6分野を3級より深く、計算を伴って理解する|学科の過去問を分野横断で反復する|実技は選択団体の形式に合わせて計算練習をする|税制・NISA・年金など制度改正を最新化する|CBTで計画的に受験する,"3級の知識のまま挑み、計算や応用で失点するのが典型です。実技の団体別の形式差を確認せず、対策不足のまま受けてしまうケースもあります。
税制・社会保険の改正を追えていない、暗記中心で事例問題に対応できない、といった点も要注意です。","金融・保険・不動産・証券の営業や相談業務で評価され、提案の説得力が増します。独立系FPや、住宅・保険・資産形成の相談業務にも活かせます。
宅地建物取引士・簿記・証券外務員と組み合わせると、扱える相談領域が広がります。さらにAFP・CFPへの上位展開も可能です。"
c-3701,"独立開業を視野に、法律系の国家資格を目指す人に向いています。受験資格がなく誰でも挑戦でき、官公庁に提出する許認可申請や契約書などの書類作成に関心がある人、行政法・民法といった実務に直結する法律を体系的に学びたい人に適しています。
一方で、条文の暗記だけでは不十分で、記述式で自分の言葉に落とし込む力が求められます。範囲の広い行政法を粘り強く学び続けられる人、論点を「理解して書ける」状態まで持っていける人ほど有利に戦えます。","合格基準点が定められた絶対評価ですが、合格率は例年1割前後と決して易しくありません。難しさの中心は、憲法・行政法・民法・商法に基礎知識まで及ぶ範囲の広さと、記述式の存在です。
特に、配点比率の大きい行政法と民法をどれだけ固められるかが合否を分けます。さらに法令科目とは別に基礎知識科目にも基準点（足切り）があり、ここを割ると法令で高得点でも不合格になるため、全体をバランスよく仕上げる必要があります。","得点の柱は、配点が大きく論点が定型的な行政法です。ここを最優先で得点源にし、民法は理解中心で積み上げます。憲法・商法・基礎法学は頻出テーマに絞り、深追いを避けます。記述式は民法・行政法から出題されるため、択一の知識を「書ける」レベルまで引き上げる練習が欠かせません。
基礎知識科目は、文章理解・情報通信・個人情報保護で確実に足切りを回避します。独学でも合格は可能ですが、記述式は添削のある通信講座を使うと精度が上がります。",全体像と合格基準（法令＋基礎知識それぞれの足切り）を把握する|配点最大の行政法を得点の柱として固める|民法を理解中心で積み上げ、記述式に備える|憲法・商法・基礎法学は頻出論点に絞る|基礎知識は文章理解・個人情報保護で足切りを回避する|記述式を過去問・予想問題で書く練習をし、模試で3時間の配分を確認する,"多いのは、配点の大きい行政法・民法を後回しにして周辺科目に時間を使ってしまうことです。また、択一の知識は身についても、記述式で自分の言葉として書けないまま本試験を迎えるケースも目立ちます。
見落としがちなのが基礎知識科目の足切りで、法令が高得点でもここで基準点を割ると不合格になります。行政法は改正も多いため、最新の教材で学ぶことも重要です。","独占業務は、官公庁への許認可申請書類の作成・提出代理や、権利義務・事実証明に関する書類の作成です。建設業許可・産業廃棄物・在留資格・自動車登録・相続・遺言など扱える分野が広く、独立開業しやすいのが特徴です。
社会保険労務士・司法書士・宅地建物取引士・FPなどと組み合わせると、対応できる相談の幅が大きく広がります。企業の法務・総務部門でも書類実務の知識が評価されます。"
c-2510,"労務・人事・社会保険の専門家として、独立や企業内でのキャリアを目指す人に向いています。受験には学歴・実務経験・国家資格のいずれかの要件があるため、まず自分が受験資格を満たすかの確認が出発点になります。
法改正が多い分野を継続的に追える人、数字や要件の細部を正確に扱える人に適した資格です。","合格率が一桁台の年も多い難関資格です。難しさの理由は、労働・社会保険の主要法令を横断する科目数の多さと、選択式・択一式それぞれに科目ごとの基準点（足切り）がある点にあります。
総合点が高くても、1科目でも基準点を割ると不合格になり得ます。とりわけ選択式は各科目の少ない問題数の中に基準点があるため、1問の取りこぼしが致命傷になりやすく、苦手科目を作らない全方位の学習が求められます。","鉄則は、全科目をまんべんなく底上げすることです。まず労働基準法・労災・雇用・健康保険・厚生年金・国民年金などの骨格を条文ベースで理解し、数字や要件を横断整理（科目間の比較）で記憶に定着させます。
択一式は過去問の反復で安定させ、選択式は条文の空欄補充に耐えられるようキーワードを正確に押さえます。白書・統計・法改正は毎年更新されるため直前期に集中対策を。情報収集の負担が大きいため、通信講座や答練の活用が現実的です。",受験資格を確認して出願する|労働・社会保険の各法令の骨格を条文ベースで理解する|数字・要件を横断整理し、科目間で比較して記憶する|択一式を過去問反復で安定させる|選択式対策として条文のキーワードを正確化する|白書・法改正・統計を直前に詰め、模試で科目別基準点を意識する,"得意科目に学習が偏り、苦手科目で基準点を割ってしまうのが典型的な失敗です。選択式の対策不足で1科目を取りこぼすケースも多く見られます。
また、毎年更新される白書・統計・法改正を軽視すると直前で失点します。数字を丸暗記するだけで応用問題に対応できないのも要注意で、要件の意味とセットで理解することが重要です。","独占業務は、労働社会保険諸法令に基づく申請書等の作成・提出代行や、帳簿書類の作成です。就業規則の作成、給与計算、年金相談、労務コンサルティングなど、企業の人事・労務を支える仕事に直結します。
独立開業のほか、企業の人事・総務部門でも重宝されます。中小企業診断士やFP、キャリアコンサルタントと組み合わせると、人材・経営の領域まで対応範囲を広げられます。"
c-2511,"経営全般をコンサルティングの視点で学び、企業の課題解決に携わりたい人に向いています。1次試験は受験資格がなく、業種や職種を問わず挑戦できます。
経営企画・営業・金融・ITなど、いまの仕事の幅を広げたいビジネスパーソンや、将来の独立・副業を視野に入れる人に適した国家資格です。","1次は7科目の多肢選択式で範囲が非常に広く、2次は与えられた企業の事例をもとに助言を記述する筆記と口述で構成されます。
1次は知識の広さ、2次は事例を分析して読み手に伝わる文章でまとめる応用力が問われ、性質が大きく異なります。多くは複数年かけて1次・2次を突破します。","1次は7科目を、得意・不得意を見極めながら科目合格も活用して計画的に進めます。財務・会計と企業経営理論は2次にも直結するため厚めに固めます。
2次は、事例I〜IVの過去問を繰り返し、設問の意図をつかんで制限字数でまとめる訓練が核心です。とくに事例IV（財務）は計算の型づくりが得点を安定させます。",1次7科目を計画的に学習し、科目合格も活用する|財務・会計と企業経営理論を厚く固める|1次試験を突破する|2次の事例I〜IIIで設問意図の読み取りと記述を訓練する|事例IV（財務）の計算の型を固める|口述試験に備え、事例の理解を言葉で説明できるようにする,"1次の知識詰め込みに終始し、2次で求められる記述・応用力の対策が遅れるのが典型的な失敗です。事例IVの財務計算を後回しにして、得点源を落とすケースもあります。
2次は模範解答が公表されないため、独りよがりの答案から抜け出せない点にも注意が必要です。","経営コンサルタントとしての名称独占資格で、企業内では経営企画・事業開発などで視野が広がります。独立して診断・助言や補助金支援、研修講師として活動する人もいます。
社会保険労務士やファイナンシャル・プランナー、ITの知識と組み合わせると、対応できる経営課題の幅が広がります。"
c-2503,"税務の専門家として独立開業や会計事務所でのキャリアを目指す人に向いています。会計科目は受験資格が不要になり、挑戦の間口が広がりました。
一科目ずつ積み上げる長期戦のため、働きながらコツコツ取り組める人、税法という細かなルールを正確に扱うことに向く人に適した資格です。","会計2科目（簿記論・財務諸表論）と税法3科目の計5科目に合格して資格を得ますが、最大の特徴は科目合格制です。合格した科目は生涯有効で、数年かけて計画的に取得できます。
一方で各科目のレベルは高く、税法科目は理論の暗記と計算の正確さの両方が求められます。働きながら数年がかりで目指す人が多い資格です。","多くは会計科目（簿記論・財務諸表論）から着手し、簿記の実力を土台にします。税法科目は、法人税法・所得税法のいずれかを含めて選択し、相続税法・消費税法などから自分の実務や志向に合わせて選びます。
税法は条文・通達に基づく理論の暗記と、精緻な計算演習をセットで進めます。年1回の試験に向けて、1〜2科目ずつ確実に仕上げる計画づくりが重要です。",会計科目（簿記論・財務諸表論）から着手する|税法科目の選択（法人税法または所得税法を含む）を決める|税法理論を条文・通達に基づいて暗記する|計算演習で正確さとスピードを高める|年1回の試験に向け1〜2科目ずつ仕上げる|5科目合格まで計画的に積み上げる,"税法理論の暗記に追われ、計算演習が手薄になって取りこぼすのが典型的な失敗です。受験科目の選択が自分の実務や関心と噛み合わず、学習が続かないケースもあります。
科目合格制ゆえに長期化しやすく、毎年の学習計画とペース管理が甘くなる点にも注意が必要です。","税務代理・税務書類の作成・税務相談は税理士の独占業務です。会計事務所や税理士法人のほか、企業の経理・財務でも重宝され、独立開業しやすいのが強みです。
相続・事業承継や資産税に特化する道もあり、中小企業診断士やファイナンシャル・プランナーと組み合わせると、経営や資産のコンサルティングまで広げられます。"
c-2402,"登記の専門家として独立開業を目指す人に向いています。受験資格がなく誰でも挑戦できますが、合格率数％の超難関に長期で取り組む覚悟が要ります。
不動産や会社の登記という手続法を緻密に扱うことに面白さを感じられる人、正確さを積み上げられる人に適した資格です。","合格率が数％と、士業の中でも最難関の一つです。範囲は民法・不動産登記法・商業登記法・会社法など11科目に及び、午後の記述式（登記申請書の作成）が大きな山場になります。
午前択一・午後択一・記述式のそれぞれに基準点があり、一つでも割ると不合格です。限られた時間でスピードと正確性を両立させることが求められます。","主要科目である民法・不動産登記法・会社法・商業登記法を厚く学び、手続法は条文と申請書式をセットで覚えます。記述式は、択一で得た知識を「申請書に書ける」形へ落とし込む反復が核心です。
午後は時間が厳しいため、解く順番と時間配分の訓練が欠かせません。独学は難度が高く、予備校の体系講座や答練を利用するのが一般的です。",全体像と3つの基準点（午前択一・午後択一・記述）を把握する|民法・不動産登記法を得点の柱にする|会社法・商業登記法を固める|供託法・司法書士法などマイナー科目を取りこぼさない|記述式（不動産・商業）を申請書作成で反復する|午後の時間配分を模試で訓練する,"記述式の対策を後回しにして、直前になって慌てるのが典型的な失敗です。択一の知識が申請書の作成に落とし込めないまま本番を迎えるケースもあります。
午後の時間切れや、マイナー科目での基準点割れにも注意が必要です。","独占業務は不動産登記・商業登記の申請代理、供託手続、法務局に提出する書類の作成で、認定考査に合格すれば一定範囲の簡裁訴訟代理も担えます。
独立開業しやすく、相続・会社設立・債務整理など地域に身近な法律実務を扱います。土地家屋調査士とダブル取得すると、不動産登記を表示・権利の両面からワンストップで扱えます。"
c-2501,"会計・監査の最高峰を目指し、企業の財務情報の信頼性を担保する専門家になりたい人に向いています。受験資格がなく誰でも挑戦できますが、会計・監査・法律・税務にまたがる膨大な学習に、腰を据えて取り組める人に適しています。
数字と論理を突き詰めるのが好きな人、監査法人や大企業の中枢で活躍したい人向けの資格です。","合格率が一桁台の最難関資格の一つです。短答式（財務会計論・管理会計論・監査論・企業法）で基礎を確認し、合否の中心となる論文式では会計学・監査論・租税法・企業法に選択科目が加わります。
計算量が多く、財務会計論と租税法の計算力が土台になります。合格後も実務経験と修了考査を経て登録に至る、長期の道のりです。","まず短答式に向けて、財務会計論・管理会計論の計算を徹底的に反復し、監査論・企業法の理論を固めます。論文式は、計算に加えて理論を記述で説明する力が必要で、租税法（法人税・所得税・消費税）の計算と、監査論・企業法の論述を並行して仕上げます。
範囲が膨大で独学はほぼ現実的でなく、予備校のカリキュラムと答練を軸に、計算の反復と理論の論述を積み上げるのが王道です。",短答式に向け財務会計論・管理会計論の計算を反復する|監査論・企業法の理論を固める|短答式を突破する|租税法の計算と選択科目を仕上げる|論文式の理論を記述で説明できるようにする|合格後の実務経験・修了考査を見据える,"理論の暗記に偏り、財務会計論や租税法の計算練習が不足するのが典型的な失敗です。短答通過に安心して、論文式の記述対策が後手に回るケースもあります。
膨大な範囲ゆえに学習が長期化し、モチベーションと生活の管理に失敗する点にも注意が必要です。","財務諸表監査は公認会計士の独占業務で、監査法人が主な活躍の場です。企業のCFOや経理財務の中枢、M&Aやコンサルティング、独立して会計事務所を構える道もあります。
税理士登録も可能で、会計・監査・税務を横断できる希少性の高い資格です。"
c-1505,"IT業界への就職・転職を目指す人、開発の基礎であるアルゴリズムやプログラミングを体系的に学びたい人に向いています。ITパスポートの次のステップとして、技術者としての土台を作りたい人に適しています。
文系・未経験からエンジニアを目指す人の登竜門でもあります。","通年CBTで随時受験でき、科目A・科目Bの2部構成です。難しさの中心は、科目Bのアルゴリズムとプログラミング、情報セキュリティにあります。
科目Aは広く浅い知識問題で過去問対策が効きますが、科目Bはその場で考える読解力・思考力が問われ、暗記では突破しにくい部分です。両科目それぞれに基準点があるため、苦手な方を捨てられません。","科目Aは、テクノロジ・マネジメント・ストラテジを公開問題やサンプル中心に反復し、知識を固めます。科目Bは、配列・繰り返し・探索・整列といったアルゴリズムの基本と、プログラムの動きを手で追うトレースを徹底的に練習し、擬似言語に慣れます。
情報セキュリティは頻出テーマを押さえます。通年受験できるので、科目Aと科目Bを並行で仕上げ、計画的に受験するのが効率的です。",ITパスポート相当の基礎知識を確認する|科目Aを公開問題・過去問で反復し、知識を固める|科目Bのアルゴリズムをトレース練習で理解する|擬似言語の記法と情報セキュリティの頻出に慣れる|サンプル問題で科目A・Bの時間配分を確認する|CBTで計画的に受験する,"科目Aの暗記に偏り、科目Bのアルゴリズムを後回しにするのが典型的な失敗です。プログラムのトレースを手で追わず、感覚で解こうとすると科目Bで伸び悩みます。
擬似言語の記法に不慣れなまま本番を迎える、科目Bの対策不足で基準点を割る、といったケースにも注意が必要です。","IT企業の採用で基礎力の証明として広く通用し、未経験からの就職・転職で有利になります。開発・インフラ・運用いずれの入口にもなります。
次は応用情報技術者や、ネットワーク・データベース・情報処理安全確保支援士などの高度区分へステップアップできます。実務ではプログラミングやクラウドの学習と並行すると力が伸びます。"
c-1504,基本情報の次を目指す中堅エンジニア、上流工程やマネジメントに関わりたい人に向いています。,,テクノロジからマネジメント・ストラテジまで応用的に問われ、午後は記述式です。得意分野を選択できるため、業務に近い分野を軸に過去問で記述の型を身につけるのが効果的です。,午前の知識を過去問で固める|午後の選択分野を業務に近い領域で決める|選択分野の記述問題を演習する|記述の書き方の型を身につける|過去問で時間配分を訓練する,,設計・開発・運用やプロジェクト管理など幅広く活かせ、合格すると高度情報処理試験の一部免除もあります。中堅エンジニアやリーダーを目指す人に評価されます。
c-1538,"社会人・学生を問わず、ITの基礎知識を身につけたいすべての人に向いています。IT業界志望に限らず、DX時代のビジネスパーソンの基礎教養としても役立ちます。
パソコンやネットの仕組み、情報セキュリティ、経営・マネジメントの基本まで幅広く学びたい人の入門に最適です。","通年CBTで随時受験でき、四肢択一のみのため、IT系国家資格の入口として挑戦しやすい試験です。合格率も高めです。
範囲はストラテジ（経営）・マネジメント・テクノロジの3系統と広いものの、深さは基礎レベルです。難しさよりも、多いカタカナ用語・略語を意味とセットで覚えられるかが鍵になります。","まずテキストで3系統を一通り学び、頻出の用語・略語を意味と結びつけて覚えます。次に公開問題を繰り返し、出題のされ方に慣れます。
ストラテジ系は経営・法務、テクノロジ系はネットワーク・セキュリティ・データベースの基礎が頻出です。計算問題は多くないため、用語理解と過去問反復を中心に据えれば、独学・短期間でも十分狙えます。",3系統（ストラテジ・マネジメント・テクノロジ）の全体像を把握する|頻出の用語・略語を意味とセットで覚える|公開問題を繰り返し、出題形式に慣れる|情報セキュリティ・経営分野の頻出を重点強化する|苦手な系統を総復習する|CBTで随時受験する,"用語を丸暗記して意味を理解しないと、応用的な問われ方で失点します。テクノロジ系を敬遠してストラテジ偏重になる（またはその逆）のもよくあるつまずきです。
過去問演習が不足したまま臨む、IT系だからと身構えて受験を先延ばしにする、といった点にも注意しましょう。基礎レベルなので早めの挑戦が得策です。","ITの基礎教養の証明として、就職活動や社内のITリテラシー向上に役立ちます。IT職を目指すなら基本情報技術者への足がかりになります。
非IT職でもDXや情報管理の土台になり、事務・営業・企画などあらゆる職種で「ITがわかる」ことの証明として活用できます。"
c-1565,サイバーセキュリティの専門家を目指す人、情報システムの安全を担いたいエンジニアに向いています。,,高度情報処理試験に位置づけられ、午前の知識に加え午後は事例ベースの記述で実践力が問われます。セキュリティの仕組みと攻撃・対策を体系的に理解し、過去問の事例演習で答案力を鍛えます。,セキュリティの仕組みと攻撃・対策を体系的に学ぶ|午前の知識を過去問で固める|午後の事例問題を演習する|記述の答案の型を身につける|過去問で時間配分を訓練する,,情報システムの脅威分析やセキュリティ対策の企画・運用・指導を担えます。サイバー攻撃の増加で需要が高まり、IT国家資格で唯一の登録制（士業型）として専門性を示せます。
c-1803,人の役に立つ専門職として安定して働きたい人、医療・ケアに使命感を持てる人に向いています。,,養成課程で基礎医学・看護学・実習を体系的に学び、国家試験では必修・一般・状況設定問題が問われます。過去問と模試で出題傾向を掴み、実習で得た理解と結びつけて学ぶことが定着の鍵です。,養成課程の各科目を着実に理解する|必修問題で確実に得点する基礎を固める|一般・状況設定問題を過去問で演習する|模試で弱点を把握して復習する|実習での学びと知識を結びつける,,病院・クリニック・訪問看護・介護施設など活躍の場が広く、社会的需要が大きい安定職です。認定看護師・専門看護師、保健師・助産師など、その後のキャリアの広がりも豊富です。
c-2302,高齢者や障害のある人を支える対人援助にやりがいを感じる人、介護のプロとしてキャリアを築きたい人に向いています。,,人間の尊厳・介護の基本・こころとからだのしくみ・医療的ケアなどが範囲。実務者研修や実務経験を経て受験するルートが一般的で、過去問で頻出領域を押さえつつ現場経験と結びつけて理解します。,実務者研修・実務経験で土台を作る|各科目の頻出領域をテキストで押さえる|過去問を繰り返し解く|医療的ケア等の範囲を確認する|模試で得点状況を確認する,,介護施設や在宅サービスで身体介護・生活援助を担い、現場のリーダーや後進指導も期待されます。ケアマネジャーや社会福祉士へのキャリアアップにつながります。
c-2303,子どもの成長を支える仕事に就きたい人、子育て経験を活かしたい人に向いています。,,保育の心理学・子どもの保健・福祉・教育原理など科目が多く、筆記と実技があります。科目合格制を活用して計画的に進め、過去問で頻出を押さえるのが効果的です。養成施設卒業ルートもあります。,科目数が多いため学習計画を立てる|科目合格制を活用して分割して合格を狙う|各科目の頻出を過去問で押さえる|実技は選んだ分野を練習する|苦手科目を残さず仕上げる,,保育所や認定こども園、児童福祉施設で子どもの保育と保護者支援を担います。需要が高く再就職もしやすい専門職で、働く場が広いのが魅力です。
c-4115,医薬品販売に携わりたい人、ドラッグストアや薬局で専門性を持って働きたい人に向いています。受験資格がなく誰でも挑戦できます。,,医薬品の基礎知識・人体・主な医薬品・薬事関連法規などが範囲。出題範囲が明確なので、公式の手引きに沿ってテキストと過去問を反復するのが王道です。,公式の手引きで出題範囲を把握する|主な医薬品の成分・作用を覚える|人体・薬事関連法規を学ぶ|過去問を都道府県別に解く|頻出成分を重点的に復習する,,ドラッグストア・薬局・コンビニ等で一般用医薬品（第2類・第3類）を販売でき、小売・流通業界で需要があります。接客販売に専門性を加えられる人気資格です。
c-5207,製造・運輸・エネルギー業界で手に職をつけたい人、ガソリンスタンドや工場で役立つ資格を取りたい人に向いています。需要の高い乙4が特に人気です。,,危険物の性質・法令・物理化学が範囲。乙4（引火性液体）は受験者が多く教材も豊富で、過去問の反復で効率よく合格を狙えます。複数類をまとめて取得する人もいます。,法令・物理化学・性質の3分野を学ぶ|乙4対象の危険物の特性を覚える|計算・法令の頻出を押さえる|過去問を繰り返し解く|間違えた問題を重点復習する,,ガソリンスタンドや化学工場、タンクローリーの運転など、一定数量以上の危険物を扱う施設で重宝されます。製造・運輸・エネルギー分野で評価される実務資格です。
c-6809,手に職をつけたい人、未経験から電気の仕事に入りたい人に向いています。実技があるため手を動かすのが好きな人に適します。,,学科（配線・法令・器具など）と技能（実技）で構成。学科は過去問演習、技能は公表問題の候補を実際に配線して時間内に完成させる練習が不可欠です。工具の扱いに慣れることが合格の鍵です。,学科の配線図・法令・器具を学ぶ|学科の過去問を繰り返す|技能の公表問題の複線図を描けるようにする|時間内に配線を組む練習をする|工具の扱いと欠陥判断に慣れる,,住宅や小規模店舗の電気工事を担え、電気工事会社・設備管理・通信工事などで評価されます。第一種電気工事士へのステップにもなり、手に職として人気です。
c-6808,電気工事の対応範囲を広げたい人、第二種からステップアップしたい人に向いています。,,第二種より高度な学科と技能が問われます。高圧を含む知識を学科の過去問で固め、技能は公表課題を反復。合格後は所定の実務経験を経て免状が交付されます。,学科で高圧を含む知識を学ぶ|学科の過去問を繰り返す|技能の公表課題を反復して組む|時間内に完成させる練習をする|合格後の実務経験要件を確認する,,ビルや工場など高圧を含む電気工事に対応でき、設備・保全部門で重宝されます。電気工事のプロとして活躍の幅を大きく広げられます。
c-1205,電気設備の保安を担う専門技術者を目指す人、理系の知識を活かして安定した需要のある分野で働きたい人に向いています。,,理論・電力・機械・法規の4科目。計算問題が多く、特に理論の理解が全体の土台になります。科目合格制を活用し、過去問で計算パターンを反復するのが王道。難関のため計画的な長期学習が有効です。,理論を最優先で固める（全科目の土台）|電力・機械を順に学ぶ|法規を仕上げる|科目合格制を活用し複数年計画も検討する|過去問で計算パターンを反復する,,工場・ビル・発電所などの電気設備の保安監督を担え、一定規模の事業場では選任が義務づけられます。電力・設備・ビルメン業界で高く評価され、需要が安定しています。
c-2202,総務・人事で職場の安全衛生を担いたい人、業種を問わず役立つ国家資格を取りたい人に向いています。,,労働生理・労働衛生・関係法令が範囲。出題範囲が明確で、過去問の反復で効率よく合格を狙えます。第一種は有害業務を含む全業種に対応します。,労働生理・労働衛生・関係法令を学ぶ|有害業務の範囲を押さえる|頻出の数値・基準を暗記する|過去問を繰り返し解く,,常時50人以上の事業場で選任義務があり、製造業を含む全業種で必要とされます。総務・人事担当者のキャリアアップに有効で、企業ニーズの高い資格です。
c-2001,栄養・健康の専門職として医療や福祉、給食の現場で活躍したい人に向いています。,,養成施設で栄養学・生化学・臨床栄養・給食経営管理などを学び、国家試験では幅広い科目が問われます。過去問で頻出を押さえ、実習や演習で実践と結びつけて理解することが定着の鍵です。,養成課程の各科目を理解する|出題基準に沿って頻出を押さえる|過去問を繰り返し解く|応用力問題（事例）に慣れる|模試で弱点を補強する,,病院での栄養管理、学校・福祉施設・企業の給食運営、保健指導など活躍の場が広く、栄養士より専門性が高く評価されます。健康・医療・福祉の現場で需要が安定しています。
c-4401,飲食・調理の道で長く働きたい人、食の安全と技術の裏づけを得たい人に向いています。,,食品衛生学・栄養学・食文化・調理理論などが範囲。養成施設卒業ルートと実務経験＋試験のルートがあり、試験対策は出題範囲に沿ったテキストと過去問が中心です。,テキストで出題範囲を一通り学ぶ|頻出分野を重点的に押さえる|過去問・問題集を繰り返し解く|間違えた問題を復習して仕上げる,,飲食店・ホテル・給食施設で信頼の証となり、名称独占資格として活躍できます。独立開業の裏づけにもなり、食の安全への関心の高まりで価値が増しています。
c-4303,美容の技術職として手に職をつけたい人、ヘアスタイリストや独立開業を目指す人に向いています。,,厚生労働大臣指定の養成施設で学び、筆記と実技の国家試験に合格する必要があります。実技は基本技術の反復練習、筆記は衛生・関係法規などを過去問で固めるのが基本です。,養成施設で基礎技術と学科を学ぶ|筆記は衛生・関係法規などを過去問で固める|実技は基本技術を反復練習する|課題の手順とタイムを意識して仕上げる,,美容室での施術のほか、ブライダルやヘアメイクなど活躍の場が広がっています。技術職として独立開業も可能で、手に職をつけたい人に人気です。
c-2308,介護の現場経験を活かしてケアマネジメントに進みたい人、利用者と家族を支える調整役にやりがいを感じる人に向いています。,,介護支援分野と保健医療・福祉サービス分野が範囲。一定の実務経験が受験要件で、過去問で頻出を押さえつつ制度の理解を深めます。合格後は研修修了で登録できます。,介護支援分野を中心に制度を理解する|保健医療・福祉サービス分野を押さえる|過去問を繰り返し解く|頻出の制度・数値を整理する|模試で得点状況を確認する,,要介護者のケアプラン作成やサービス事業者との調整を担う介護保険の要となる専門職です。介護福祉士や看護師からのキャリアアップ先として人気です。
c-2301,福祉の相談援助（ソーシャルワーク）で人を支えたい人、対人援助に使命感を持てる人に向いています。,,人体・心理・社会・福祉制度・相談援助など科目が非常に幅広いのが特徴。範囲が広いため、頻出領域を中心に過去問を反復し、制度を横断的に整理して理解します。,範囲が広いので学習計画を立てる|頻出領域を中心に過去問を反復する|制度を横断的に整理して理解する|共通科目・専門科目をバランスよく仕上げる|模試で弱点を補強する,,高齢者・障害者・子ども・生活困窮者などの相談に応じ、必要な支援や制度につなぎます。福祉施設・医療機関・行政・地域包括支援センターなど活躍の場が広い対人援助の専門職です。
c-3210,"マンション管理会社で、管理組合への重要事項説明や管理事務の報告といった実務を担いたい人に向いています。受験資格がなく、不動産・住宅管理の業界でキャリアを築きたい人に適しています。
マンション管理士と試験範囲が近いため、あわせて狙う人にも向いた国家資格です。","四肢択一50問で、合格率はマンション管理士より高めです。管理会社の実務に沿って、管理委託契約や会計・出納、建物の維持保全などが問われます。
難しさの中心は、民法・区分所有法などの法律知識に加え、管理事務の実務的な処理を正確に押さえられるかにあります。範囲は広いものの、対策の立てやすい試験です。","管理委託契約や管理組合の会計・出納、建物・附属設備の維持保全といった、管理会社の実務に直結する分野を過去問中心に固めます。民法・区分所有法などの法律もあわせて押さえます。
マンション管理士と範囲が重なるため、両方を同時期に学習すると効率的です。まず管理業務主任者から着手する人も多くいます。",管理委託契約と管理事務の実施を押さえる|管理組合の会計・出納を理解する|建物・附属設備の維持保全の知識を固める|民法・区分所有法などの法律を固める|過去問を反復し、実務問題に慣れる|マンション管理士との同時受験も視野に仕上げる,"会計・出納や建物の維持保全といった実務分野を軽視し、法律問題だけに注力するのが典型的な失敗です。範囲が広いため、直前に手を広げすぎて頻出分野の詰めが甘くなるケースもあります。
民法・区分所有法の基礎があいまいなまま応用に進む点にも注意が必要です。","管理業務主任者は、マンション管理会社が事務所ごとに一定数を置くことが義務づけられているため、業界での求人需要が安定しています。管理組合への重要事項説明や管理事務の報告などを担います。
マンション管理士とダブルで持つと管理会社側・管理組合側の双方に対応でき、宅地建物取引士と併せると不動産分野でのキャリアが広がります。"
c-3209,"マンションの管理組合を支援する立場で、区分所有者間の合意形成や長期修繕、管理規約の見直しなどの課題解決に携わりたい人に向いています。
受験資格がなく、法律・建築・会計にまたがる知識を幅広く扱いたい人や、定年後に経験を活かしたい人にも適した国家資格です。","合格率が1割前後の難関です。四肢択一50問という形式は管理業務主任者と共通ですが、マンション管理士のほうが問われる知識が深く、合格ラインも高めです。
区分所有法や標準管理規約、建物・設備、会計まで範囲が広く、管理組合の運営という実務的な視点で考えさせる問題に対応できるかが鍵になります。","得点の柱は区分所有法とマンション管理適正化法で、条文と判例・実務の運用をセットで押さえます。標準管理規約や管理組合の会計、建物・設備の維持保全も頻出で、過去問の反復で知識を固めます。
試験範囲が管理業務主任者と大きく重なるため、両方を同時期に狙う人が多く、学習効率も上がります。",区分所有法・マンション管理適正化法を得点の柱にする|標準管理規約と管理組合の運営を押さえる|建物・設備の維持保全の知識を固める|管理組合の会計・出納を理解する|過去問を反復し、実務的な視点の問題に慣れる|管理業務主任者との同時受験も視野に仕上げる,"管理業務主任者と同程度の対策で臨み、より深く問われるマンション管理士で得点が届かないのが典型です。条文の暗記にとどまり、管理組合の運営という実務的な視点の問題に対応できないケースもあります。
建物・設備や会計の分野を苦手なまま放置する点にも注意が必要です。","管理組合の側に立つコンサルタントとして、長期修繕計画の見直し、管理規約の改正、管理会社との調整、住民トラブルの解決などを支援します。
管理業務主任者とダブルで持つと、管理組合側・管理会社側の双方の視点を備えられます。建築・設備や会計の知識と併せると、提案の幅がさらに広がります。"
c-1301,建築設計のプロとして大規模建築や高度なプロジェクトに携わりたい人、設計の道を究めたい人に向いています。,,学科（計画・環境設備・法規・構造・施工）と設計製図の二段階。学科は過去問で広く固め、製図は限られた時間で図面を完成させる訓練を繰り返す必要があり、長期的な準備が求められます。,学科5科目を計画的に学ぶ|法規は法令集の引き方に習熟する|構造・計画など各科目の過去問を反復する|学科突破後は設計製図に集中する|製図は時間内に図面を完成させる訓練を重ねる,,規模に制限なく建築物を設計・工事監理でき、設計事務所やゼネコン、ハウスメーカーで中核を担います。建築のプロとして独立や大規模案件に携わる到達点です。
c-1302,住宅など身近な建築の設計に携わりたい人、一級へのステップを踏みたい人に向いています。,,一級と同様に学科と設計製図がありますが、扱う建物が比較的小規模です。学科の過去問演習と製図の作図練習を計画的に進めます。,学科（計画・法規・構造・施工）を学ぶ|法規の法令集引きに慣れる|科目別に過去問を反復する|設計製図の作図を時間内で練習する|エスキスから作図までの流れを固める,,戸建て住宅や小規模店舗の設計を担え、設計事務所・工務店・ハウスメーカーで活躍できます。住宅分野で十分に通用し、一級へのステップにもなります。
c-1409,測量や建設、不動産の現場で技術を身につけたい人、土地家屋調査士など関連資格を目指す人に向いています。,,測量に関する基礎知識と計算が範囲。出題パターンが安定しており、過去問で計算の解き方を身につければ独学でも目指しやすい試験です。,テキストで出題範囲を一通り学ぶ|頻出分野を重点的に押さえる|過去問・問題集を繰り返し解く|間違えた問題を復習して仕上げる,,距離・角度・高低差などを測定し地図や図面の基礎データを取得します。測量・建設・不動産業界で需要があり、測量士や土地家屋調査士へのステップにもなります。
c-3004,デザインや色を扱う仕事に就きたい人、ファッション・インテリア・Webなどで配色を学びたい学生・社会人に向いています。,,色彩の基礎・配色理論・色の心理的効果などが範囲。公式テキストと過去問で配色のルールを体系的に覚えるのが効果的です。級により難易度が異なります。,テキストで出題範囲を一通り学ぶ|頻出分野を重点的に押さえる|過去問・問題集を繰り返し解く|間違えた問題を復習して仕上げる,,ファッション・インテリア・グラフィック・Webなど色を扱う分野で役立ち、デザイン系の進学・就職でアピールできます。配色提案力を証明できる人気検定です。
c-3706,運送・物流業界でキャリアアップしたい人、安全管理の責任ある仕事に就きたい人に向いています。,,貨物自動車運送事業法や道路運送車両法、安全運行に関する知識が範囲。出題範囲が明確なので、法令と過去問を中心に学べば効率よく合格を狙えます。,テキストで出題範囲を一通り学ぶ|頻出分野を重点的に押さえる|過去問・問題集を繰り返し解く|間違えた問題を復習して仕上げる,,トラック運送事業で運転者の点呼・乗務割・健康管理・運行の安全確保を担います。一定台数以上の営業所では選任義務があり、物流業界で不可欠な存在です。
c-1904,リハビリで人の回復を支えたい人、医療・福祉でやりがいのある専門職に就きたい人に向いています。,,養成課程で解剖学・生理学・運動学・リハビリ専門科目と臨床実習を学びます。国家試験は範囲が広いため、過去問と実習での理解を結びつけて学ぶことが定着の鍵です。,養成課程で解剖・生理・運動学とリハビリ専門科目を体系的に学ぶ|国家試験の出題基準に沿って頻出領域を押さえる|過去問・模試を繰り返し解く|実習で得た理解と知識を結びつける|弱点科目を重点的に復習する,,病院やリハビリ施設、介護分野で運動療法や物理療法を用い、歩く・立つなどの動作回復を支援します。高齢化やリハビリ需要の高まりで需要が安定した専門職です。
c-3512,語彙力・読解力を高めたい人、就職・進学で日本語力を示したい学生や社会人に向いています。,,常用漢字の読み書き・四字熟語・熟語の構成・誤字訂正などが範囲。市販の級別問題集を反復し、間違えた漢字をノート化して潰すのが王道。短期間でも計画的に取り組めます。,常用漢字の読み書きを級別問題集で学ぶ|四字熟語・熟語の構成を覚える|誤字訂正・部首など分野別に演習する|間違えた漢字をノート化して反復する,,語彙力・教養の証明として就職活動や進学で評価され、社会人の基礎力としても役立ちます。文章を扱うあらゆる仕事に通じます。
c-1404,土木の現場で監理・主任技術者として活躍したい人、施工管理のキャリアを高めたい実務者に向いています。,,施工管理法・土木一般・法規などの第一次検定と、経験記述を含む第二次検定があります。第二次の経験記述は自分の現場経験を整理して書く練習が不可欠。過去問で出題パターンを押さえます。,第一次検定の施工管理法・土木一般・法規を学ぶ|過去問で第一次を固める|第二次の経験記述を自分の現場経験で整理する|記述の型を作って添削・推敲する|過去問で出題パターンを押さえる,,道路・橋・トンネル・河川など社会インフラ工事で監理技術者・主任技術者として配置でき、建設会社で重宝されます。公共工事の入札評価にも直結します。
c-4501,ビル設備や建設・消防分野で手に職をつけたい人、消防用設備の工事まで担いたい人に向いています。,,消防関係法令・基礎的知識・構造機能などが範囲で、対象設備により類が分かれます。甲種は工事も担えるため製図問題もあり、類ごとに過去問と問題演習を積むのが基本です。,学科の出題範囲をテキストで学ぶ|学科の過去問を繰り返す|対象設備の構造・機能と製図を練習する|間違えた論点を重点的に復習する,,スプリンクラーや自動火災報知設備などの工事・整備・点検を担え、建設・設備・ビルメンテナンス業界で需要が高い実務資格です。
c-4502,受験資格の制限なく消防分野の資格に挑戦したい人、設備点検の仕事に就きたい人に向いています。,,消防関係法令・基礎知識・構造機能が範囲。乙種は整備・点検が中心で、類ごとに過去問の反復で効率よく合格を狙えます。複数類を取得する人もいます。,学科の出題範囲をテキストで学ぶ|学科の過去問を繰り返す|対象設備の構造・機能を押さえる|間違えた論点を重点的に復習する,,消火器や自動火災報知設備などの整備・点検を担え、ビルメンテナンスや消防設備保守の現場で役立つ需要の安定した資格です。
c-2203,総務・人事で職場の衛生管理を担いたい人、業種を問わず使える国家資格を取りたい人に向いています。,,労働生理・労働衛生・関係法令が範囲。出題範囲が明確で過去問の反復で効率よく合格を狙えます。第二種は有害業務の少ない業種に対応します。,労働生理・労働衛生・関係法令を学ぶ|頻出の数値・基準を暗記する|過去問を繰り返し解く,,常時50人以上の事業場で選任義務があり、情報通信・金融・卸小売など幅広い業種で必要とされます。総務・人事のキャリアアップに有効です。
c-4201,証券・金融業界で営業に携わりたい人、金融商品の知識を体系的に身につけたい人に向いています。,,金融商品取引法や証券市場、商品知識、リスク・コンプライアンスが範囲。出題範囲が明確なので、公式テキストと問題演習の反復で着実に合格を狙えます。,テキストで出題範囲を一通り学ぶ|頻出分野を重点的に押さえる|過去問・問題集を繰り返し解く|間違えた問題を復習して仕上げる,,証券会社や金融機関で株式・債券・投資信託などの勧誘・販売を行うために必要で、金融業界で働く基礎となる資格です。
c-1315,建築の現場で監理・主任技術者を目指す人、施工管理でキャリアを高めたい実務者に向いています。,,施工管理法・建築学・法規などの第一次検定と、経験記述中心の第二次検定があります。第二次は自分の工事経験を整理して記述する訓練が鍵。過去問で頻出を押さえます。,第一次検定の施工管理法・建築学・法規を学ぶ|過去問で第一次を固める|第二次の経験記述を自分の工事経験で整理する|記述を繰り返し書いて推敲する|過去問で頻出を押さえる,,ビルやマンションの建築現場で監理技術者・主任技術者として配置でき、建設会社で不可欠。公共工事の入札評価でも高く評価されます。
c-1206,電気設備工事の現場で施工管理を担いたい人、設備・建設業界でキャリアアップしたい人に向いています。,,電気工学・施工管理法・法規などの第一次検定と経験記述の第二次検定。第二次の記述対策に重点を置き、過去問で出題傾向を掴むのが定石です。,第一次検定の知識を過去問で固める|第二次検定の経験記述を自分の現場経験で整理する|記述の型を作り、書いて推敲する|過去問で出題パターンと時間配分を押さえる,,ビル・工場・送配電設備などの電気工事現場で監理技術者・主任技術者として配置でき、設備・建設業界で高く評価されます。
c-5206,化学・製造分野で危険物を幅広く扱える上位資格を取りたい人、乙種からステップアップしたい人に向いています。,,全種類の危険物が対象で、物理化学の理解がより問われます。受験には化学系の学歴や乙種＋実務経験などの要件があり、過去問と化学の基礎固めを並行します。,学科の出題範囲をテキストで学ぶ|学科の過去問を繰り返す|対象の危険物の性質や法令の頻出を押さえる|間違えた論点を重点的に復習する,,全種類の危険物を取り扱い・立ち会いでき、化学工場や石油施設、研究所など幅広い現場で保安監督を担えます。危険物分野で高く評価されます。
c-6703,ビル・工場の設備管理で手に職をつけたい人、設備系の入門資格を探している人に向いています。,,ボイラーの構造・取扱い・燃料燃焼・法令が範囲。実技講習との組み合わせで取得を目指せ、過去問の反復で学科を固めるのが基本です。,学科の出題範囲をテキストで学ぶ|学科の過去問を繰り返す|ボイラーの構造・取扱いの理解を固める|間違えた論点を重点的に復習する,,ビル・工場・病院・ホテルなどのボイラーを操作・管理でき、ビルメンテナンスや設備管理で評価されます。上位のボイラー技士へのステップにもなります。
c-5208,受験資格なしで危険物の資格に挑戦したい人、ガソリンスタンド等で役立つ入門資格を取りたい人に向いています。,,ガソリン・灯油・軽油など特定の危険物が対象。範囲が限定的で受験資格がなく、過去問の反復で取り組みやすい入門資格です。,学科の出題範囲をテキストで学ぶ|学科の過去問を繰り返す|対象の危険物の特性と法令を押さえる|間違えた論点を重点的に復習する,,ガソリンスタンドなどで特定の危険物を扱えます。危険物取り扱いの入口として、乙種へのステップにもなります。
c-1602,製造業で環境対策を担いたい人、工場の公害防止に関わる専門資格を取りたい人に向いています。,,大気・水質・騒音振動など区分ごとに、環境法令と測定・処理技術が問われます。区分を選び、過去問で頻出を押さえるのが基本です。,学科の出題範囲をテキストで学ぶ|学科の過去問を繰り返す|選んだ区分の環境法令と処理技術を押さえる|間違えた論点を重点的に復習する,,特定工場で区分ごとに選任義務があり、製造業や化学・エネルギー業界で需要があります。環境保全への関心の高まりで価値が増しています。
c-6708,工場や建設現場でクレーンを運転する仕事に就きたい人、手に職をつけたい人に向いています。,,力学・クレーンの構造・運転・法令が範囲で、学科に加え実技（運転）が求められます。学科は過去問、実技は教習所での練習で習得します。,学科の出題範囲をテキストで学ぶ|学科の過去問を繰り返す|クレーン運転の実技を教習で習得する|間違えた論点を重点的に復習する,,工場や建設現場で天井クレーンなどを運転でき、製造・建設・物流で需要があります。重量物の揚重作業を担う実務資格です。
c-1317,建設の分野で技術者として高い専門性を究めたい人、研究開発・設計・コンサルで活躍したい人に向いています。,,一次試験（基礎・適性・専門）と、建設分野の業務経験を論述する二次試験があります。二次は経験を論理的に記述する力が問われ、長期的な準備が必要です。,一次試験（基礎・適性・建設の専門）を過去問で固める|二次受験に必要な実務経験を整理する|建設分野の論文の構成と書き方を訓練する|添削・過去問で論述力を高める|口頭試験に備えて自分の業務を説明できるようにする,,建設分野の研究開発・設計・技術コンサルティングなどで活躍でき、関連業界で高く評価される技術系資格の最高峰の一つです。
c-1704,医薬品の専門家として医療に貢献したい人、薬学を究めたい人に向いています。,,6年制の薬学課程で薬理・薬剤・病態・法規などを学び、国家試験は範囲が広く問題数も多いのが特徴。過去問と模試で頻出を押さえ、実習と結びつけて理解します。,養成課程で薬理・薬剤・病態・法規など薬学を体系的に学ぶ|国家試験の出題基準に沿って頻出領域を押さえる|過去問・模試を繰り返し解く|実習で得た理解と知識を結びつける|弱点科目を重点的に復習する,,薬局・病院・ドラッグストア・製薬企業など活躍の場が広く、調剤は薬剤師の独占業務です。セルフメディケーションの広がりで役割が増しています。
c-1804,働きながら看護の道に入りたい人、短い養成期間で医療職を目指したい人に向いています。,,養成課程で基礎的な医学・看護を学び、都道府県の試験に臨みます。過去問で出題傾向を掴み、実習での理解と結びつけるのが効果的です。,養成課程で基礎的な医学・看護を体系的に学ぶ|国家試験の出題基準に沿って頻出領域を押さえる|過去問・模試を繰り返し解く|実習で得た理解と知識を結びつける|弱点科目を重点的に復習する,,病院・クリニック・介護施設など幅広い現場で診療の補助や患者の世話を担います。看護師を目指すステップにもなり、需要が安定しています。
c-1701,人の生命と健康に高い使命感を持てる人、医療の中心的な専門職を志す人に向いています。,,医学部の6年課程で基礎・臨床医学を学び、国家試験は必修・一般・臨床実地が広範に問われます。過去問・模試で頻出を押さえ、臨床実習での理解と結びつけて学びます。,養成課程で基礎医学・臨床医学を体系的に学ぶ|国家試験の出題基準に沿って頻出領域を押さえる|過去問・模試を繰り返し解く|実習で得た理解と知識を結びつける|弱点科目を重点的に復習する,,診療のほか研究・公衆衛生・行政など活躍の場は多岐にわたります。医業は医師の独占業務で、高度な専門性と倫理観が求められる社会的信頼の厚い職業です。
c-4203,旅行・観光業界で働きたい人、旅行業の入口となる国家資格を取りたい人に向いています。,,旅行業法・約款・国内旅行実務が範囲。出題範囲が明確なので、テキストと過去問の反復で効率よく合格を狙えます。,テキストで出題範囲を一通り学ぶ|頻出分野を重点的に押さえる|過去問・問題集を繰り返し解く|間違えた問題を復習して仕上げる,,旅行業者の営業所で国内旅行取引の管理を担い、業界で必須とされます。総合旅行業務取扱管理者へのステップにもなります。
c-2406,"企業活動に必要な法律知識を実務レベルで身につけたい人に向いています。法務・総務・人事・営業など、契約やコンプライアンスに関わるビジネスパーソンに適しています。
法学部出身でなくても、仕事で使う法律の勘所を体系的に押さえたい人の実務教養として役立ちます。","3級は入門、2級は実務担当者レベル、1級は記述式で高度な応用力を問う構成です。3級・2級はIBT/CBTで受けやすく、合格基準の決まった絶対評価です。
級が上がるほど難度は増し、1級は事例に対する法的分析と文章化が求められます。範囲は取引・契約、会社法務、債権回収、知的財産、労働法務など幅広く及びます。","公式テキスト・問題集で範囲を一通り押さえ、契約・会社法務・債権回収・知的財産・労働法などの頻出分野を重点的に学びます。2級までは過去問・問題演習の反復で対応できます。
1級は記述対策として、論点を整理して自分の言葉で書く練習が必要です。実務で扱う契約書や社内規程と結びつけると理解が深まります。",出題分野の全体像を把握する|契約・会社法務など頻出分野を固める|3級で基礎、2級で実務レベルへ段階的に進める|過去問・問題集を反復する|1級は記述式の論述練習を重ねる|会社法・労働法など制度改正を最新化する,"範囲を広く浅く流し、頻出分野の詰めが甘くなるのが典型的な失敗です。2級までの感覚で1級の記述に臨み、対応できないケースもあります。
法改正を追えていない、実務と結びつけず暗記に終始する、といった点にも注意が必要です。","法務・総務部門はもちろん、営業や管理職が契約・コンプライアンスの素養を示すのにも役立ちます。ビジネスの現場でリスクに気づける「法務リテラシー」の証明になります。
宅地建物取引士・行政書士・知的財産管理技能士などと組み合わせると、企業法務への対応力が高まります。"
c-7111,給排水・空調などの設備工事で施工管理を担いたい人、設備分野でキャリアを築きたい人に向いています。,,設備の知識・施工管理法・法規の第一次検定と経験記述の第二次検定があります。第二次の記述対策と過去問演習が鍵です。,第一次検定の知識を過去問で固める|第二次検定の経験記述を自分の現場経験で整理する|記述の型を作り、書いて推敲する|過去問で出題パターンと時間配分を押さえる,,管工事現場で主任技術者として施工計画・品質・安全を管理でき、設備工事会社で需要があります。建物の快適・衛生環境を支える実務資格です。
c-4205,金融・貸金業界で働きたい人、業界必須の国家資格を取りたい人に向いています。,,貸金業法を中心に、関連法令・実務・財務が範囲。出題範囲が明確なので、テキストと過去問の反復で合格を狙えます。,テキストで出題範囲を一通り学ぶ|頻出分野を重点的に押さえる|過去問・問題集を繰り返し解く|間違えた問題を復習して仕上げる,,貸金業者の営業所に設置義務があり、消費者金融・クレジット・信販などで必須。金融業界で働く基盤となる資格です。
c-7110,管工事で監理・主任技術者として大規模工事に携わりたい人、設備分野でキャリアを高めたい人に向いています。,,設備知識・施工管理法・法規の第一次検定と経験記述の第二次検定。2級より高度で、記述対策と過去問演習を計画的に進めます。,第一次検定の知識を過去問で固める|第二次検定の経験記述を自分の現場経験で整理する|記述の型を作り、書いて推敲する|過去問で出題パターンと時間配分を押さえる,,ビルや工場の管工事で監理技術者・主任技術者として配置でき、公共工事の入札評価でも高く評価される設備分野の中心資格です。
c-3402,社会人としてのマナー・対人能力を身につけたい人、就職活動を控えた学生や新社会人に向いています。,,来客・電話応対、敬語、文書作成など実践的なビジネスマナーが範囲。公式テキストと過去問でパターンを押さえれば取り組みやすい検定です。,テキストで出題範囲を一通り学ぶ|頻出分野を重点的に押さえる|過去問・問題集を繰り返し解く|間違えた問題を復習して仕上げる,,秘書職に限らず、就職活動や新社会人のマナー習得で評価されます。ビジネスの基礎力を示せる人気検定です。
c-4103,小売・流通業で販売の基礎を学びたい人、接客販売の仕事に専門性を加えたい人に向いています。,,小売・マーケティング・ストアオペレーションなどの基礎が範囲。日本商工会議所主催で、テキストと過去問の反復が効果的です。,テキストで出題範囲を一通り学ぶ|頻出分野を重点的に押さえる|過去問・問題集を繰り返し解く|間違えた問題を復習して仕上げる,,小売店や流通業界で販売の知識を証明でき、店舗運営に役立ちます。上位級へのステップにもなります。
c-1907,予防歯科で人の口腔の健康を支えたい人、安定した医療系の専門職に就きたい人に向いています。,,養成課程で歯科予防処置・保健指導・診療補助を学び、国家試験では幅広い科目が問われます。過去問で頻出を押さえ、実習の理解と結びつけます。,養成課程で歯科予防処置・保健指導・診療補助を体系的に学ぶ|国家試験の出題基準に沿って頻出領域を押さえる|過去問・模試を繰り返し解く|実習で得た理解と知識を結びつける|弱点科目を重点的に復習する,,歯科医院や病院で歯石除去・フッ素塗布・ブラッシング指導などを担います。予防歯科への関心の高まりで需要が安定し、再就職もしやすい専門職です。
c-1801,地域や職場の健康づくり・予防に関わりたい人、看護師資格を土台に活躍の場を広げたい人に向いています。,,公衆衛生看護学・疫学・保健統計・行政論などが範囲。看護師の知識を前提に、予防・地域保健の視点を過去問で固めます。,養成課程で公衆衛生看護・疫学・保健統計を体系的に学ぶ|国家試験の出題基準に沿って頻出領域を押さえる|過去問・模試を繰り返し解く|実習で得た理解と知識を結びつける|弱点科目を重点的に復習する,,保健所・市町村・企業・学校で保健指導や健康教育、健康相談を担います。予防の視点から地域全体の健康を支える専門職です。
c-3705,バス・タクシー業界でキャリアアップしたい人、公共交通の安全管理を担いたい人に向いています。,,旅客自動車運送事業法や安全運行に関する知識が範囲。出題範囲が明確で、法令と過去問を中心に効率よく合格を狙えます。,テキストで出題範囲を一通り学ぶ|頻出分野を重点的に押さえる|過去問・問題集を繰り返し解く|間違えた問題を復習して仕上げる,,バス・タクシー事業で運転者の点呼・乗務割・健康管理・運行の安全確保を担います。公共交通を支える重要な役割です。
c-1313,ビル管理・設備分野でキャリアの集大成となる資格を取りたい人、建物の環境衛生を統括したい人に向いています。,,空気環境・給排水・清掃・害虫防除など建築物の環境衛生が範囲。広範囲なため、過去問で頻出を押さえつつ体系的に学ぶことが鍵です。,テキストで出題範囲を一通り学ぶ|頻出分野を重点的に押さえる|過去問・問題集を繰り返し解く|間違えた問題を復習して仕上げる,,大規模建築物で環境衛生を統括管理し、特定建築物では選任義務があります。ビルメンテナンス業界で高く評価される到達点的な資格です。
c-2307,精神保健の分野で相談援助に携わりたい人、こころの健康を支える対人援助に関心がある人に向いています。,,精神疾患・精神保健福祉制度・相談援助などが範囲で科目が幅広いのが特徴。頻出領域を中心に過去問を反復し、制度を整理して理解します。,テキストで出題範囲を一通り学ぶ|頻出分野を重点的に押さえる|過去問・問題集を繰り返し解く|間違えた問題を復習して仕上げる,,医療機関や福祉施設、行政で退院支援や生活相談、社会資源との橋渡しを担います。こころの健康への関心の高まりで需要が拡大しています。
c-7204,水中での仕事に就きたい人、受験資格なしで挑戦できる国家資格を探している人に向いています。,,潜水業務に関する法令・潜水器・高気圧障害・送気などが範囲。学科のみで受験でき、過去問の反復で効率よく合格を狙えます。,テキストで出題範囲を一通り学ぶ|頻出分野を重点的に押さえる|過去問・問題集を繰り返し解く|間違えた問題を復習して仕上げる,,水中工事やサルベージ、橋梁・港湾の点検、水産関連など潜水器を使う現場で求められます。海や水中の仕事の入口となる資格です。
c-3623,"経理・会計の高度な専門性を証明したい人、税理士や公認会計士へのステップを見据える人に向いています。簿記2級で会計の基礎を固めた人が、さらに上を目指す到達点です。
企業の連結決算や原価計算など、より実務的で高度な会計を体系的に学びたい人に適しています。","商業簿記・会計学・工業簿記・原価計算の4科目からなり、範囲の広さと理論の深さが2級とは段違いです。各科目に足切りがある絶対評価で、苦手科目を作れません。
会計基準の背景にある考え方の理解まで問われ、単なる仕訳の処理を超えた総合力が求められます。合格すると税理士試験の受験資格が得られる点も大きな特徴です。","商業簿記・会計学は、連結会計や企業結合など2級にない論点を、会計基準の趣旨とともに理解します。工業簿記・原価計算は、標準原価計算や意思決定会計まで踏み込み、計算の型を固めます。
4科目をバランスよく仕上げ、足切りを避けることが最優先です。範囲が広く独学は負担が大きいため、講義と問題演習を組み合わせて計画的に進めるのが現実的です。",4科目の全体像と各科目の足切りを把握する|商業簿記・会計学の高度論点を会計基準とともに理解する|工業簿記・原価計算の計算の型を固める|連結会計・意思決定会計など難所を重点対策する|総合問題で4科目をバランスよく仕上げる|本試験の180分の時間配分を訓練する,"得意科目に注力しすぎて、苦手科目で足切りを受けるのが典型的な失敗です。会計基準の趣旨を理解せず処理だけ覚えると、応用問題や理論で失点します。
工業簿記・原価計算の計算量に圧倒され、時間内に解き切れない点にも注意が必要です。","高度な会計知識の証明として、経理・財務の管理職や上場企業の決算業務で評価されます。連結決算や原価管理など、専門性の高い実務に直結します。
税理士試験の受験資格が得られるため、税理士・公認会計士を目指す足がかりにもなります。"
c-1607,非破壊検査や医療・研究でエックス線を扱う現場の安全を担いたい人に向いています。,,エックス線の管理・障害防止・関係法令などが範囲。出題範囲が明確で、過去問の反復で効率よく合格を狙えます。,学科の出題範囲をテキストで学ぶ|学科の過去問を繰り返す|被ばく管理・装置取扱いの知識を押さえる|間違えた論点を重点的に復習する,,エックス線装置を扱う作業現場で被ばく管理や作業の指揮を担い、非破壊検査や医療・研究の現場で必要とされる安全管理の資格です。
c-2405,"貿易実務、とりわけ輸出入の通関手続の専門家を目指す人に向いています。商社・物流・フォワーダー・メーカーの貿易部門で働きたい人に適しています。
唯一の貿易系国家資格でキャリアの武器を作りたい人に向き、受験資格がなく誰でも挑戦できます。","合格率は例年10％台で、範囲は通関業法・関税法等・通関実務の3科目です。最大の関門は「通関実務」で、輸入（納税）申告書の作成や課税価格・関税額の計算、品目分類などの実務的な処理が問われます。
各科目に基準点があり、実務科目を苦手にすると合格が遠のきます。","通関業法・関税法は条文ベースで頻出を固め、得点を安定させます。山場の通関実務は、申告書作成の手順と、課税価格の決定・関税額の算出といった計算を繰り返し練習して型にします。
品目分類（HSコード）の考え方にも慣れておきます。独学も可能ですが、実務科目でつまずくなら専門講座の演習が近道です。",3科目の全体像と各科目の基準点を把握する|通関業法を得点源として固める|関税法・関税定率法等の頻出を押さえる|通関実務の申告書作成・計算を反復練習する|品目分類・課税価格の考え方に慣れる|過去問で本試験形式に慣れる,"暗記科目に偏り、通関実務の演習が不足するのが典型的な失敗です。課税価格・関税額の計算に習熟しないまま本番を迎えるケースもあります。
申告書作成の手順が身についていない、各科目の基準点を意識していない、といった点にも注意します。","通関業者では通関士の設置が義務づけられており、求人需要が安定しています。輸出入申告書の審査・記名などの独占的な業務を担い、商社・物流・メーカーの貿易部門でも重宝されます。
貿易実務検定やTOEICと組み合わせると、グローバルな物流・貿易分野でのキャリアが広がります。"
c-1308,住空間の提案やインテリアの仕事に就きたい人、住宅・インテリア業界で専門性を示したい人に向いています。,,インテリアの計画・商品・歴史・関連法規などが範囲で、一次（学科）と二次（製図・論文）があります。二次のプレゼンテーション課題に向けた製図練習が重要です。,テキストで出題範囲を一通り学ぶ|頻出分野を重点的に押さえる|過去問・問題集を繰り返し解く|間違えた問題を復習して仕上げる,,住宅メーカーやインテリアショップ、設計事務所で内装・家具・照明をトータルに提案します。暮らしの質への関心の高まりで需要があります。
c-3403,社会人マナーの基礎を身につけたい学生・新社会人に向いた入門級です。,,言葉づかい・来客電話応対・身だしなみなど基礎マナーが範囲。公式テキストと過去問で取り組みやすい入門検定です。,テキストで出題範囲を一通り学ぶ|頻出分野を重点的に押さえる|過去問・問題集を繰り返し解く|間違えた問題を復習して仕上げる,,就職活動を控えた学生や新社会人がビジネスの土台となるマナーを習得する第一歩として役立ちます。
c-4102,小売・流通の販売管理を実務レベルで学びたい人、店舗のリーダーを目指す人に向いています。,,売場づくり・在庫管理・販売促進・マネジメントが範囲。3級の上位として、テキストと過去問の反復が効果的です。,テキストで出題範囲を一通り学ぶ|頻出分野を重点的に押さえる|過去問・問題集を繰り返し解く|間違えた問題を復習して仕上げる,,店舗の販売リーダーやチーフを目指す人に役立ち、小売業界でのキャリアアップに直結します。
c-1905,作業を通じたリハビリで人の生活再建を支えたい人、医療・福祉でやりがいのある専門職に就きたい人に向いています。,,養成課程で解剖・生理・運動学・作業療法学と臨床実習を学びます。国家試験は範囲が広いため、過去問と実習の理解を結びつけて学ぶのが定着の鍵です。,養成課程で解剖・生理・作業療法学を体系的に学ぶ|国家試験の出題基準に沿って頻出領域を押さえる|過去問・模試を繰り返し解く|実習で得た理解と知識を結びつける|弱点科目を重点的に復習する,,病院・福祉施設・精神科領域などで応用動作や社会適応のリハビリを担います。高齢化やこころのケア需要で活躍の場が広い専門職です。
c-1901,検査を通じて医療を支えたい人、理系の知識を医療現場で活かしたい人に向いています。,,養成課程で臨床化学・血液・微生物・生理機能検査などを学び、国家試験は範囲が広いのが特徴。過去問で頻出を押さえ、実習と結びつけて理解します。,養成課程で臨床化学・血液・微生物・生理機能検査を体系的に学ぶ|国家試験の出題基準に沿って頻出領域を押さえる|過去問・模試を繰り返し解く|実習で得た理解と知識を結びつける|弱点科目を重点的に復習する,,血液・尿などの検体検査や心電図・超音波などの生理機能検査を担い、医師の診断を支えます。医療の高度化で需要が安定した専門職です。
c-6709,移動式クレーンを運転する仕事に就きたい人、建設・物流現場で手に職をつけたい人に向いています。,,力学・クレーンの構造・運転・法令が範囲で、学科と実技（運転）があります。学科は過去問、実技は教習で習得します。,学科の出題範囲をテキストで学ぶ|学科の過去問を繰り返す|移動式クレーン運転の実技を教習で習得する|間違えた論点を重点的に復習する,,建設現場や工場で移動式クレーンを運転でき、建設・物流・製造で需要があります。重量物の揚重を担う実務資格です。
c-4202,海外旅行も扱う旅行業の上位資格を目指す人、旅行業界でキャリアを築きたい人に向いています。,,旅行業法・約款・国内外の旅行実務が範囲。海外実務が加わるため範囲が広く、テキストと過去問の反復で着実に固めます。,テキストで出題範囲を一通り学ぶ|頻出分野を重点的に押さえる|過去問・問題集を繰り返し解く|間違えた問題を復習して仕上げる,,旅行業者の営業所で国内・海外旅行取引の管理を担い、海外旅行を扱う営業所では必須。旅行業の最上位資格です。
c-3203,"土地や建物の物理的な状況を調査・測量し、表示に関する登記を扱う専門家を目指す人に向いています。測量と法律の両方に関心がある人、屋外の調査と精密な図面作成の双方をこなせる人に適しています。
受験資格がなく、独立開業を視野に手に職をつけたい人にも向いた国家資格です。","合格率が1割前後の難関で、筆記は午前・午後に分かれ、午後の記述式（申請書の作成と図面の作図）が大きな山場になります。
択一で不動産登記法・民法などの知識を固めつつ、記述では作図と計算を時間内に正確に仕上げる力が問われます。測量士補などを取得していると午前の試験が免除される点も特徴です。","択一は不動産登記法・土地家屋調査士法・民法を過去問中心に固めます。記述は、土地・建物の申請書作成と図面の作図を繰り返し練習し、関数電卓を使った座標計算に習熟します。
午後は時間が非常にタイトなため、解く順番と作図の手順を体に入れておくことが合否を分けます。多くの受験者が午前免除のために測量士補を先に取得します。",午前試験免除（測量士補等）の活用を検討する|不動産登記法・民法などの択一知識を固める|土地・建物の申請書作成の型を身につける|作図と座標計算を関数電卓で反復練習する|午後の解答順序と時間配分を訓練する|口述試験の受け答えを準備する,"記述の作図・計算を後回しにして、択一の知識に偏るのが典型的な失敗です。関数電卓の操作や座標計算に習熟しないまま本番を迎えると、午後の時間内に解き切れません。
作図の手順が定まっていない、口述対策が不足する、といった点にも注意が必要です。","独占業務は、土地・建物の表示に関する登記の調査・測量と申請の代理です。分筆・合筆、建物の新築・滅失の登記、境界の確定など、不動産の物理的な側面を扱います。
独立開業しやすく、権利の登記を扱う司法書士とダブル取得すると、不動産登記を表示・権利の両面からワンストップで扱えます。"
c-2104,手技で人の体の回復を支えたい人、接骨院などで独立開業も目指したい人に向いています。,,養成課程で解剖・生理・柔道整復理論と実技を学び、国家試験に臨みます。過去問で頻出を押さえ、実技・実習の理解と結びつけます。,養成課程で解剖・生理・柔道整復理論を学ぶ|各科目の頻出を過去問で押さえる|実技・実習の理解と結びつける|国家試験の過去問を繰り返す|模試で得点状況を確認する,,骨折・打撲・捻挫などを手技で施術し、接骨院・整骨院を開業できます。スポーツや介護分野でも活躍でき、独立志向の人に人気です。
c-6702,ビル・工場の設備管理で対応範囲を広げたい人、2級ボイラー技士からステップアップしたい人に向いています。,,ボイラーの構造・取扱い・燃料燃焼・法令が範囲で、2級より高度。過去問の反復に加え、実務経験が受験要件となります。,学科の出題範囲をテキストで学ぶ|学科の過去問を繰り返す|ボイラーの構造・取扱いを実務と結びつけて理解する|間違えた論点を重点的に復習する,,大規模なビルや工場のボイラーを管理でき、作業主任者として選任されることもあります。設備管理でのキャリアと対応範囲を広げられます。
c-1622,気象に関わる仕事に就きたい人、理系の知識を活かして専門性の高い資格に挑戦したい人に向いています。,,大気の科学・気象観測・予報・気象法規が範囲で、学科（一般・専門）と実技があります。実技の天気図解析は反復演習が不可欠な難関試験です。,大気の科学・気象法規など学科を学ぶ|学科（一般・専門）の過去問を反復する|実技の天気図解析の手順を身につける|実技演習を繰り返し時間内に解く|模試で弱点を補強する,,テレビ・ラジオの気象解説、民間気象会社の予報業務、防災情報の提供などで活躍します。防災意識の高まりで需要が続く注目資格です。
c-2102,東洋医学で人の不調を和らげたい人、鍼灸院の開業も視野に入れる人に向いています。,,養成課程で解剖・生理・東洋医学・はりの理論と実技を学びます。国家試験は範囲が広く、過去問と実技の理解を結びつけて学ぶのが効果的です。,養成課程で解剖・生理・東洋医学とはりの理論を体系的に学ぶ|国家試験の出題基準に沿って頻出領域を押さえる|過去問・模試を繰り返し解く|実習で得た理解と知識を結びつける|弱点科目を重点的に復習する,,鍼灸院での施術のほか、美容鍼やスポーツ・介護分野でも活躍できます。きゅう師と合わせて取得し独立開業する人も多い専門職です。
c-2103,お灸で人の健康を支えたい人、はり師と合わせて鍼灸の道を歩みたい人に向いています。,,養成課程で解剖・生理・東洋医学・きゅうの理論と実技を学びます。はり師と同時に学ぶことが多く、過去問と実技の理解を結びつけます。,養成課程で解剖・生理・東洋医学ときゅうの理論を体系的に学ぶ|国家試験の出題基準に沿って頻出領域を押さえる|過去問・模試を繰り返し解く|実習で得た理解と知識を結びつける|弱点科目を重点的に復習する,,鍼灸院での施術を中心に、美容・介護・スポーツ分野でも活躍できます。はり師と同時取得し独立開業する人が多い専門職です。
c-3301,語学を活かして日本の魅力を世界に伝えたい人、観光・通訳の分野で働きたい人に向いています。,,外国語に加え、日本の地理・歴史・文化・産業など幅広い教養が問われます。語学力を磨きつつ、日本事情を体系的に学ぶことが必要です。,テキストで出題範囲を一通り学ぶ|頻出分野を重点的に押さえる|過去問・問題集を繰り返し解く|間違えた問題を復習して仕上げる,,外国人観光客に外国語で日本各地を案内します。インバウンド観光の拡大で質の高い通訳ガイドの需要が高まっています。
c-1908,放射線を用いた検査・治療で医療を支えたい人、理系の知識を医療現場で活かしたい人に向いています。,,養成課程で放射線物理・画像・治療・防護などを学び、国家試験は専門性が高い範囲が問われます。過去問で頻出を押さえ、実習と結びつけます。,養成課程で放射線物理・画像・治療・防護を体系的に学ぶ|国家試験の出題基準に沿って頻出領域を押さえる|過去問・模試を繰り返し解く|実習で得た理解と知識を結びつける|弱点科目を重点的に復習する,,エックス線撮影・CT・MRI・放射線治療などを担い、放射線を扱えるのは医師等とこの資格者に限られます。医療の高度化を支える専門職です。
c-1408,測量分野でキャリアを高めたい人、測量計画を統括する技術者を目指す人に向いています。,,測量に関する法規・計算・専門知識が範囲で、測量士補より高度。過去問で計算パターンを固め、専門知識を体系的に学びます。,テキストで出題範囲を一通り学ぶ|頻出分野を重点的に押さえる|過去問・問題集を繰り返し解く|間違えた問題を復習して仕上げる,,測量計画を立て正確な測量を統括し、測量・建設・不動産業界で必要とされます。社会インフラ整備の基礎を支える専門職です。
c-2206,救急の現場で人命を救う仕事に就きたい人、強い使命感と冷静な判断力を持てる人に向いています。,,養成課程で救急医学・救命処置を学び、国家試験に臨みます。過去問で頻出を押さえ、実習での処置の理解と結びつけて学びます。,養成課程で救急医学・救命処置を体系的に学ぶ|国家試験の出題基準に沿って頻出領域を押さえる|過去問・模試を繰り返し解く|実習で得た理解と知識を結びつける|弱点科目を重点的に復習する,,救急車などで搬送中の傷病者に救急救命処置を行い、消防の救急隊員として活躍します。命をつなぐ責任とやりがいの大きい専門職です。
c-2403,"特許・意匠・商標といった知的財産の専門家を目指す人に向いています。技術と法律の橋渡しに関心がある人、とりわけ理工系のバックグラウンドを活かしたい人に適しています。
発明を権利化する緻密な作業や、企業の知財戦略に携わりたい人に向いた資格です。","合格率が一桁台の難関で、短答式→論文式（必須・選択）→口述の3段階を突破する必要があります。
中心となるのは論文式で、特許・意匠・商標の法律を事例に当てはめて論述する力が問われます。理工系の知識があると、選択科目や明細書の理解で有利に働きます。総じて長期戦になりがちです。","短答式で工業所有権法（特許・実用新案・意匠・商標）に条約・著作権法・不正競争防止法の基礎を固め、論文式で書く力を鍛えます。条文の趣旨と要件を正確に押さえ、論文は答練・添削で型を作ります。
選択科目は理工系の学位や技術士などによる免除制度があるため、対象であれば活用して負担を減らします。実務経験や予備校講座と併用するのが現実的です。",短答式で工業所有権法・条約等の基礎を固める|論文（必須3法）の論述の型を答練で作る|選択科目（免除制度の確認を含む）を仕上げる|過去問で頻出論点を押さえる|口述試験の受け答えを練習する|3段階の日程に合わせて仕上げる,"短答の通過に安心して、論文対策が遅れるのが典型的な失敗です。条文を丸暗記しても、論述で事案に当てはめる力が弱いと得点が伸びません。
選択科目の免除制度を確認せず不要な負担を負う、口述対策が手薄になる、といった点にも注意します。","独占業務は特許庁への出願手続の代理や、知的財産に関する鑑定などです。特許事務所や企業の知財部で、発明の権利化・侵害対応・ライセンス交渉に携わります。
技術と法律の両面を扱える希少性が高く、独立開業も可能です。国際的な知財案件では語学力も強みになります。"
c-4413,ワインや食の世界で専門性を持って働きたい人、飲食・サービス業でキャリアを高めたい人に向いています。,,ワインの産地・品種・醸造・サービスの知識とテイスティングが問われます。知識の暗記に加え、テイスティングの訓練が必要です。,テキストで出題範囲を一通り学ぶ|頻出分野を重点的に押さえる|過去問・問題集を繰り返し解く|間違えた問題を復習して仕上げる,,レストランやホテルでワインの選定・管理・サービスを担い、料理に合わせた提案で食体験を高めます。ワイン文化の広がりで人気の資格です。
c-1702,歯科医療で人の健康を支えたい人、専門性の高い医療職を志す人に向いています。,,歯学部の6年課程で基礎・臨床歯学を学び、国家試験は歯科医学全般が問われます。過去問・模試で頻出を押さえ、臨床実習と結びつけて学びます。,養成課程で基礎・臨床歯学を体系的に学ぶ|国家試験の出題基準に沿って頻出領域を押さえる|過去問・模試を繰り返し解く|実習で得た理解と知識を結びつける|弱点科目を重点的に復習する,,虫歯・歯周病治療、抜歯、入れ歯・インプラント、矯正など歯科医療全般を担います。歯科医業は独占業務で、開業・勤務・研究で活躍できます。
c-3338,商業高校で学ぶ生徒や英語力を示したい人に向いた、全国商業高等学校協会の英語検定です。,,読解・英作文・リスニングなどが範囲。級別の問題集を反復し、商業科の学習と並行して取り組むのが効果的です。,テキストで出題範囲を一通り学ぶ|頻出分野を重点的に押さえる|過去問・問題集を繰り返し解く|間違えた問題を復習して仕上げる,,学習成果の証明として進学・就職でアピールでき、実務的な英語力の土台になります。
c-1626,下水道の処理施設の維持管理に関わりたい人、自治体や下水道関連企業で働く技術者に向いています。,,下水処理場の運転・保守に関する知識が範囲。出題傾向が安定しており、過去問の反復で効率よく対策できます。,学科の出題範囲をテキストで学ぶ|学科の過去問を繰り返す|下水道処理施設の維持管理の知識を押さえる|間違えた論点を重点的に復習する,,下水処理施設の維持管理を担い、生活環境と水質保全を支える人材として自治体・関連企業で必要とされます。
c-4104,高圧ガスの販売・保安に関わりたい人、エネルギー・ガス業界で働く人に向いています。,,高圧ガスの性質・保安・関係法令が範囲。出題範囲が明確なので、テキストと過去問の反復で着実に合格を狙えます。,学科の出題範囲をテキストで学ぶ|学科の過去問を繰り返す|高圧ガスの性質・保安・法令を押さえる|間違えた論点を重点的に復習する,,高圧ガス販売事業所で保安業務を担い、ガス販売店やエネルギー関連企業で必要とされる保安の専門資格です。
c-1204,電気設備の保安を担う上位の専門技術者を目指す人、電験三種からステップアップしたい人に向いています。,,理論・電力・機械・法規の4科目に加え二次試験があり、計算と記述の両方が問われます。三種より高度で、長期的・計画的な学習が必要な難関です。,理論を最優先で固める|電力・機械を順に学ぶ|法規を仕上げる|二次試験の計算・記述を訓練する|過去問で計算パターンを反復する,,大規模な工場・受電設備・発電所などの保安監督を担え、対応できる設備規模が広がります。電力・設備業界で高く評価されます。
c-6704,ボイラーの整備に関わりたい人、設備管理・ビルメンテナンス分野で専門性を加えたい人に向いています。,,ボイラーの構造・整備・法令が範囲。出題範囲が明確で、過去問の反復で効率よく合格を狙えます。,学科の出題範囲をテキストで学ぶ|学科の過去問を繰り返す|ボイラー整備の手順と法令を押さえる|間違えた論点を重点的に復習する,,ボイラーや第一種圧力容器の整備（清掃・点検・調整）を担い、設備管理やボイラー関連の現場で役立ちます。
c-1407,造園・緑化の現場で施工管理を担いたい人、環境・景観づくりに関わりたい人に向いています。,,造園の知識・施工管理法・法規の第一次検定と経験記述の第二次検定があります。第二次の記述対策と過去問演習が鍵です。,第一次検定の知識を過去問で固める|第二次検定の経験記述を自分の現場経験で整理する|記述の型を作り、書いて推敲する|過去問で出題パターンと時間配分を押さえる,,公園・庭園・緑地の造園工事で主任技術者として活躍でき、都市緑化や景観づくりの需要を背景に評価されます。
c-1903,医療機器の専門家として医療を支えたい人、理系の知識を医療現場で活かしたい人に向いています。,,養成課程で医用工学・生体機能代行装置・医療安全などを学び、国家試験は専門性の高い範囲が問われます。過去問と実習の理解を結びつけて学びます。,養成課程で医用工学・生体機能代行装置を体系的に学ぶ|国家試験の出題基準に沿って頻出領域を押さえる|過去問・模試を繰り返し解く|実習で得た理解と知識を結びつける|弱点科目を重点的に復習する,,人工呼吸器・人工透析・人工心肺などの生命維持管理装置を操作・保守します。医療の機器化が進むなか需要が高まる専門職です。
c-2209,認知症ケアの専門性を高めたい介護・医療職、質の高いケアを提供したい人に向いています。,,認知症の医学的理解・ケアの実際・倫理などが範囲。実務経験を前提に、テキストと過去問でケアの考え方を体系的に学びます。,テキストで出題範囲を一通り学ぶ|頻出分野を重点的に押さえる|過去問・問題集を繰り返し解く|間違えた問題を復習して仕上げる,,介護施設・医療機関・在宅で認知症の人と家族に質の高いケアを提供します。高齢化で重要性が高まる分野です。
c-2210,こころの支援に携わりたい人、心理職の国家資格を目指す人に向いています。,,大学・大学院での心理学の学修を前提に、医療・福祉・教育・司法・産業の幅広い知識が問われます。過去問で出題傾向を掴み、事例理解を深めます。,テキストで出題範囲を一通り学ぶ|頻出分野を重点的に押さえる|過去問・問題集を繰り返し解く|間違えた問題を復習して仕上げる,,カウンセリングや心理状態の分析・助言を医療・教育・福祉など幅広い分野で担います。メンタルヘルスへの関心の高まりで需要が拡大しています。
c-1802,出産と新しい命の誕生を支えたい人、母子のケアに使命感を持てる人に向いています。,,看護師資格を土台に、助産学・母子保健・分娩介助を学びます。国家試験は専門性が高く、過去問と実習の理解を結びつけて学びます。,養成課程で助産学・母子保健を体系的に学ぶ|国家試験の出題基準に沿って頻出領域を押さえる|過去問・模試を繰り返し解く|実習で得た理解と知識を結びつける|弱点科目を重点的に復習する,,妊娠・出産・産後の女性や新生児をケアし、出産を介助します。病院や助産所で活躍し、母子の健康と安全を守る責任の大きい職業です。
c-1208,通信インフラの技術管理を担いたい人、通信業界で専門性を高めたい人に向いています。,,電気通信システム・設備・法規などが範囲。伝送交換設備の技術知識を体系的に学び、過去問で頻出を押さえます。,テキストで出題範囲を一通り学ぶ|頻出分野を重点的に押さえる|過去問・問題集を繰り返し解く|間違えた問題を復習して仕上げる,,電気通信ネットワークの工事・維持・運用を監督し、通信事業者で技術管理者として活躍します。通信インフラの安定を支える資格です。
c-1319,鉄骨製作の品質管理を担いたい人、建築・鉄鋼分野で技術力を示したい人に向いています。,,鉄骨の加工・溶接・検査・品質管理に関する知識が範囲。実務経験を前提に、テキストと問題演習で体系的に学びます。,学科の出題範囲をテキストで学ぶ|学科の過去問を繰り返す|鉄骨の加工・溶接・検査の品質管理を実務と結びつける|間違えた論点を重点的に復習する,,鉄骨製作工場で品質を管理し、高層ビルや大規模建築の安全性を支える専門人材として需要があります。
c-2207,こころの専門家として心理臨床に携わりたい人、公認心理師と合わせて専門性を示したい人に向いています。,,指定大学院での学修が受験の前提。心理査定・面接・地域援助などの知識と実践力が問われます。,テキストで出題範囲を一通り学ぶ|頻出分野を重点的に押さえる|過去問・問題集を繰り返し解く|間違えた問題を復習して仕上げる,,医療・教育・福祉・産業・司法で心理査定やカウンセリングを担います。スクールカウンセラー等としても知られ、信頼の厚い民間資格です。
c-3626,会計の専門知識を深めたい人、税理士を目指す学習の一環として取り組みたい人に向いています。,,商業簿記・会計学・工業簿記・原価計算を高度に扱います。日商簿記1級と並ぶ上級で、合格すると税理士の受験資格が得られます。,テキストで出題範囲を一通り学ぶ|頻出分野を重点的に押さえる|過去問・問題集を繰り返し解く|間違えた問題を復習して仕上げる,,会計の専門知識を証明でき、税理士へのステップにもなります。経理・会計のプロを目指す道で価値を持つ資格です。
c-1601,労働安全の専門家として診断・指導を行いたい人、企業の安全管理を高度に担いたい人に向いています。,,機械・電気・化学・土木・建築など区分ごとに、労働安全に関する高度な専門知識が問われます。実務経験を活かした学習が有効です。,テキストで出題範囲を一通り学ぶ|頻出分野を重点的に押さえる|過去問・問題集を繰り返し解く|間違えた問題を復習して仕上げる,,事業場の安全を診断し改善を指導します。独立して活動するほか企業内の安全管理者としても活躍でき、労働災害防止を担う価値の高い資格です。
c-1703,動物の健康を守りたい人、人と動物の双方に関わる医療・公衆衛生に関心がある人に向いています。,,獣医学課程で基礎・臨床獣医学を学び、国家試験は範囲が広いのが特徴。過去問で頻出を押さえ、実習の理解と結びつけて学びます。,養成課程で基礎・臨床獣医学を体系的に学ぶ|国家試験の出題基準に沿って頻出領域を押さえる|過去問・模試を繰り返し解く|実習で得た理解と知識を結びつける|弱点科目を重点的に復習する,,動物病院での診療のほか、畜産・公衆衛生・食品衛生・検疫・研究など活躍の場が広く、人と動物の健康を守る専門職です。
c-4117,DIYや住まいの手入れに詳しくなりたい人、ホームセンター等で接客に専門性を加えたい人に向いています。,,住宅の補修・工具・材料・安全などの知識が範囲。テキストと過去問で実用的な知識を体系的に学べます。,テキストで出題範囲を一通り学ぶ|頻出分野を重点的に押さえる|過去問・問題集を繰り返し解く|間違えた問題を復習して仕上げる,,ホームセンターや住宅関連の店舗で商品選びや作業方法の相談に対応でき、DIY需要の高まりで役立つ資格です。
c-2101,手技で人の体を整えたい人、治療院の開業も視野に入れる人に向いています。,,養成課程で解剖・生理・東洋医学・あん摩マッサージ指圧の理論と実技を学びます。国家試験は範囲が広く、実技の理解と結びつけて学びます。,養成課程で解剖・生理・東洋医学とあん摩マッサージ指圧の理論を体系的に学ぶ|国家試験の出題基準に沿って頻出領域を押さえる|過去問・模試を繰り返し解く|実習で得た理解と知識を結びつける|弱点科目を重点的に復習する,,治療院や医療・介護・スポーツ・リラクゼーション分野で施術を担い、独立開業も可能。健康志向の高まりで需要のある専門職です。
c-2309,聴覚障害のある人のコミュニケーションを支えたい人、手話の高い技術を活かしたい人に向いています。,,高度な手話技術と通訳の知識・倫理が問われます。手話の実技力を磨きつつ、通訳実務の理解を深めることが必要です。,テキストで出題範囲を一通り学ぶ|頻出分野を重点的に押さえる|過去問・問題集を繰り返し解く|間違えた問題を復習して仕上げる,,公的機関や医療・司法の場面で手話通訳を担い、情報保障の重要な役割を果たします。共生社会への関心の高まりで意義が増しています。
c-4101,小売・流通の経営戦略を担いたい人、店舗運営の管理職を目指す人に向いています。,,店舗経営・マーチャンダイジング・マーケティング戦略が範囲で、販売士の最上級。テキストと過去問に加え記述対策も行います。,テキストで出題範囲を一通り学ぶ|頻出分野を重点的に押さえる|過去問・問題集を繰り返し解く|間違えた問題を復習して仕上げる,,小売業の管理職・経営層を目指す人に役立ち、流通業界で高い専門性を証明できます。
c-3201,"不動産の経済価値を評価する鑑定評価の専門家を目指す人に向いています。土地・建物の価格を理論的に導く仕事に関心がある人、金融・不動産・行政の分野で高い専門性を築きたい人に適しています。
受験資格がなく誰でも挑戦できますが、会計・経済・法律にまたがる学習に長期で取り組める人向けの資格です。","弁護士・公認会計士と並ぶ難関国家資格の一つに数えられます。短答式で不動産の行政法規と鑑定評価理論を問い、合否の中心となる論文式では民法・経済学・会計学・鑑定評価理論を扱います。
とりわけ鑑定評価理論は独自の体系で、暗記だけでなく評価の考え方を論述できる力が求められます。合格後も実務修習を経て登録に至る、長い道のりの資格です。","短答式は行政法規と鑑定評価理論の基礎を過去問中心に固めます。論文式は、核心である鑑定評価理論を評価手法（原価法・取引事例比較法・収益還元法など）の理解とともに論述できるまで仕上げます。
民法・経済学・会計学は他資格の学習経験が活きる部分もあります。範囲が広く独学は負担が大きいため、専門講座と答練を軸に、演習で計算・論述の型を作るのが現実的です。",短答式（行政法規・鑑定評価理論）の基礎を固める|鑑定評価理論を評価手法とともに深く理解する|民法・経済学・会計学を論文レベルに引き上げる|論文式の答練・添削で論述の型を作る|演習で価格を求める計算に習熟する|本試験の長丁場と実務修習を見据えて仕上げる,"短答通過に注力しすぎて、配点の大きい論文式の対策が後手に回るのが典型です。鑑定評価理論を丸暗記で乗り切ろうとして、論述で評価の筋道を書けないケースもあります。
演習（鑑定評価の計算）の練習不足や、学習長期化によるペース管理の失敗にも注意が必要です。","不動産の鑑定評価は独占業務で、地価公示・相続や担保の評価、企業の資産評価、再開発など幅広い場面で求められます。鑑定事務所のほか、金融機関・不動産会社・行政でも専門性が活きます。
独立開業も可能で、宅地建物取引士やファイナンシャル・プランナーの知識と併せると、資産活用の提案力が高まります。"
c-6004,製菓の道で長く働きたい人、菓子製造の衛生・技術の裏づけを得たい人に向いています。,,製菓理論・衛生・栄養・食品などが範囲。養成施設卒業ルートと実務経験＋試験のルートがあり、出題範囲に沿って学びます。,テキストで出題範囲を一通り学ぶ|頻出分野を重点的に押さえる|過去問・問題集を繰り返し解く|間違えた問題を復習して仕上げる,,ケーキ・和菓子・パンの製造現場で信頼の証となり、名称独占資格として活躍できます。食の安全への関心で価値が増しています。
c-3110,働く人の心の健康を支えたい人、対人支援のスキルを身につけたい社会人に向いています。,,傾聴を基本としたカウンセリングの理論と技法を学びます。養成講座での実習を通じて実践力を身につけます。,テキストで出題範囲を一通り学ぶ|頻出分野を重点的に押さえる|過去問・問題集を繰り返し解く|間違えた問題を復習して仕上げる,,企業の相談室やEAP・人事部門で、職場の人間関係やキャリア・メンタルヘルスの相談支援を担います。職場のメンタルヘルス対策で需要が高まっています。
c-2201,労働衛生の専門家として診断・指導を行いたい人、働く人の健康を高度に支えたい人に向いています。,,労働衛生工学や保健衛生に関する高度な専門知識が問われます。実務経験を活かした学習が有効です。,テキストで出題範囲を一通り学ぶ|頻出分野を重点的に押さえる|過去問・問題集を繰り返し解く|間違えた問題を復習して仕上げる,,事業場の労働衛生を診断し改善を指導します。独立や企業内の専門家として活躍でき、働く人の健康への関心の高まりで価値が増しています。
c-1909,視機能のケアで眼科医療を支えたい人、専門性の高い医療職に就きたい人に向いています。,,養成課程で視能矯正・眼科学・視覚生理などを学び、国家試験に臨みます。過去問で頻出を押さえ、実習の理解と結びつけます。,養成課程で視能矯正・眼科学を体系的に学ぶ|国家試験の出題基準に沿って頻出領域を押さえる|過去問・模試を繰り返し解く|実習で得た理解と知識を結びつける|弱点科目を重点的に復習する,,視力検査や斜視・弱視の訓練・矯正を担い、眼科医院や病院で活躍します。高齢化や目の健康への関心で需要があります。
c-1906,ものづくりの要素が強い医療職に就きたい人、精密な手作業が得意な人に向いています。,,養成課程で歯科技工学・材料・加工技術を学び、国家試験に臨みます。実技の理解と結びつけて学ぶことが定着の鍵です。,養成課程で歯科技工学・材料・加工技術を体系的に学ぶ|国家試験の出題基準に沿って頻出領域を押さえる|過去問・模試を繰り返し解く|実習で得た理解と知識を結びつける|弱点科目を重点的に復習する,,入れ歯・クラウン・矯正装置などの歯科技工物を製作・加工します。歯科医院や技工所、医療機器メーカーで活躍する専門職です。
c-1310,建築設備の安全を点検する仕事に就きたい人、ビルメンテナンス・設備分野で専門性を示したい人に向いています。,,建築設備の構造・機能・関係法令が範囲。講習・修了考査による取得が中心で、設備の知識を体系的に学びます。,学科の出題範囲をテキストで学ぶ|学科の過去問を繰り返す|建築設備の構造・機能と関係法令を押さえる|間違えた論点を重点的に復習する,,換気・排煙・非常用照明・給排水などの建築設備を定期検査し、建物の安全を守ります。ビルメンテナンス・設備管理で需要があります。
c-1211,計装・自動制御の工事で施工管理を担いたい人、プラント・製造分野で技術を活かしたい人に向いています。,,計装設備の知識・施工管理が範囲。実務経験を前提に、テキストと問題演習で体系的に学びます。,学科の出題範囲をテキストで学ぶ|学科の過去問を繰り返す|計装設備の施工管理の知識を実務と結びつける|間違えた論点を重点的に復習する,,プラントや工場の自動制御システムの配管・配線工事を計画・管理します。製造業やプラントエンジニアリングで需要があります。
c-2404,"船舶の登記・登録や海事手続を専門に扱う「海の法律家」を目指す人に向いています。海運・造船・水産など海に関わる業界で専門性を活かしたい人に適しています。
受験資格がなく、比較的挑戦しやすい国家資格を探している人にも向いた、ニッチな専門資格です。","筆記の合格率は年により変動しますが比較的高めです。特徴は科目数の多さで、憲法・民法・商法（海商）に加え、船舶法・船舶安全法・船員法・船舶職員法など海事関係法令を広く浅く問います。
深い論述よりも、多くの法令の要点を正確に暗記できるかが鍵になります。筆記合格後に口述試験があります。","20科目に及ぶ範囲を、頻出条文を中心に効率よく暗記するのが基本です。過去問で問われ方を把握し、船舶の登記・船員・安全に関する主要法令から固めていきます。
情報が少ない資格のため、公式の試験案内と過去問を軸に、自作のまとめで横断整理すると効果的です。口述は、筆記で得た知識を口頭で答えられる形に仕上げます。",出題20科目の全体像と配点を把握する|一般法律常識（憲法・民法・商法）を固める|船舶法・船舶安全法など主要海事法令を暗記する|船員・小型船舶操縦者関連の法令を押さえる|過去問で問われ方に慣れる|口述試験の受け答えを練習する,"科目が多く手が回らず、頻出でない科目に時間を使ってしまうのが典型的な失敗です。暗記が浅く、口述で答えられないケースもあります。
情報が少ないために対策の方向を誤る、過去問の反復が不足する、といった点にも注意が必要です。","独占業務は、船舶の登記・登録の申請代理や、海事関係の官公庁提出書類の作成・手続代理です。海運会社や船主、造船・水産業をサポートします。
行政書士などと兼業して業務範囲を広げる人もいます。独立開業も可能な、海事分野に特化した専門資格です。"
c-1318,建築のコスト面を支える専門家を目指す人、緻密な作業が得意な人に向いています。,,図面からの数量算出・工事費見積もりの知識と技能が範囲。実務に近い演習で積算の手順を身につけます。,図面から数量を拾い出す手順を学ぶ|材料・手間の積算を練習する|工事費見積もりの実務に近い演習を重ねる|過去問・課題で精度を高める,,設計図に基づき材料・手間の数量を拾い出し、適正な工事費を算定します。建設会社・設計事務所・積算事務所で重宝されます。
c-5802,自動車の電装系整備に専門性を持ちたい人、電子制御化が進む現代の整備に対応したい人に向いています。,,自動車の電気装置・電子制御に関する知識と整備技能が範囲。実技を含むため、現場での経験と結びつけて学びます。,学科の出題範囲をテキストで学ぶ|学科の過去問を繰り返す|自動車の電気装置・電子制御の整備技能を練習する|間違えた論点を重点的に復習する,,バッテリー・配線・電子制御装置などの整備を担い、整備工場やディーラーで評価されます。電動化・先進安全技術の進展で需要が高まっています。
c-1237,土木・建設や採石で発破作業に携わりたい人、火薬を扱う専門技能を身につけたい人に向いています。,,発破に関する法令・火薬類・せん孔・装てんなどが範囲。出題範囲が明確で、過去問の反復で対策できます。,学科の出題範囲をテキストで学ぶ|学科の過去問を繰り返す|火薬類・発破の法令と手順を押さえる|間違えた論点を重点的に復習する,,トンネル工事や採石場などで火薬類を用いた発破作業を安全に担います。危険作業の安全を支える専門資格です。
c-6701,ボイラー技士の最上位を目指す人、大規模設備の管理を担いたい人に向いています。,,ボイラーの高度な構造・取扱い・法令が範囲で、1級より上位。実務経験が受験要件となり、過去問の反復で対策します。,学科の出題範囲をテキストで学ぶ|学科の過去問を繰り返す|大規模設備の管理に必要な高度な知識を固める|間違えた論点を重点的に復習する,,大規模な発電所や工場のボイラーを管理でき、最大規模の設備の作業主任者にも選任されます。設備管理のスペシャリストの到達点です。
c-1623,環境分野で独自性のある専門資格を取りたい人、においの問題に科学的に対応したい人に向いています。,,嗅覚測定法や悪臭防止法、分析の知識が範囲。測定の仕組みを理解し、過去問で対策します。,嗅覚測定法と悪臭防止法を学ぶ|においの測定・判定の手順を理解する|分析・関係法令の頻出を押さえる|過去問・問題演習で仕上げる,,事業場の悪臭を嗅覚測定法で評価し、悪臭防止法の規制対応や環境改善に役立てます。生活環境の保全で需要のある環境資格です。
c-3208,"マンションの専有部分のリフォームで、居住者の要望と管理規約・構造上の制約を橋渡しし、企画・管理を担いたい人に向いています。住宅・リフォーム・設計の分野で専門性を示したい人に適しています。
受験資格がなく、インテリアや建築に関心がある人が実務的な資格を得る選択肢になります。","学科試験と設計製図試験の2本立てで、マンション特有のリフォームの知識と、図面で表現する力の両方が問われます。
難しさは、専有部と共用部の区分や管理規約の制約、給排水・電気などの設備の知識を踏まえたうえで、実現可能なプランを図面に落とし込めるかにあります。","学科はマンションの構造・設備・管理規約・リフォームの実務知識を、公式テキストを軸に押さえます。設計製図は、要望を満たしつつ制約を守ったプランを、時間内に作図する練習を繰り返します。
実際のマンションの平面図や設備の仕組みと結びつけて学ぶと、制約の意味が理解しやすくなります。",マンションの構造・設備・管理規約の基礎を押さえる|専有部と共用部の区分・制約を理解する|リフォームの実務知識を学科で固める|要望と制約を両立するプランニングを学ぶ|設計製図を時間内に仕上げる練習をする|学科・製図の形式に合わせて仕上げる,"学科の知識に偏り、設計製図の作図練習が不足するのが典型的な失敗です。専有部・共用部の区分や管理規約の制約を踏まえずにプランを描くと、実現性のない提案になってしまいます。
給排水・電気などの設備の理解が浅いまま製図に臨む点にも注意が必要です。","リフォーム会社・住宅メーカー・設計事務所などで、マンション専有部リフォームの企画・提案・管理に活かせます。居住者と施工者の間に立ち、制約のなかで満足度の高い改修を実現します。
インテリアコーディネーターや建築系の知識と組み合わせると、提案の幅と説得力が高まります。"
c-6307,印刷・DTPの制作現場で専門性を示したい人、デザイン・制作職を目指す人に向いています。,,レイアウト・色・フォント・印刷工程・データ入稿などDTPの知識が範囲。実務に即した知識を体系的に学びます。,レイアウト・色・フォントなどDTPの基礎を学ぶ|印刷工程とデータ入稿の知識を押さえる|制作の実務に即した演習を行う|過去問・課題で仕上げる,,印刷会社やデザイン制作の現場で評価され、紙からデジタルまで広がる制作ワークフローに対応できる専門性を示せます。
c-2205,医学とものづくりの両方を活かしたい人、人の生活再建を支える医療職に就きたい人に向いています。,,養成課程で医学・工学・義肢装具学を学び、国家試験に臨みます。実習での製作・適合の理解と結びつけて学びます。,養成課程で医学・工学・義肢装具学を体系的に学ぶ|国家試験の出題基準に沿って頻出領域を押さえる|過去問・模試を繰り返し解く|実習で得た理解と知識を結びつける|弱点科目を重点的に復習する,,義手・義足などの義肢や装具を製作し体に適合させます。リハビリ医療で重要な役割を担う、人の暮らしを支える専門職です。
c-4305,クリーニングの技術・衛生に専門性を持ちたい人、開業や店舗運営を目指す人に向いています。,,洗濯・しみ抜き・仕上げの技術と衛生知識、関係法令が範囲。出題範囲に沿ってテキストと過去問で学びます。,テキストで出題範囲を一通り学ぶ|頻出分野を重点的に押さえる|過去問・問題集を繰り返し解く|間違えた問題を復習して仕上げる,,クリーニング店で設置が必要とされ、衣類を清潔で美しく保つプロとして開業・店舗運営に役立ちます。
c-1005,農業の分野で技術者として高い専門性を究めたい人、研究開発・設計・コンサルで活躍したい人に向いています。,,一次試験（基礎・適性・専門）と、農業分野の業務経験を論述する二次試験があります。二次は経験を論理的に記述する力が問われ、長期的な準備が必要です。,一次試験（基礎・適性・農業の専門）を過去問で固める|二次受験に必要な実務経験を整理する|農業分野の論文の構成と書き方を訓練する|添削・過去問で論述力を高める|口頭試験に備えて自分の業務を説明できるようにする,,農業分野の研究開発・設計・技術コンサルティングなどで活躍でき、関連業界で高く評価される技術系資格の最高峰の一つです。
c-1006,森林の分野で技術者として高い専門性を究めたい人、研究開発・設計・コンサルで活躍したい人に向いています。,,一次試験（基礎・適性・専門）と、森林分野の業務経験を論述する二次試験があります。二次は経験を論理的に記述する力が問われ、長期的な準備が必要です。,一次試験（基礎・適性・森林の専門）を過去問で固める|二次受験に必要な実務経験を整理する|森林分野の論文の構成と書き方を訓練する|添削・過去問で論述力を高める|口頭試験に備えて自分の業務を説明できるようにする,,森林分野の研究開発・設計・技術コンサルティングなどで活躍でき、関連業界で高く評価される技術系資格の最高峰の一つです。
c-1007,水産の分野で技術者として高い専門性を究めたい人、研究開発・設計・コンサルで活躍したい人に向いています。,,一次試験（基礎・適性・専門）と、水産分野の業務経験を論述する二次試験があります。二次は経験を論理的に記述する力が問われ、長期的な準備が必要です。,一次試験（基礎・適性・水産の専門）を過去問で固める|二次受験に必要な実務経験を整理する|水産分野の論文の構成と書き方を訓練する|添削・過去問で論述力を高める|口頭試験に備えて自分の業務を説明できるようにする,,水産分野の研究開発・設計・技術コンサルティングなどで活躍でき、関連業界で高く評価される技術系資格の最高峰の一つです。
c-1231,機械の分野で技術者として高い専門性を究めたい人、研究開発・設計・コンサルで活躍したい人に向いています。,,一次試験（基礎・適性・専門）と、機械分野の業務経験を論述する二次試験があります。二次は経験を論理的に記述する力が問われ、長期的な準備が必要です。,一次試験（基礎・適性・機械の専門）を過去問で固める|二次受験に必要な実務経験を整理する|機械分野の論文の構成と書き方を訓練する|添削・過去問で論述力を高める|口頭試験に備えて自分の業務を説明できるようにする,,機械分野の研究開発・設計・技術コンサルティングなどで活躍でき、関連業界で高く評価される技術系資格の最高峰の一つです。
c-1232,電気電子の分野で技術者として高い専門性を究めたい人、研究開発・設計・コンサルで活躍したい人に向いています。,,一次試験（基礎・適性・専門）と、電気電子分野の業務経験を論述する二次試験があります。二次は経験を論理的に記述する力が問われ、長期的な準備が必要です。,一次試験（基礎・適性・電気電子の専門）を過去問で固める|二次受験に必要な実務経験を整理する|電気電子分野の論文の構成と書き方を訓練する|添削・過去問で論述力を高める|口頭試験に備えて自分の業務を説明できるようにする,,電気電子分野の研究開発・設計・技術コンサルティングなどで活躍でき、関連業界で高く評価される技術系資格の最高峰の一つです。
c-1233,金属の分野で技術者として高い専門性を究めたい人、研究開発・設計・コンサルで活躍したい人に向いています。,,一次試験（基礎・適性・専門）と、金属分野の業務経験を論述する二次試験があります。二次は経験を論理的に記述する力が問われ、長期的な準備が必要です。,一次試験（基礎・適性・金属の専門）を過去問で固める|二次受験に必要な実務経験を整理する|金属分野の論文の構成と書き方を訓練する|添削・過去問で論述力を高める|口頭試験に備えて自分の業務を説明できるようにする,,金属分野の研究開発・設計・技術コンサルティングなどで活躍でき、関連業界で高く評価される技術系資格の最高峰の一つです。
c-1234,化学の分野で技術者として高い専門性を究めたい人、研究開発・設計・コンサルで活躍したい人に向いています。,,一次試験（基礎・適性・専門）と、化学分野の業務経験を論述する二次試験があります。二次は経験を論理的に記述する力が問われ、長期的な準備が必要です。,一次試験（基礎・適性・化学の専門）を過去問で固める|二次受験に必要な実務経験を整理する|化学分野の論文の構成と書き方を訓練する|添削・過去問で論述力を高める|口頭試験に備えて自分の業務を説明できるようにする,,化学分野の研究開発・設計・技術コンサルティングなどで活躍でき、関連業界で高く評価される技術系資格の最高峰の一つです。
c-1235,生物工学の分野で技術者として高い専門性を究めたい人、研究開発・設計・コンサルで活躍したい人に向いています。,,一次試験（基礎・適性・専門）と、生物工学分野の業務経験を論述する二次試験があります。二次は経験を論理的に記述する力が問われ、長期的な準備が必要です。,一次試験（基礎・適性・生物工学の専門）を過去問で固める|二次受験に必要な実務経験を整理する|生物工学分野の論文の構成と書き方を訓練する|添削・過去問で論述力を高める|口頭試験に備えて自分の業務を説明できるようにする,,生物工学分野の研究開発・設計・技術コンサルティングなどで活躍でき、関連業界で高く評価される技術系資格の最高峰の一つです。
c-1236,資源工学の分野で技術者として高い専門性を究めたい人、研究開発・設計・コンサルで活躍したい人に向いています。,,一次試験（基礎・適性・専門）と、資源工学分野の業務経験を論述する二次試験があります。二次は経験を論理的に記述する力が問われ、長期的な準備が必要です。,一次試験（基礎・適性・資源工学の専門）を過去問で固める|二次受験に必要な実務経験を整理する|資源工学分野の論文の構成と書き方を訓練する|添削・過去問で論述力を高める|口頭試験に備えて自分の業務を説明できるようにする,,資源工学分野の研究開発・設計・技術コンサルティングなどで活躍でき、関連業界で高く評価される技術系資格の最高峰の一つです。
c-1410,上下水道の分野で技術者として高い専門性を究めたい人、研究開発・設計・コンサルで活躍したい人に向いています。,,一次試験（基礎・適性・専門）と、上下水道分野の業務経験を論述する二次試験があります。二次は経験を論理的に記述する力が問われ、長期的な準備が必要です。,一次試験（基礎・適性・上下水道の専門）を過去問で固める|二次受験に必要な実務経験を整理する|上下水道分野の論文の構成と書き方を訓練する|添削・過去問で論述力を高める|口頭試験に備えて自分の業務を説明できるようにする,,上下水道分野の研究開発・設計・技術コンサルティングなどで活躍でき、関連業界で高く評価される技術系資格の最高峰の一つです。
c-1506,情報工学の分野で技術者として高い専門性を究めたい人、研究開発・設計・コンサルで活躍したい人に向いています。,,一次試験（基礎・適性・専門）と、情報工学分野の業務経験を論述する二次試験があります。二次は経験を論理的に記述する力が問われ、長期的な準備が必要です。,一次試験（基礎・適性・情報工学の専門）を過去問で固める|二次受験に必要な実務経験を整理する|情報工学分野の論文の構成と書き方を訓練する|添削・過去問で論述力を高める|口頭試験に備えて自分の業務を説明できるようにする,,情報工学分野の研究開発・設計・技術コンサルティングなどで活躍でき、関連業界で高く評価される技術系資格の最高峰の一つです。
c-1618,経営工学の分野で技術者として高い専門性を究めたい人、研究開発・設計・コンサルで活躍したい人に向いています。,,一次試験（基礎・適性・専門）と、経営工学分野の業務経験を論述する二次試験があります。二次は経験を論理的に記述する力が問われ、長期的な準備が必要です。,一次試験（基礎・適性・経営工学の専門）を過去問で固める|二次受験に必要な実務経験を整理する|経営工学分野の論文の構成と書き方を訓練する|添削・過去問で論述力を高める|口頭試験に備えて自分の業務を説明できるようにする,,経営工学分野の研究開発・設計・技術コンサルティングなどで活躍でき、関連業界で高く評価される技術系資格の最高峰の一つです。
c-1619,衛生工学の分野で技術者として高い専門性を究めたい人、研究開発・設計・コンサルで活躍したい人に向いています。,,一次試験（基礎・適性・専門）と、衛生工学分野の業務経験を論述する二次試験があります。二次は経験を論理的に記述する力が問われ、長期的な準備が必要です。,一次試験（基礎・適性・衛生工学の専門）を過去問で固める|二次受験に必要な実務経験を整理する|衛生工学分野の論文の構成と書き方を訓練する|添削・過去問で論述力を高める|口頭試験に備えて自分の業務を説明できるようにする,,衛生工学分野の研究開発・設計・技術コンサルティングなどで活躍でき、関連業界で高く評価される技術系資格の最高峰の一つです。
c-1620,環境の分野で技術者として高い専門性を究めたい人、研究開発・設計・コンサルで活躍したい人に向いています。,,一次試験（基礎・適性・専門）と、環境分野の業務経験を論述する二次試験があります。二次は経験を論理的に記述する力が問われ、長期的な準備が必要です。,一次試験（基礎・適性・環境の専門）を過去問で固める|二次受験に必要な実務経験を整理する|環境分野の論文の構成と書き方を訓練する|添削・過去問で論述力を高める|口頭試験に備えて自分の業務を説明できるようにする,,環境分野の研究開発・設計・技術コンサルティングなどで活躍でき、関連業界で高く評価される技術系資格の最高峰の一つです。
c-1621,応用理学の分野で技術者として高い専門性を究めたい人、研究開発・設計・コンサルで活躍したい人に向いています。,,一次試験（基礎・適性・専門）と、応用理学分野の業務経験を論述する二次試験があります。二次は経験を論理的に記述する力が問われ、長期的な準備が必要です。,一次試験（基礎・適性・応用理学の専門）を過去問で固める|二次受験に必要な実務経験を整理する|応用理学分野の論文の構成と書き方を訓練する|添削・過去問で論述力を高める|口頭試験に備えて自分の業務を説明できるようにする,,応用理学分野の研究開発・設計・技術コンサルティングなどで活躍でき、関連業界で高く評価される技術系資格の最高峰の一つです。
c-2407,"企業の知財実務の最上位を目指す人に向いています。特許・コンテンツ・ブランドのいずれかの専門分野で、知財戦略の中核を担いたい実務経験者に適しています。
受検には2級合格に加えた実務や、一定年数の知財実務が必要で、実務の裏付けがある人向けの資格です。","学科・実技とも高い水準が求められる最上級です。特許専門業務・コンテンツ専門業務・ブランド専門業務の3区分に分かれ、選んだ分野の深い専門知識と実務判断が問われます。
学科の合格基準は高く、実技は筆記と口頭試問を通じて実務的な応用力を試されます。","選択する専門区分（特許／コンテンツ／ブランド）を早めに決め、その分野の法制度・実務・最新動向を深く押さえます。学科は過去問と、特許法・著作権法・商標法・不正競争防止法などの関連法規の精読が中心です。
実技は実務事例を想定した対応の言語化が要になります。日々の知財実務と結びつけて学ぶのが最短です。",専門区分（特許／コンテンツ／ブランド）を決める|選択分野の法制度・実務を深く押さえる|学科の過去問と関連法規を精読する|実技（筆記・口頭試問）を実務事例で練習する|最新の法改正・判例動向を押さえる|本試験の形式に合わせて仕上げる,"選んだ区分と自分の実務が噛み合っていないと、学習効率が落ちます。学科の高い合格基準を甘く見て準備不足になるケースもあります。
実技の口頭試問対策が不足する、最新動向のフォローが追いつかない、といった点にも注意が必要です。","企業の知財部門で、知財戦略の立案・権利化・活用・リスク管理の中核を担える証明になります。特許・ブランド・コンテンツの各分野で専門性を示せます。
管理職や知財責任者へのキャリアにつながり、弁理士と併せ持つと権利化から戦略まで一貫して扱えます。"
c-2408,"企業で知的財産の実務を担当する人や、これから知財部門を目指す人に向いています。特許・意匠・商標・著作権を扱う実務の中級レベルを証明したい人に適しています。
受検には実務経験2年以上または3級合格などの要件があります。","学科・実技の両方に合格して技能士となる、中級レベルの試験です。3級より踏み込んだ知識と、実務での判断や書類の扱いが問われます。
範囲は特許・実用新案、意匠、商標、条約、著作権、不正競争防止法などと広く、年3回実施で受験機会は多めです。","3級で得た基礎に、各法域の要件や手続の実務知識を積み上げます。学科は過去問中心に頻出論点を固め、実技は事例形式の問題で「どう対応するか」を練習します。
特許・商標・著作権の実務（出願・調査・契約）を意識すると、知識が定着しやすくなります。",3級相当の基礎知識を確認する|特許・意匠・商標・著作権の実務知識を積み上げる|学科の過去問で頻出論点を固める|実技の事例問題で対応を練習する|条約・不正競争防止法など周辺も押さえる|年3回の機会に合わせて受験する,"3級の知識のまま実技の事例に対応できないのが典型的な失敗です。特許など特定の法域に偏り、商標・著作権が手薄になるケースもあります。
学科と実技のどちらか一方しか対策しない、実務と結びつけず暗記に終始する、といった点にも注意します。","企業の知財部・法務部や、研究開発・商品企画の現場で、知財を扱える人材であることの証明になります。出願管理・先行調査・権利活用などの実務に直結します。
上位の1級や弁理士へのステップにもなり、開発職・企画職が持つと製品の権利面に強くなります。"
c-2409,"知的財産の基礎を体系的に学びたい人、研究開発・商品企画・デザイン・コンテンツ制作など知財に触れる仕事の入門者に向いています。
受検資格が実質的に問われず、学生や、異動で知財に関わり始めた社会人の第一歩に適しています。","学科・実技とも入門レベルで、知的財産管理技能検定の入口にあたります。特許・意匠・商標・著作権の基本的な仕組みと、身近な実務での扱いを問います。
合格基準が決まっており、年3回実施で挑戦しやすい試験です。難しさよりも、知財に初めて触れる人が用語と制度に慣れられるかがポイントになります。","公式テキストで特許・意匠・商標・著作権の基本を一通り学び、それぞれ「何を・どう保護する制度か」を押さえます。学科・実技とも過去問の反復で出題形式に慣れます。
身近な製品やコンテンツを例に、どの権利が関わるかを考えると理解が早まります。短期間・独学でも十分に狙えます。",知的財産権の全体像（特許・意匠・商標・著作権）を把握する|各権利が「何を保護するか」を理解する|学科の過去問で用語・制度に慣れる|実技の事例問題を練習する|身近な製品・作品で権利を当てはめて考える|年3回の機会に受験する,"特許と実用新案、意匠と商標といった各権利の違いが曖昧なまま進むのが典型的なつまずきです。用語の丸暗記で、実技の事例に対応できないケースもあります。
過去問演習の不足や、基礎レベルゆえの受験の先延ばしにも注意しましょう。","知財の基礎教養として、研究開発・企画・デザイン・出版などの現場で役立ちます。製品やコンテンツに関わる権利に気づける素養の証明になります。
2級・1級や弁理士へのステップの起点となり、ビジネス実務法務検定と併せると企業法務全般の基礎が固まります。"
c-3327,ドイツ語圏との交流や、ドイツ文化・学術・ビジネスに関心のある学習者に向いています。,,文法・読解・聞き取り・作文などが範囲で、1級相応のドイツ語運用力が問われます。語彙と文法を固めつつ過去問で出題形式に慣れます。,テキストで出題範囲を一通り学ぶ|頻出分野を重点的に押さえる|過去問・問題集を繰り返し解く|間違えた問題を復習して仕上げる,,留学や研究、ドイツ語圏でのビジネスに通用する語学力の証明となり、語学を活かしたい人に役立ちます。
c-3328,ドイツ語圏との交流や、ドイツ文化・学術・ビジネスに関心のある学習者に向いています。,,文法・読解・聞き取り・作文などが範囲で、2級相応のドイツ語運用力が問われます。語彙と文法を固めつつ過去問で出題形式に慣れます。,テキストで出題範囲を一通り学ぶ|頻出分野を重点的に押さえる|過去問・問題集を繰り返し解く|間違えた問題を復習して仕上げる,,留学や研究、ドイツ語圏でのビジネスに通用する語学力の証明となり、語学を活かしたい人に役立ちます。
c-1605,製造業や化学関連の職場で、労働者の健康を科学的に守りたい人に向いています。,,作業環境のデザイン・サンプリング・分析や関係法令が範囲。第一種は分析機器を用いた高度な分析まで担当でき、過去問で頻出を押さえます。,学科の出題範囲をテキストで学ぶ|学科の過去問を繰り返す|作業環境のデザイン・サンプリング・分析を学ぶ|間違えた論点を重点的に復習する,,有害業務のある作業場の環境を測定・評価し、職場の安全衛生を科学的に支える専門人材として需要があります。
c-1606,製造業や化学関連の職場で、労働者の健康を科学的に守りたい人に向いています。,,作業環境のデザイン・サンプリング・分析や関係法令が範囲。第二種は簡易測定機器による測定を担当でき、過去問で頻出を押さえます。,学科の出題範囲をテキストで学ぶ|学科の過去問を繰り返す|作業環境の測定の手順を学ぶ|間違えた論点を重点的に復習する,,有害業務のある作業場の環境を測定・評価し、職場の安全衛生を科学的に支える専門人材として需要があります。
c-1613,下水道インフラの整備・維持管理に関わりたい人、自治体や関連企業の技術者に向いています。,,下水道管路の点検・清掃・補修に関する技術知識が範囲。出題傾向が安定しており、過去問の反復で効率よく対策できます。,学科の出題範囲をテキストで学ぶ|学科の過去問を繰り返す|下水道管路の維持管理の知識を押さえる|間違えた論点を重点的に復習する,,水環境を支える下水道インフラの分野で必要とされ、自治体・建設コンサル・関連企業の技術者に役立ちます。
c-1624,下水道インフラの整備・維持管理に関わりたい人、自治体や関連企業の技術者に向いています。,,下水道施設の計画・設計や工事監督に関する技術知識が範囲。出題傾向が安定しており、過去問の反復で効率よく対策できます。,学科の出題範囲をテキストで学ぶ|学科の過去問を繰り返す|下水道の計画・設計・工事監督の知識を押さえる|間違えた論点を重点的に復習する,,水環境を支える下水道インフラの分野で必要とされ、自治体・建設コンサル・関連企業の技術者に役立ちます。
c-7405,水環境の保全に関わる設備の仕事に就きたい人、設備・環境分野で専門性を持ちたい人に向いています。,,浄化槽の構造・機能・関係法令が範囲で、浄化槽の点検・調整・清掃の管理に関する知識が問われます。テキストと過去問で体系的に学びます。,学科の出題範囲をテキストで学ぶ|学科の過去問を繰り返す|浄化槽の保守点検の知識を押さえる|間違えた論点を重点的に復習する,,浄化槽が正常に機能するよう支え、生活排水による水質汚濁を防ぎます。設備・環境分野で必要とされる実務資格です。
c-7130,水環境の保全に関わる設備の仕事に就きたい人、設備・環境分野で専門性を持ちたい人に向いています。,,浄化槽の構造・機能・関係法令が範囲で、浄化槽設置工事の施工管理に関する知識が問われます。テキストと過去問で体系的に学びます。,学科の出題範囲をテキストで学ぶ|学科の過去問を繰り返す|浄化槽工事の施工管理の知識を押さえる|間違えた論点を重点的に復習する,,浄化槽が正常に機能するよう支え、生活排水による水質汚濁を防ぎます。設備・環境分野で必要とされる実務資格です。
c-6719,工場・建設・港湾などで運転の仕事に就きたい人、手に職をつけたい人に向いています。,,力学・構造・運転・法令が範囲で、学科と実技（運転）があります。学科は過去問、実技は教習で習得します。,学科の出題範囲をテキストで学ぶ|学科の過去問を繰り返す|各種クレーン運転の実技を教習で習得する|間違えた論点を重点的に復習する,,各種のクレーンを運転でき、製造・建設・物流・港湾などで需要があります。重量物の揚重作業を担う実務資格です。
c-6713,工場・建設・港湾などで運転の仕事に就きたい人、手に職をつけたい人に向いています。,,力学・構造・運転・法令が範囲で、学科と実技（運転）があります。学科は過去問、実技は教習で習得します。,学科の出題範囲をテキストで学ぶ|学科の過去問を繰り返す|揚貨装置運転の実技を教習で習得する|間違えた論点を重点的に復習する,,船の揚貨装置を運転でき、製造・建設・物流・港湾などで需要があります。重量物の揚重作業を担う実務資格です。
c-5503,現場で安全衛生を管理する立場を担いたい人、建設・製造などの技能者に向いています。,,労働安全衛生法に基づき、アセチレン等を用いるガス溶接・溶断の作業の安全と作業者の指揮に関する知識が範囲。出題範囲が明確で過去問の反復で対策できます。,学科の出題範囲をテキストで学ぶ|学科の過去問を繰り返す|ガス溶接・溶断の安全管理の知識を押さえる|間違えた論点を重点的に復習する,,アセチレン等を用いるガス溶接・溶断の作業の現場で労働者を指揮し設備の点検・安全衛生を管理します。一定の危険・有害作業では選任が義務づけられる安全管理の資格です。
c-7205,現場で安全衛生を管理する立場を担いたい人、建設・製造などの技能者に向いています。,,労働安全衛生法に基づき、高圧室内（潜函工法等）での作業の安全と作業者の指揮に関する知識が範囲。出題範囲が明確で過去問の反復で対策できます。,学科の出題範囲をテキストで学ぶ|学科の過去問を繰り返す|高圧室内作業の安全管理を押さえる|間違えた論点を重点的に復習する,,高圧室内（潜函工法等）での作業の現場で労働者を指揮し設備の点検・安全衛生を管理します。一定の危険・有害作業では選任が義務づけられる安全管理の資格です。
c-7308,現場で安全衛生を管理する立場を担いたい人、建設・製造などの技能者に向いています。,,労働安全衛生法に基づき、林業における集材用の架線作業の安全と作業者の指揮に関する知識が範囲。出題範囲が明確で過去問の反復で対策できます。,学科の出題範囲をテキストで学ぶ|学科の過去問を繰り返す|集材架線作業の安全管理を押さえる|間違えた論点を重点的に復習する,,林業における集材用の架線作業の現場で労働者を指揮し設備の点検・安全衛生を管理します。一定の危険・有害作業では選任が義務づけられる安全管理の資格です。
c-1608,現場で安全衛生を管理する立場を担いたい人、建設・製造などの技能者に向いています。,,労働安全衛生法に基づき、ガンマ線を用いた透過写真撮影の作業の安全と作業者の指揮に関する知識が範囲。出題範囲が明確で過去問の反復で対策できます。,学科の出題範囲をテキストで学ぶ|学科の過去問を繰り返す|線源取扱い・撮影の知識を押さえる|間違えた論点を重点的に復習する,,ガンマ線を用いた透過写真撮影の作業の現場で労働者を指揮し設備の点検・安全衛生を管理します。一定の危険・有害作業では選任が義務づけられる安全管理の資格です。
c-5501,ボイラー製造や設備の現場で高度な溶接技能を活かしたい人に向いています。,,ボイラー・第一種圧力容器の溶接に関する学科と実技があり、特別は溶接範囲に制限がない上位資格。実技の反復練習が不可欠です。,学科の出題範囲をテキストで学ぶ|学科の過去問を繰り返す|溶接の実技を反復練習する|間違えた論点を重点的に復習する,,高い圧力がかかるボイラー等の安全に関わる溶接を範囲制限なく担え、ボイラー製造や設備の現場で必要とされる専門資格です。
c-1305,建設機械を用いた施工の管理を担いたい人、土木・建設の現場でキャリアを高めたい人に向いています。,,施工管理法・機械・法規の第一次検定と、実技・経験記述の第二次検定があります。記述・実技対策と過去問演習が鍵です。,第一次検定の知識を過去問で固める|第二次検定の経験記述を自分の現場経験で整理する|記述の型を作り、書いて推敲する|過去問で出題パターンと時間配分を押さえる,,ブルドーザーやクレーンなどの機械施工を統括でき、大規模工事で重宝されます。公共工事の入札評価でも有利に働く資格です。
c-1910,話す・聞く・食べるの機能回復で人を支えたい人、医療・福祉のリハビリ職に就きたい人に向いています。,,養成課程で言語聴覚障害学・音声・聴覚・嚥下などを学び、国家試験は範囲が広いのが特徴。過去問と実習の理解を結びつけて学びます。,養成課程で言語聴覚障害学・音声・聴覚・嚥下を体系的に学ぶ|国家試験の出題基準に沿って頻出領域を押さえる|過去問・模試を繰り返し解く|実習で得た理解と知識を結びつける|弱点科目を重点的に復習する,,失語症・聴覚障害・嚥下障害などのリハビリを担い、医療・福祉・教育で活躍します。コミュニケーションと食べる機能を支える専門職です。
c-1203,電気の保安監督の最高峰を目指す人、大規模な電力設備に関わりたい人に向いています。,,理論・電力・機械・法規に加え二次試験があり、計算・記述ともに高度です。電験二種からの挑戦が一般的で、長期的・計画的な学習が必要な最難関です。,理論を徹底的に固める|電力・機械を高いレベルで学ぶ|法規を仕上げる|二次試験の論述・計算を訓練する|過去問・答練で最難関レベルに慣れる,,発電所や送変電設備、超高圧の電気工作物まですべての電気設備の保安監督を担えます。電力会社や大規模施設で重宝される、電気のスペシャリストの到達点です。
c-1555,ウェブデザインの仕事に就いており、技能を公的な資格で裏づけたい人。,,まず学科でウェブデザインの基礎理論と頻出論点を押さえ、過去問で出題傾向に慣れます。実技は課題の段取りと作業手順を固め、本番と同じ条件で繰り返し練習することが合格の近道です。,ウェブデザインの基礎知識を整理する|学科の過去問で頻出を押さえる|実技の作業課題を一つずつ練習する|本番と同じ時間配分で通し練習する|仕上がりの精度を確認して弱点を直す,,ウェブデザイン分野で身につけた技能の公的な証明になり、就職活動や昇給・昇格、独立時の信用づくりに役立ちます。
c-2515,"ファイナンシャル・プランニングの最高峰を目指し、富裕層の資産設計や相続・事業承継などの高度な相談業務に携わりたい人に向いています。
受験には2級合格と実務経験などの要件があり、金融・保険・不動産の実務者がキャリアの到達点として目指す資格です。","学科は基礎編と応用編に分かれ、6分野をより深く問います。実技は、顧客の相談を想定した口頭試問（または筆記）で、その場で提案を組み立てる応用力が試されます。
難しさは、税制・社会保険・相続・不動産などを横断し、具体的な事例に対して数字と根拠を伴って解決策を示せるかにあります。2級までとは求められる深さが大きく異なります。","2級で得た6分野の骨格を、応用編で問われる計算・事例に耐える深さまで引き上げます。学科は過去問を分野横断で反復し、応用編の記述に慣れます。
実技（口頭試問）は、相続・不動産・事業承継など頻出テーマの相談事例を想定し、根拠を示しながら口頭で説明する練習が欠かせません。日々の実務と結びつけると理解が定着します。",受験資格（2級合格＋実務経験など）を確認する|6分野を応用編レベルの深さまで引き上げる|学科（基礎編・応用編）の過去問を反復する|相続・不動産・事業承継など頻出事例を押さえる|実技（口頭試問）の想定問答を練習する|税制・制度改正を最新化する,"2級の知識のまま臨み、応用編の計算や記述に対応できないのが典型的な失敗です。実技の口頭試問で、知識はあっても提案として筋道立てて説明できないケースもあります。
税制・社会保険の改正を追えていない点にも注意が必要です。","富裕層向けの資産設計や、相続・事業承継、不動産活用など高度な相談業務で高い信頼を得られます。金融機関・保険会社・不動産会社での提案力を大きく高めます。
独立系ファイナンシャル・プランナーとして活動する道もあり、税理士や宅地建物取引士と組み合わせると対応領域がさらに広がります。"
c-2517,"家計・保険・年金・税金・投資・不動産・相続といった「お金の基礎」を体系的に学びたい人に向いています。就職・転職前の学生や、生活設計に役立てたい社会人の入門に最適です。
金融・保険・不動産業界を目指す人の第一歩にもなり、合格率が高く独学で十分狙えます。","合格基準が決まっている絶対評価で、学科・実技とも合格率が高い入門級です。CBT方式で随時受験でき、再挑戦もしやすいのが特徴です。
難度は低めですが、6分野を広く問うため、苦手分野を作らず全体をまんべんなく押さえることが必要です。数字よりも制度の仕組みの理解が問われます。","まずテキストで6分野（ライフプランニング・リスク管理・金融資産運用・タックス・不動産・相続）を一通り読み、社会保険・生命保険・NISA/iDeCo・所得控除・相続の基礎など頻出制度を押さえます。
次に過去問やCBTのサンプル問題で出題形式に慣れます。学科と実技は範囲が重なるため、学科の知識固めが実技対策にもなります。深入りせず、頻出論点を確実に取ることを優先しましょう。",6分野の全体像をテキストで把握する|社会保険・保険・税・相続などの頻出制度を押さえる|学科の過去問・CBTサンプルで形式に慣れる|実技（資産設計提案業務など）の計算問題を練習する|苦手分野をなくす総復習をする|CBTで随時受験する,"特定の分野に深入りしすぎて、全体が手薄になるのがよくある失敗です。実技の計算問題の練習不足も見落としがちです。
NISAや税制など制度改正が反映されていない古い知識のまま臨むと失点します。学科と実技で出題団体・形式が異なる点も、事前に確認しておきましょう。","家計や資産形成の基礎知識として、生活に直接役立ちます。金融・保険・不動産の営業や相談業務の入口にもなります。
2級へ進むと、実務・相談の場で評価される水準になります。宅地建物取引士や簿記と組み合わせると、お金と資産に関する提案力が高まります。"
c-3001,フラワー装飾で一人前の技能を身につけ、さらに上の段階をめざす人。,,学科はフラワー装飾の専門知識や関係法規・安全衛生を問われるため過去問演習が中心になります。実技は出題される製作・作業課題を繰り返し練習し、精度と作業時間の両立をめざします。,出題基準で範囲を確認する|学科の知識を問題演習で固める|実技課題の標準的な手順を習得する|時間を計って課題を反復練習する|細部の仕上げと安全作業を点検する,,フラワー装飾の技能を客観的に裏づける国家資格として、現場での信頼や受注時のアピール、社内の技能評価に活用できます。
c-3002,フラワー装飾の基本作業を一通りこなせるようになり、技能を証明したい人。,,学科はフラワー装飾の専門知識や関係法規・安全衛生を問われるため過去問演習が中心になります。実技は出題される製作・作業課題を繰り返し練習し、精度と作業時間の両立をめざします。,フラワー装飾の基礎知識を整理する|学科の過去問で頻出を押さえる|実技の作業課題を一つずつ練習する|本番と同じ時間配分で通し練習する|仕上がりの精度を確認して弱点を直す,,フラワー装飾の技能を客観的に裏づける国家資格として、現場での信頼や受注時のアピール、社内の技能評価に活用できます。
c-3012,園芸装飾で一人前の技能を身につけ、さらに上の段階をめざす人。,,まず学科で園芸装飾の基礎理論と頻出論点を押さえ、過去問で出題傾向に慣れます。実技は課題の段取りと作業手順を固め、本番と同じ条件で繰り返し練習することが合格の近道です。,出題基準で範囲を確認する|学科の知識を問題演習で固める|実技課題の標準的な手順を習得する|時間を計って課題を反復練習する|細部の仕上げと安全作業を点検する,,園芸装飾分野で身につけた技能の公的な証明になり、就職活動や昇給・昇格、独立時の信用づくりに役立ちます。
c-3013,園芸装飾の実務に就いており、中級技能者としての裏づけが欲しい人。,,まず学科で園芸装飾の基礎理論と頻出論点を押さえ、過去問で出題傾向に慣れます。実技は課題の段取りと作業手順を固め、本番と同じ条件で繰り返し練習することが合格の近道です。,出題基準で範囲を確認する|学科の知識を問題演習で固める|実技課題の標準的な手順を習得する|時間を計って課題を反復練習する|細部の仕上げと安全作業を点検する,,園芸装飾分野で身につけた技能の公的な証明になり、就職活動や昇給・昇格、独立時の信用づくりに役立ちます。
c-3014,園芸装飾を学び始めた段階で、基礎技能を形にしたい人。,,学科試験は園芸装飾に関する出題範囲をテキストで押さえ、過去問を繰り返して知識を固めます。実技試験は作業課題を時間内に仕上げられるよう、手順を体に覚えさせるまで反復練習するのが基本です。,園芸装飾の基礎知識を整理する|学科の過去問で頻出を押さえる|実技の作業課題を一つずつ練習する|本番と同じ時間配分で通し練習する|仕上がりの精度を確認して弱点を直す,,国が定める検定に基づく園芸装飾の技能の証明として、就職・転職や社内での評価・処遇に役立ちます。技能士の名称は本人の信頼にもつながります。
c-3107,キャリアコンサルティングで一人前の技能を身につけ、さらに上の段階をめざす人。,,まず学科でキャリアコンサルティングの基礎理論と頻出論点を押さえ、過去問で出題傾向に慣れます。実技は課題の段取りと作業手順を固め、本番と同じ条件で繰り返し練習することが合格の近道です。,出題基準で範囲を確認する|学科の知識を問題演習で固める|実技課題の標準的な手順を習得する|時間を計って課題を反復練習する|細部の仕上げと安全作業を点検する,,キャリアコンサルティング分野で身につけた技能の公的な証明になり、就職活動や昇給・昇格、独立時の信用づくりに役立ちます。
c-3108,キャリアコンサルティングの基本作業を一通りこなせるようになり、技能を証明したい人。,,学科試験はキャリアコンサルティングに関する出題範囲をテキストで押さえ、過去問を繰り返して知識を固めます。実技試験は作業課題を時間内に仕上げられるよう、手順を体に覚えさせるまで反復練習するのが基本です。,キャリアコンサルティングの基礎知識を整理する|学科の過去問で頻出を押さえる|実技の作業課題を一つずつ練習する|本番と同じ時間配分で通し練習する|仕上がりの精度を確認して弱点を直す,,国が定める検定に基づくキャリアコンサルティングの技能の証明として、就職・転職や社内での評価・処遇に役立ちます。技能士の名称は本人の信頼にもつながります。
c-3728,金融窓口サービスの高度な熟練技能を客観的に証明したい上級者。,,学科試験は金融窓口サービスに関する出題範囲をテキストで押さえ、過去問を繰り返して知識を固めます。実技試験は作業課題を時間内に仕上げられるよう、手順を体に覚えさせるまで反復練習するのが基本です。,学科の出題範囲をテキストで一通り学ぶ|学科の過去問を繰り返し解く|実技課題の手順・段取りを覚える|時間内に課題を仕上げる練習を反復する|苦手な作業・論点を重点的に補強する,,国が定める検定に基づく金融窓口サービスの技能の証明として、就職・転職や社内での評価・処遇に役立ちます。技能士の名称は本人の信頼にもつながります。
c-3729,金融窓口サービスの基本作業を一通りこなせるようになり、技能を証明したい人。,,学科試験は金融窓口サービスに関する出題範囲をテキストで押さえ、過去問を繰り返して知識を固めます。実技試験は作業課題を時間内に仕上げられるよう、手順を体に覚えさせるまで反復練習するのが基本です。,金融窓口サービスの基礎知識を整理する|学科の過去問で頻出を押さえる|実技の作業課題を一つずつ練習する|本番と同じ時間配分で通し練習する|仕上がりの精度を確認して弱点を直す,,国が定める検定に基づく金融窓口サービスの技能の証明として、就職・転職や社内での評価・処遇に役立ちます。技能士の名称は本人の信頼にもつながります。
c-3730,金融窓口サービスを学び始めた段階で、基礎技能を形にしたい人。,,学科は金融窓口サービスの専門知識や関係法規・安全衛生を問われるため過去問演習が中心になります。実技は出題される製作・作業課題を繰り返し練習し、精度と作業時間の両立をめざします。,金融窓口サービスの基礎知識を整理する|学科の過去問で頻出を押さえる|実技の作業課題を一つずつ練習する|本番と同じ時間配分で通し練習する|仕上がりの精度を確認して弱点を直す,,金融窓口サービスの技能を客観的に裏づける国家資格として、現場での信頼や受注時のアピール、社内の技能評価に活用できます。
c-4111,商品装飾展示で一人前の技能を身につけ、さらに上の段階をめざす人。,,学科試験は商品装飾展示に関する出題範囲をテキストで押さえ、過去問を繰り返して知識を固めます。実技試験は作業課題を時間内に仕上げられるよう、手順を体に覚えさせるまで反復練習するのが基本です。,出題基準で範囲を確認する|学科の知識を問題演習で固める|実技課題の標準的な手順を習得する|時間を計って課題を反復練習する|細部の仕上げと安全作業を点検する,,国が定める検定に基づく商品装飾展示の技能の証明として、就職・転職や社内での評価・処遇に役立ちます。技能士の名称は本人の信頼にもつながります。
c-4112,商品装飾展示の基本作業を一通りこなせるようになり、技能を証明したい人。,,学科は商品装飾展示の専門知識や関係法規・安全衛生を問われるため過去問演習が中心になります。実技は出題される製作・作業課題を繰り返し練習し、精度と作業時間の両立をめざします。,商品装飾展示の基礎知識を整理する|学科の過去問で頻出を押さえる|実技の作業課題を一つずつ練習する|本番と同じ時間配分で通し練習する|仕上がりの精度を確認して弱点を直す,,商品装飾展示の技能を客観的に裏づける国家資格として、現場での信頼や受注時のアピール、社内の技能評価に活用できます。
c-4113,商品装飾展示の基本を確認し、技能習得の第一歩を踏み出したい人。,,学科試験は商品装飾展示に関する出題範囲をテキストで押さえ、過去問を繰り返して知識を固めます。実技試験は作業課題を時間内に仕上げられるよう、手順を体に覚えさせるまで反復練習するのが基本です。,出題基準で範囲を確認する|学科の知識を問題演習で固める|実技課題の標準的な手順を習得する|時間を計って課題を反復練習する|細部の仕上げと安全作業を点検する,,国が定める検定に基づく商品装飾展示の技能の証明として、就職・転職や社内での評価・処遇に役立ちます。技能士の名称は本人の信頼にもつながります。
c-4309,舞台機構調整で一人前の技能を身につけ、さらに上の段階をめざす人。,,学科試験は舞台機構調整に関する出題範囲をテキストで押さえ、過去問を繰り返して知識を固めます。実技試験は作業課題を時間内に仕上げられるよう、手順を体に覚えさせるまで反復練習するのが基本です。,出題基準で範囲を確認する|学科の知識を問題演習で固める|実技課題の標準的な手順を習得する|時間を計って課題を反復練習する|細部の仕上げと安全作業を点検する,,国が定める検定に基づく舞台機構調整の技能の証明として、就職・転職や社内での評価・処遇に役立ちます。技能士の名称は本人の信頼にもつながります。
c-4310,舞台機構調整の基本作業を一通りこなせるようになり、技能を証明したい人。,,学科は舞台機構調整の専門知識や関係法規・安全衛生を問われるため過去問演習が中心になります。実技は出題される製作・作業課題を繰り返し練習し、精度と作業時間の両立をめざします。,舞台機構調整の基礎知識を整理する|学科の過去問で頻出を押さえる|実技の作業課題を一つずつ練習する|本番と同じ時間配分で通し練習する|仕上がりの精度を確認して弱点を直す,,舞台機構調整の技能を客観的に裏づける国家資格として、現場での信頼や受注時のアピール、社内の技能評価に活用できます。
c-4311,これから舞台機構調整の技能を身につけたい初級者・入門者。,,まず学科で舞台機構調整の基礎理論と頻出論点を押さえ、過去問で出題傾向に慣れます。実技は課題の段取りと作業手順を固め、本番と同じ条件で繰り返し練習することが合格の近道です。,学科の出題範囲をテキストで一通り学ぶ|学科の過去問を繰り返し解く|実技課題の手順・段取りを覚える|時間内に課題を仕上げる練習を反復する|苦手な作業・論点を重点的に補強する,,舞台機構調整分野で身につけた技能の公的な証明になり、就職活動や昇給・昇格、独立時の信用づくりに役立ちます。
c-4328,レストランサービスの高度な熟練技能を客観的に証明したい上級者。,,学科はレストランサービスの専門知識や関係法規・安全衛生を問われるため過去問演習が中心になります。実技は出題される製作・作業課題を繰り返し練習し、精度と作業時間の両立をめざします。,学科の出題範囲をテキストで一通り学ぶ|学科の過去問を繰り返し解く|実技課題の手順・段取りを覚える|時間内に課題を仕上げる練習を反復する|苦手な作業・論点を重点的に補強する,,レストランサービスの技能を客観的に裏づける国家資格として、現場での信頼や受注時のアピール、社内の技能評価に活用できます。
c-4329,レストランサービスの基本作業を一通りこなせるようになり、技能を証明したい人。,,まず学科でレストランサービスの基礎理論と頻出論点を押さえ、過去問で出題傾向に慣れます。実技は課題の段取りと作業手順を固め、本番と同じ条件で繰り返し練習することが合格の近道です。,レストランサービスの基礎知識を整理する|学科の過去問で頻出を押さえる|実技の作業課題を一つずつ練習する|本番と同じ時間配分で通し練習する|仕上がりの精度を確認して弱点を直す,,レストランサービス分野で身につけた技能の公的な証明になり、就職活動や昇給・昇格、独立時の信用づくりに役立ちます。
c-4330,レストランサービスの基本を確認し、技能習得の第一歩を踏み出したい人。,,学科試験はレストランサービスに関する出題範囲をテキストで押さえ、過去問を繰り返して知識を固めます。実技試験は作業課題を時間内に仕上げられるよう、手順を体に覚えさせるまで反復練習するのが基本です。,出題基準で範囲を確認する|学科の知識を問題演習で固める|実技課題の標準的な手順を習得する|時間を計って課題を反復練習する|細部の仕上げと安全作業を点検する,,国が定める検定に基づくレストランサービスの技能の証明として、就職・転職や社内での評価・処遇に役立ちます。技能士の名称は本人の信頼にもつながります。
c-4331,ピアノ調律の実務経験を重ね、上級技能者として評価されたい人。,,まず学科でピアノ調律の基礎理論と頻出論点を押さえ、過去問で出題傾向に慣れます。実技は課題の段取りと作業手順を固め、本番と同じ条件で繰り返し練習することが合格の近道です。,ピアノ調律の基礎知識を整理する|学科の過去問で頻出を押さえる|実技の作業課題を一つずつ練習する|本番と同じ時間配分で通し練習する|仕上がりの精度を確認して弱点を直す,,ピアノ調律分野で身につけた技能の公的な証明になり、就職活動や昇給・昇格、独立時の信用づくりに役立ちます。
c-4332,ピアノ調律の中級レベルの技能を身につけ、仕事の幅を広げたい人。,,まず学科でピアノ調律の基礎理論と頻出論点を押さえ、過去問で出題傾向に慣れます。実技は課題の段取りと作業手順を固め、本番と同じ条件で繰り返し練習することが合格の近道です。,学科の出題範囲をテキストで一通り学ぶ|学科の過去問を繰り返し解く|実技課題の手順・段取りを覚える|時間内に課題を仕上げる練習を反復する|苦手な作業・論点を重点的に補強する,,ピアノ調律分野で身につけた技能の公的な証明になり、就職活動や昇給・昇格、独立時の信用づくりに役立ちます。
c-4333,ピアノ調律を学び始めた段階で、基礎技能を形にしたい人。,,まず学科でピアノ調律の基礎理論と頻出論点を押さえ、過去問で出題傾向に慣れます。実技は課題の段取りと作業手順を固め、本番と同じ条件で繰り返し練習することが合格の近道です。,ピアノ調律の基礎知識を整理する|学科の過去問で頻出を押さえる|実技の作業課題を一つずつ練習する|本番と同じ時間配分で通し練習する|仕上がりの精度を確認して弱点を直す,,ピアノ調律分野で身につけた技能の公的な証明になり、就職活動や昇給・昇格、独立時の信用づくりに役立ちます。
c-4334,着付けの高度な熟練技能を客観的に証明したい上級者。,,まず学科で着付けの基礎理論と頻出論点を押さえ、過去問で出題傾向に慣れます。実技は課題の段取りと作業手順を固め、本番と同じ条件で繰り返し練習することが合格の近道です。,学科の出題範囲をテキストで一通り学ぶ|学科の過去問を繰り返し解く|実技課題の手順・段取りを覚える|時間内に課題を仕上げる練習を反復する|苦手な作業・論点を重点的に補強する,,着付け分野で身につけた技能の公的な証明になり、就職活動や昇給・昇格、独立時の信用づくりに役立ちます。
c-4335,着付けの基本作業を一通りこなせるようになり、技能を証明したい人。,,まず学科で着付けの基礎理論と頻出論点を押さえ、過去問で出題傾向に慣れます。実技は課題の段取りと作業手順を固め、本番と同じ条件で繰り返し練習することが合格の近道です。,着付けの基礎知識を整理する|学科の過去問で頻出を押さえる|実技の作業課題を一つずつ練習する|本番と同じ時間配分で通し練習する|仕上がりの精度を確認して弱点を直す,,着付け分野で身につけた技能の公的な証明になり、就職活動や昇給・昇格、独立時の信用づくりに役立ちます。
c-4336,ブライダルコーディネートの実務経験を重ね、上級技能者として評価されたい人。,,まず学科でブライダルコーディネートの基礎理論と頻出論点を押さえ、過去問で出題傾向に慣れます。実技は課題の段取りと作業手順を固め、本番と同じ条件で繰り返し練習することが合格の近道です。,ブライダルコーディネートの基礎知識を整理する|学科の過去問で頻出を押さえる|実技の作業課題を一つずつ練習する|本番と同じ時間配分で通し練習する|仕上がりの精度を確認して弱点を直す,,ブライダルコーディネート分野で身につけた技能の公的な証明になり、就職活動や昇給・昇格、独立時の信用づくりに役立ちます。
c-4337,ブライダルコーディネートの基本作業を一通りこなせるようになり、技能を証明したい人。,,学科試験はブライダルコーディネートに関する出題範囲をテキストで押さえ、過去問を繰り返して知識を固めます。実技試験は作業課題を時間内に仕上げられるよう、手順を体に覚えさせるまで反復練習するのが基本です。,ブライダルコーディネートの基礎知識を整理する|学科の過去問で頻出を押さえる|実技の作業課題を一つずつ練習する|本番と同じ時間配分で通し練習する|仕上がりの精度を確認して弱点を直す,,国が定める検定に基づくブライダルコーディネートの技能の証明として、就職・転職や社内での評価・処遇に役立ちます。技能士の名称は本人の信頼にもつながります。
c-4338,ブライダルコーディネートの基本を確認し、技能習得の第一歩を踏み出したい人。,,学科はブライダルコーディネートの専門知識や関係法規・安全衛生を問われるため過去問演習が中心になります。実技は出題される製作・作業課題を繰り返し練習し、精度と作業時間の両立をめざします。,出題基準で範囲を確認する|学科の知識を問題演習で固める|実技課題の標準的な手順を習得する|時間を計って課題を反復練習する|細部の仕上げと安全作業を点検する,,ブライダルコーディネートの技能を客観的に裏づける国家資格として、現場での信頼や受注時のアピール、社内の技能評価に活用できます。
c-4402,専門調理師・調理の仕事に就いており、技能を公的な資格で裏づけたい人。,,学科試験は専門調理師・調理に関する出題範囲をテキストで押さえ、過去問を繰り返して知識を固めます。実技試験は作業課題を時間内に仕上げられるよう、手順を体に覚えさせるまで反復練習するのが基本です。,専門調理師・調理の基礎知識を整理する|学科の過去問で頻出を押さえる|実技の作業課題を一つずつ練習する|本番と同じ時間配分で通し練習する|仕上がりの精度を確認して弱点を直す,,国が定める検定に基づく専門調理師・調理の技能の証明として、就職・転職や社内での評価・処遇に役立ちます。技能士の名称は本人の信頼にもつながります。
c-4507,ビル設備管理で一人前の技能を身につけ、さらに上の段階をめざす人。,,まず学科でビル設備管理の基礎理論と頻出論点を押さえ、過去問で出題傾向に慣れます。実技は課題の段取りと作業手順を固め、本番と同じ条件で繰り返し練習することが合格の近道です。,出題基準で範囲を確認する|学科の知識を問題演習で固める|実技課題の標準的な手順を習得する|時間を計って課題を反復練習する|細部の仕上げと安全作業を点検する,,ビル設備管理分野で身につけた技能の公的な証明になり、就職活動や昇給・昇格、独立時の信用づくりに役立ちます。
c-4508,ビル設備管理の実務に就いており、中級技能者としての裏づけが欲しい人。,,学科試験はビル設備管理に関する出題範囲をテキストで押さえ、過去問を繰り返して知識を固めます。実技試験は作業課題を時間内に仕上げられるよう、手順を体に覚えさせるまで反復練習するのが基本です。,出題基準で範囲を確認する|学科の知識を問題演習で固める|実技課題の標準的な手順を習得する|時間を計って課題を反復練習する|細部の仕上げと安全作業を点検する,,国が定める検定に基づくビル設備管理の技能の証明として、就職・転職や社内での評価・処遇に役立ちます。技能士の名称は本人の信頼にもつながります。
c-4601,造園の実務経験を重ね、上級技能者として評価されたい人。,,学科は造園の専門知識や関係法規・安全衛生を問われるため過去問演習が中心になります。実技は出題される製作・作業課題を繰り返し練習し、精度と作業時間の両立をめざします。,造園の基礎知識を整理する|学科の過去問で頻出を押さえる|実技の作業課題を一つずつ練習する|本番と同じ時間配分で通し練習する|仕上がりの精度を確認して弱点を直す,,造園の技能を客観的に裏づける国家資格として、現場での信頼や受注時のアピール、社内の技能評価に活用できます。
c-4602,造園の実務に就いており、中級技能者としての裏づけが欲しい人。,,まず学科で造園の基礎理論と頻出論点を押さえ、過去問で出題傾向に慣れます。実技は課題の段取りと作業手順を固め、本番と同じ条件で繰り返し練習することが合格の近道です。,出題基準で範囲を確認する|学科の知識を問題演習で固める|実技課題の標準的な手順を習得する|時間を計って課題を反復練習する|細部の仕上げと安全作業を点検する,,造園分野で身につけた技能の公的な証明になり、就職活動や昇給・昇格、独立時の信用づくりに役立ちます。
c-4603,造園の基本を確認し、技能習得の第一歩を踏み出したい人。,,学科は造園の専門知識や関係法規・安全衛生を問われるため過去問演習が中心になります。実技は出題される製作・作業課題を繰り返し練習し、精度と作業時間の両立をめざします。,出題基準で範囲を確認する|学科の知識を問題演習で固める|実技課題の標準的な手順を習得する|時間を計って課題を反復練習する|細部の仕上げと安全作業を点検する,,造園の技能を客観的に裏づける国家資格として、現場での信頼や受注時のアピール、社内の技能評価に活用できます。
c-5103,金属溶解の高度な熟練技能を客観的に証明したい上級者。,,学科試験は金属溶解に関する出題範囲をテキストで押さえ、過去問を繰り返して知識を固めます。実技試験は作業課題を時間内に仕上げられるよう、手順を体に覚えさせるまで反復練習するのが基本です。,学科の出題範囲をテキストで一通り学ぶ|学科の過去問を繰り返し解く|実技課題の手順・段取りを覚える|時間内に課題を仕上げる練習を反復する|苦手な作業・論点を重点的に補強する,,国が定める検定に基づく金属溶解の技能の証明として、就職・転職や社内での評価・処遇に役立ちます。技能士の名称は本人の信頼にもつながります。
c-5104,金属溶解の実務に就いており、中級技能者としての裏づけが欲しい人。,,まず学科で金属溶解の基礎理論と頻出論点を押さえ、過去問で出題傾向に慣れます。実技は課題の段取りと作業手順を固め、本番と同じ条件で繰り返し練習することが合格の近道です。,出題基準で範囲を確認する|学科の知識を問題演習で固める|実技課題の標準的な手順を習得する|時間を計って課題を反復練習する|細部の仕上げと安全作業を点検する,,金属溶解分野で身につけた技能の公的な証明になり、就職活動や昇給・昇格、独立時の信用づくりに役立ちます。
c-5105,鋳造の実務経験を積み、管理・監督者として現場をまとめたい人。,,学科は鋳造の専門知識や関係法規・安全衛生を問われるため過去問演習が中心になります。実技は出題される製作・作業課題を繰り返し練習し、精度と作業時間の両立をめざします。,鋳造の基礎知識を整理する|学科の過去問で頻出を押さえる|実技の作業課題を一つずつ練習する|本番と同じ時間配分で通し練習する|仕上がりの精度を確認して弱点を直す,,鋳造の管理・監督者としての能力を公的に示せ、現場のリーダーや指導的立場での評価につながります。
c-5106,鋳造の高度な熟練技能を客観的に証明したい上級者。,,学科は鋳造の専門知識や関係法規・安全衛生を問われるため過去問演習が中心になります。実技は出題される製作・作業課題を繰り返し練習し、精度と作業時間の両立をめざします。,学科の出題範囲をテキストで一通り学ぶ|学科の過去問を繰り返し解く|実技課題の手順・段取りを覚える|時間内に課題を仕上げる練習を反復する|苦手な作業・論点を重点的に補強する,,鋳造の技能を客観的に裏づける国家資格として、現場での信頼や受注時のアピール、社内の技能評価に活用できます。
c-5107,鋳造の基本作業を一通りこなせるようになり、技能を証明したい人。,,学科は鋳造の専門知識や関係法規・安全衛生を問われるため過去問演習が中心になります。実技は出題される製作・作業課題を繰り返し練習し、精度と作業時間の両立をめざします。,鋳造の基礎知識を整理する|学科の過去問で頻出を押さえる|実技の作業課題を一つずつ練習する|本番と同じ時間配分で通し練習する|仕上がりの精度を確認して弱点を直す,,鋳造の技能を客観的に裏づける国家資格として、現場での信頼や受注時のアピール、社内の技能評価に活用できます。
c-5108,鍛造で一人前の技能を身につけ、さらに上の段階をめざす人。,,学科は鍛造の専門知識や関係法規・安全衛生を問われるため過去問演習が中心になります。実技は出題される製作・作業課題を繰り返し練習し、精度と作業時間の両立をめざします。,出題基準で範囲を確認する|学科の知識を問題演習で固める|実技課題の標準的な手順を習得する|時間を計って課題を反復練習する|細部の仕上げと安全作業を点検する,,鍛造の技能を客観的に裏づける国家資格として、現場での信頼や受注時のアピール、社内の技能評価に活用できます。
c-5109,鍛造の実務に就いており、中級技能者としての裏づけが欲しい人。,,まず学科で鍛造の基礎理論と頻出論点を押さえ、過去問で出題傾向に慣れます。実技は課題の段取りと作業手順を固め、本番と同じ条件で繰り返し練習することが合格の近道です。,出題基準で範囲を確認する|学科の知識を問題演習で固める|実技課題の標準的な手順を習得する|時間を計って課題を反復練習する|細部の仕上げと安全作業を点検する,,鍛造分野で身につけた技能の公的な証明になり、就職活動や昇給・昇格、独立時の信用づくりに役立ちます。
c-5110,金属熱処理の実務経験を積み、管理・監督者として現場をまとめたい人。,,まず学科で金属熱処理の基礎理論と頻出論点を押さえ、過去問で出題傾向に慣れます。実技は課題の段取りと作業手順を固め、本番と同じ条件で繰り返し練習することが合格の近道です。,金属熱処理の基礎知識を整理する|学科の過去問で頻出を押さえる|実技の作業課題を一つずつ練習する|本番と同じ時間配分で通し練習する|仕上がりの精度を確認して弱点を直す,,工程管理や作業指導を担う立場の裏づけとなり、金属熱処理の現場で監督者としての信頼を得やすくなります。
c-5111,金属熱処理の実務経験を重ね、上級技能者として評価されたい人。,,学科試験は金属熱処理に関する出題範囲をテキストで押さえ、過去問を繰り返して知識を固めます。実技試験は作業課題を時間内に仕上げられるよう、手順を体に覚えさせるまで反復練習するのが基本です。,金属熱処理の基礎知識を整理する|学科の過去問で頻出を押さえる|実技の作業課題を一つずつ練習する|本番と同じ時間配分で通し練習する|仕上がりの精度を確認して弱点を直す,,国が定める検定に基づく金属熱処理の技能の証明として、就職・転職や社内での評価・処遇に役立ちます。技能士の名称は本人の信頼にもつながります。
c-5112,金属熱処理の中級レベルの技能を身につけ、仕事の幅を広げたい人。,,学科試験は金属熱処理に関する出題範囲をテキストで押さえ、過去問を繰り返して知識を固めます。実技試験は作業課題を時間内に仕上げられるよう、手順を体に覚えさせるまで反復練習するのが基本です。,学科の出題範囲をテキストで一通り学ぶ|学科の過去問を繰り返し解く|実技課題の手順・段取りを覚える|時間内に課題を仕上げる練習を反復する|苦手な作業・論点を重点的に補強する,,国が定める検定に基づく金属熱処理の技能の証明として、就職・転職や社内での評価・処遇に役立ちます。技能士の名称は本人の信頼にもつながります。
c-5113,これから金属熱処理の技能を身につけたい初級者・入門者。,,学科試験は金属熱処理に関する出題範囲をテキストで押さえ、過去問を繰り返して知識を固めます。実技試験は作業課題を時間内に仕上げられるよう、手順を体に覚えさせるまで反復練習するのが基本です。,学科の出題範囲をテキストで一通り学ぶ|学科の過去問を繰り返し解く|実技課題の手順・段取りを覚える|時間内に課題を仕上げる練習を反復する|苦手な作業・論点を重点的に補強する,,国が定める検定に基づく金属熱処理の技能の証明として、就職・転職や社内での評価・処遇に役立ちます。技能士の名称は本人の信頼にもつながります。
c-5114,粉末冶金の実務経験を重ね、上級技能者として評価されたい人。,,まず学科で粉末冶金の基礎理論と頻出論点を押さえ、過去問で出題傾向に慣れます。実技は課題の段取りと作業手順を固め、本番と同じ条件で繰り返し練習することが合格の近道です。,粉末冶金の基礎知識を整理する|学科の過去問で頻出を押さえる|実技の作業課題を一つずつ練習する|本番と同じ時間配分で通し練習する|仕上がりの精度を確認して弱点を直す,,粉末冶金分野で身につけた技能の公的な証明になり、就職活動や昇給・昇格、独立時の信用づくりに役立ちます。
c-5115,粉末冶金の基本作業を一通りこなせるようになり、技能を証明したい人。,,まず学科で粉末冶金の基礎理論と頻出論点を押さえ、過去問で出題傾向に慣れます。実技は課題の段取りと作業手順を固め、本番と同じ条件で繰り返し練習することが合格の近道です。,粉末冶金の基礎知識を整理する|学科の過去問で頻出を押さえる|実技の作業課題を一つずつ練習する|本番と同じ時間配分で通し練習する|仕上がりの精度を確認して弱点を直す,,粉末冶金分野で身につけた技能の公的な証明になり、就職活動や昇給・昇格、独立時の信用づくりに役立ちます。
c-5116,金属材料試験で一人前の技能を身につけ、さらに上の段階をめざす人。,,学科は金属材料試験の専門知識や関係法規・安全衛生を問われるため過去問演習が中心になります。実技は出題される製作・作業課題を繰り返し練習し、精度と作業時間の両立をめざします。,出題基準で範囲を確認する|学科の知識を問題演習で固める|実技課題の標準的な手順を習得する|時間を計って課題を反復練習する|細部の仕上げと安全作業を点検する,,金属材料試験の技能を客観的に裏づける国家資格として、現場での信頼や受注時のアピール、社内の技能評価に活用できます。
c-5117,金属材料試験の基本作業を一通りこなせるようになり、技能を証明したい人。,,まず学科で金属材料試験の基礎理論と頻出論点を押さえ、過去問で出題傾向に慣れます。実技は課題の段取りと作業手順を固め、本番と同じ条件で繰り返し練習することが合格の近道です。,金属材料試験の基礎知識を整理する|学科の過去問で頻出を押さえる|実技の作業課題を一つずつ練習する|本番と同じ時間配分で通し練習する|仕上がりの精度を確認して弱点を直す,,金属材料試験分野で身につけた技能の公的な証明になり、就職活動や昇給・昇格、独立時の信用づくりに役立ちます。
c-5204,化学分析の高度な熟練技能を客観的に証明したい上級者。,,学科試験は化学分析に関する出題範囲をテキストで押さえ、過去問を繰り返して知識を固めます。実技試験は作業課題を時間内に仕上げられるよう、手順を体に覚えさせるまで反復練習するのが基本です。,学科の出題範囲をテキストで一通り学ぶ|学科の過去問を繰り返し解く|実技課題の手順・段取りを覚える|時間内に課題を仕上げる練習を反復する|苦手な作業・論点を重点的に補強する,,国が定める検定に基づく化学分析の技能の証明として、就職・転職や社内での評価・処遇に役立ちます。技能士の名称は本人の信頼にもつながります。
c-5205,化学分析の中級レベルの技能を身につけ、仕事の幅を広げたい人。,,学科は化学分析の専門知識や関係法規・安全衛生を問われるため過去問演習が中心になります。実技は出題される製作・作業課題を繰り返し練習し、精度と作業時間の両立をめざします。,学科の出題範囲をテキストで一通り学ぶ|学科の過去問を繰り返し解く|実技課題の手順・段取りを覚える|時間内に課題を仕上げる練習を反復する|苦手な作業・論点を重点的に補強する,,化学分析の技能を客観的に裏づける国家資格として、現場での信頼や受注時のアピール、社内の技能評価に活用できます。
c-5303,陶磁器製造の高度な熟練技能を客観的に証明したい上級者。,,学科試験は陶磁器製造に関する出題範囲をテキストで押さえ、過去問を繰り返して知識を固めます。実技試験は作業課題を時間内に仕上げられるよう、手順を体に覚えさせるまで反復練習するのが基本です。,学科の出題範囲をテキストで一通り学ぶ|学科の過去問を繰り返し解く|実技課題の手順・段取りを覚える|時間内に課題を仕上げる練習を反復する|苦手な作業・論点を重点的に補強する,,国が定める検定に基づく陶磁器製造の技能の証明として、就職・転職や社内での評価・処遇に役立ちます。技能士の名称は本人の信頼にもつながります。
c-5304,陶磁器製造の実務に就いており、中級技能者としての裏づけが欲しい人。,,学科試験は陶磁器製造に関する出題範囲をテキストで押さえ、過去問を繰り返して知識を固めます。実技試験は作業課題を時間内に仕上げられるよう、手順を体に覚えさせるまで反復練習するのが基本です。,出題基準で範囲を確認する|学科の知識を問題演習で固める|実技課題の標準的な手順を習得する|時間を計って課題を反復練習する|細部の仕上げと安全作業を点検する,,国が定める検定に基づく陶磁器製造の技能の証明として、就職・転職や社内での評価・処遇に役立ちます。技能士の名称は本人の信頼にもつながります。
c-5307,石材施工の高度な熟練技能を客観的に証明したい上級者。,,学科は石材施工の専門知識や関係法規・安全衛生を問われるため過去問演習が中心になります。実技は出題される製作・作業課題を繰り返し練習し、精度と作業時間の両立をめざします。,学科の出題範囲をテキストで一通り学ぶ|学科の過去問を繰り返し解く|実技課題の手順・段取りを覚える|時間内に課題を仕上げる練習を反復する|苦手な作業・論点を重点的に補強する,,石材施工の技能を客観的に裏づける国家資格として、現場での信頼や受注時のアピール、社内の技能評価に活用できます。
c-5308,石材施工の基本作業を一通りこなせるようになり、技能を証明したい人。,,学科は石材施工の専門知識や関係法規・安全衛生を問われるため過去問演習が中心になります。実技は出題される製作・作業課題を繰り返し練習し、精度と作業時間の両立をめざします。,石材施工の基礎知識を整理する|学科の過去問で頻出を押さえる|実技の作業課題を一つずつ練習する|本番と同じ時間配分で通し練習する|仕上がりの精度を確認して弱点を直す,,石材施工の技能を客観的に裏づける国家資格として、現場での信頼や受注時のアピール、社内の技能評価に活用できます。
c-5401,機械加工の現場で工程管理や作業者の指導・監督を担う立場をめざす人。,,まず学科で機械加工の基礎理論と頻出論点を押さえ、過去問で出題傾向に慣れます。実技は課題の段取りと作業手順を固め、本番と同じ条件で繰り返し練習することが合格の近道です。,学科の出題範囲をテキストで一通り学ぶ|学科の過去問を繰り返し解く|実技課題の手順・段取りを覚える|時間内に課題を仕上げる練習を反復する|苦手な作業・論点を重点的に補強する,,機械加工の管理・監督者としての能力を公的に示せ、現場のリーダーや指導的立場での評価につながります。
c-5402,機械加工の実務経験を重ね、上級技能者として評価されたい人。,,学科は機械加工の専門知識や関係法規・安全衛生を問われるため過去問演習が中心になります。実技は出題される製作・作業課題を繰り返し練習し、精度と作業時間の両立をめざします。,機械加工の基礎知識を整理する|学科の過去問で頻出を押さえる|実技の作業課題を一つずつ練習する|本番と同じ時間配分で通し練習する|仕上がりの精度を確認して弱点を直す,,機械加工の技能を客観的に裏づける国家資格として、現場での信頼や受注時のアピール、社内の技能評価に活用できます。
c-5403,機械加工の基本作業を一通りこなせるようになり、技能を証明したい人。,,学科は機械加工の専門知識や関係法規・安全衛生を問われるため過去問演習が中心になります。実技は出題される製作・作業課題を繰り返し練習し、精度と作業時間の両立をめざします。,機械加工の基礎知識を整理する|学科の過去問で頻出を押さえる|実技の作業課題を一つずつ練習する|本番と同じ時間配分で通し練習する|仕上がりの精度を確認して弱点を直す,,機械加工の技能を客観的に裏づける国家資格として、現場での信頼や受注時のアピール、社内の技能評価に活用できます。
c-5404,これから機械加工の技能を身につけたい初級者・入門者。,,学科試験は機械加工に関する出題範囲をテキストで押さえ、過去問を繰り返して知識を固めます。実技試験は作業課題を時間内に仕上げられるよう、手順を体に覚えさせるまで反復練習するのが基本です。,学科の出題範囲をテキストで一通り学ぶ|学科の過去問を繰り返し解く|実技課題の手順・段取りを覚える|時間内に課題を仕上げる練習を反復する|苦手な作業・論点を重点的に補強する,,国が定める検定に基づく機械加工の技能の証明として、就職・転職や社内での評価・処遇に役立ちます。技能士の名称は本人の信頼にもつながります。
c-5405,放電加工分野で生産工程の管理や後進の育成に関わりたい人。,,まず学科で放電加工の基礎理論と頻出論点を押さえ、過去問で出題傾向に慣れます。実技は課題の段取りと作業手順を固め、本番と同じ条件で繰り返し練習することが合格の近道です。,出題基準で範囲を確認する|学科の知識を問題演習で固める|実技課題の標準的な手順を習得する|時間を計って課題を反復練習する|細部の仕上げと安全作業を点検する,,放電加工の管理・監督者としての能力を公的に示せ、現場のリーダーや指導的立場での評価につながります。
c-5406,放電加工の高度な熟練技能を客観的に証明したい上級者。,,学科試験は放電加工に関する出題範囲をテキストで押さえ、過去問を繰り返して知識を固めます。実技試験は作業課題を時間内に仕上げられるよう、手順を体に覚えさせるまで反復練習するのが基本です。,学科の出題範囲をテキストで一通り学ぶ|学科の過去問を繰り返し解く|実技課題の手順・段取りを覚える|時間内に課題を仕上げる練習を反復する|苦手な作業・論点を重点的に補強する,,国が定める検定に基づく放電加工の技能の証明として、就職・転職や社内での評価・処遇に役立ちます。技能士の名称は本人の信頼にもつながります。
c-5407,放電加工の実務に就いており、中級技能者としての裏づけが欲しい人。,,学科は放電加工の専門知識や関係法規・安全衛生を問われるため過去問演習が中心になります。実技は出題される製作・作業課題を繰り返し練習し、精度と作業時間の両立をめざします。,出題基準で範囲を確認する|学科の知識を問題演習で固める|実技課題の標準的な手順を習得する|時間を計って課題を反復練習する|細部の仕上げと安全作業を点検する,,放電加工の技能を客観的に裏づける国家資格として、現場での信頼や受注時のアピール、社内の技能評価に活用できます。
c-5408,鉄工の実務経験を重ね、上級技能者として評価されたい人。,,まず学科で鉄工の基礎理論と頻出論点を押さえ、過去問で出題傾向に慣れます。実技は課題の段取りと作業手順を固め、本番と同じ条件で繰り返し練習することが合格の近道です。,鉄工の基礎知識を整理する|学科の過去問で頻出を押さえる|実技の作業課題を一つずつ練習する|本番と同じ時間配分で通し練習する|仕上がりの精度を確認して弱点を直す,,鉄工分野で身につけた技能の公的な証明になり、就職活動や昇給・昇格、独立時の信用づくりに役立ちます。
c-5409,鉄工の実務に就いており、中級技能者としての裏づけが欲しい人。,,まず学科で鉄工の基礎理論と頻出論点を押さえ、過去問で出題傾向に慣れます。実技は課題の段取りと作業手順を固め、本番と同じ条件で繰り返し練習することが合格の近道です。,出題基準で範囲を確認する|学科の知識を問題演習で固める|実技課題の標準的な手順を習得する|時間を計って課題を反復練習する|細部の仕上げと安全作業を点検する,,鉄工分野で身につけた技能の公的な証明になり、就職活動や昇給・昇格、独立時の信用づくりに役立ちます。
c-5410,工場板金の現場で工程管理や作業者の指導・監督を担う立場をめざす人。,,学科は工場板金の専門知識や関係法規・安全衛生を問われるため過去問演習が中心になります。実技は出題される製作・作業課題を繰り返し練習し、精度と作業時間の両立をめざします。,学科の出題範囲をテキストで一通り学ぶ|学科の過去問を繰り返し解く|実技課題の手順・段取りを覚える|時間内に課題を仕上げる練習を反復する|苦手な作業・論点を重点的に補強する,,工程管理や作業指導を担う立場の裏づけとなり、工場板金の現場で監督者としての信頼を得やすくなります。
c-5411,工場板金の実務経験を重ね、上級技能者として評価されたい人。,,学科試験は工場板金に関する出題範囲をテキストで押さえ、過去問を繰り返して知識を固めます。実技試験は作業課題を時間内に仕上げられるよう、手順を体に覚えさせるまで反復練習するのが基本です。,工場板金の基礎知識を整理する|学科の過去問で頻出を押さえる|実技の作業課題を一つずつ練習する|本番と同じ時間配分で通し練習する|仕上がりの精度を確認して弱点を直す,,国が定める検定に基づく工場板金の技能の証明として、就職・転職や社内での評価・処遇に役立ちます。技能士の名称は本人の信頼にもつながります。
c-5412,工場板金の中級レベルの技能を身につけ、仕事の幅を広げたい人。,,学科試験は工場板金に関する出題範囲をテキストで押さえ、過去問を繰り返して知識を固めます。実技試験は作業課題を時間内に仕上げられるよう、手順を体に覚えさせるまで反復練習するのが基本です。,学科の出題範囲をテキストで一通り学ぶ|学科の過去問を繰り返し解く|実技課題の手順・段取りを覚える|時間内に課題を仕上げる練習を反復する|苦手な作業・論点を重点的に補強する,,国が定める検定に基づく工場板金の技能の証明として、就職・転職や社内での評価・処遇に役立ちます。技能士の名称は本人の信頼にもつながります。
c-5413,建築板金の高度な熟練技能を客観的に証明したい上級者。,,学科試験は建築板金に関する出題範囲をテキストで押さえ、過去問を繰り返して知識を固めます。実技試験は作業課題を時間内に仕上げられるよう、手順を体に覚えさせるまで反復練習するのが基本です。,学科の出題範囲をテキストで一通り学ぶ|学科の過去問を繰り返し解く|実技課題の手順・段取りを覚える|時間内に課題を仕上げる練習を反復する|苦手な作業・論点を重点的に補強する,,国が定める検定に基づく建築板金の技能の証明として、就職・転職や社内での評価・処遇に役立ちます。技能士の名称は本人の信頼にもつながります。
c-5414,建築板金の中級レベルの技能を身につけ、仕事の幅を広げたい人。,,まず学科で建築板金の基礎理論と頻出論点を押さえ、過去問で出題傾向に慣れます。実技は課題の段取りと作業手順を固め、本番と同じ条件で繰り返し練習することが合格の近道です。,学科の出題範囲をテキストで一通り学ぶ|学科の過去問を繰り返し解く|実技課題の手順・段取りを覚える|時間内に課題を仕上げる練習を反復する|苦手な作業・論点を重点的に補強する,,建築板金分野で身につけた技能の公的な証明になり、就職活動や昇給・昇格、独立時の信用づくりに役立ちます。
c-5415,溶射の仕事に就いており、技能を公的な資格で裏づけたい人。,,学科試験は溶射に関する出題範囲をテキストで押さえ、過去問を繰り返して知識を固めます。実技試験は作業課題を時間内に仕上げられるよう、手順を体に覚えさせるまで反復練習するのが基本です。,溶射の基礎知識を整理する|学科の過去問で頻出を押さえる|実技の作業課題を一つずつ練習する|本番と同じ時間配分で通し練習する|仕上がりの精度を確認して弱点を直す,,国が定める検定に基づく溶射の技能の証明として、就職・転職や社内での評価・処遇に役立ちます。技能士の名称は本人の信頼にもつながります。
c-5416,めっきの現場で工程管理や作業者の指導・監督を担う立場をめざす人。,,まず学科でめっきの基礎理論と頻出論点を押さえ、過去問で出題傾向に慣れます。実技は課題の段取りと作業手順を固め、本番と同じ条件で繰り返し練習することが合格の近道です。,学科の出題範囲をテキストで一通り学ぶ|学科の過去問を繰り返し解く|実技課題の手順・段取りを覚える|時間内に課題を仕上げる練習を反復する|苦手な作業・論点を重点的に補強する,,めっきの管理・監督者としての能力を公的に示せ、現場のリーダーや指導的立場での評価につながります。
c-5417,めっきの高度な熟練技能を客観的に証明したい上級者。,,学科はめっきの専門知識や関係法規・安全衛生を問われるため過去問演習が中心になります。実技は出題される製作・作業課題を繰り返し練習し、精度と作業時間の両立をめざします。,学科の出題範囲をテキストで一通り学ぶ|学科の過去問を繰り返し解く|実技課題の手順・段取りを覚える|時間内に課題を仕上げる練習を反復する|苦手な作業・論点を重点的に補強する,,めっきの技能を客観的に裏づける国家資格として、現場での信頼や受注時のアピール、社内の技能評価に活用できます。
c-5418,めっきの実務に就いており、中級技能者としての裏づけが欲しい人。,,学科試験はめっきに関する出題範囲をテキストで押さえ、過去問を繰り返して知識を固めます。実技試験は作業課題を時間内に仕上げられるよう、手順を体に覚えさせるまで反復練習するのが基本です。,出題基準で範囲を確認する|学科の知識を問題演習で固める|実技課題の標準的な手順を習得する|時間を計って課題を反復練習する|細部の仕上げと安全作業を点検する,,国が定める検定に基づくめっきの技能の証明として、就職・転職や社内での評価・処遇に役立ちます。技能士の名称は本人の信頼にもつながります。
c-5419,めっきを学び始めた段階で、基礎技能を形にしたい人。,,学科はめっきの専門知識や関係法規・安全衛生を問われるため過去問演習が中心になります。実技は出題される製作・作業課題を繰り返し練習し、精度と作業時間の両立をめざします。,めっきの基礎知識を整理する|学科の過去問で頻出を押さえる|実技の作業課題を一つずつ練習する|本番と同じ時間配分で通し練習する|仕上がりの精度を確認して弱点を直す,,めっきの技能を客観的に裏づける国家資格として、現場での信頼や受注時のアピール、社内の技能評価に活用できます。
c-5420,アルミニウム陽極酸化処理の高度な熟練技能を客観的に証明したい上級者。,,学科はアルミニウム陽極酸化処理の専門知識や関係法規・安全衛生を問われるため過去問演習が中心になります。実技は出題される製作・作業課題を繰り返し練習し、精度と作業時間の両立をめざします。,学科の出題範囲をテキストで一通り学ぶ|学科の過去問を繰り返し解く|実技課題の手順・段取りを覚える|時間内に課題を仕上げる練習を反復する|苦手な作業・論点を重点的に補強する,,アルミニウム陽極酸化処理の技能を客観的に裏づける国家資格として、現場での信頼や受注時のアピール、社内の技能評価に活用できます。
c-5421,アルミニウム陽極酸化処理の実務に就いており、中級技能者としての裏づけが欲しい人。,,学科はアルミニウム陽極酸化処理の専門知識や関係法規・安全衛生を問われるため過去問演習が中心になります。実技は出題される製作・作業課題を繰り返し練習し、精度と作業時間の両立をめざします。,出題基準で範囲を確認する|学科の知識を問題演習で固める|実技課題の標準的な手順を習得する|時間を計って課題を反復練習する|細部の仕上げと安全作業を点検する,,アルミニウム陽極酸化処理の技能を客観的に裏づける国家資格として、現場での信頼や受注時のアピール、社内の技能評価に活用できます。
c-5423,金属プレス加工分野で生産工程の管理や後進の育成に関わりたい人。,,まず学科で金属プレス加工の基礎理論と頻出論点を押さえ、過去問で出題傾向に慣れます。実技は課題の段取りと作業手順を固め、本番と同じ条件で繰り返し練習することが合格の近道です。,出題基準で範囲を確認する|学科の知識を問題演習で固める|実技課題の標準的な手順を習得する|時間を計って課題を反復練習する|細部の仕上げと安全作業を点検する,,工程管理や作業指導を担う立場の裏づけとなり、金属プレス加工の現場で監督者としての信頼を得やすくなります。
c-5424,金属プレス加工で一人前の技能を身につけ、さらに上の段階をめざす人。,,まず学科で金属プレス加工の基礎理論と頻出論点を押さえ、過去問で出題傾向に慣れます。実技は課題の段取りと作業手順を固め、本番と同じ条件で繰り返し練習することが合格の近道です。,出題基準で範囲を確認する|学科の知識を問題演習で固める|実技課題の標準的な手順を習得する|時間を計って課題を反復練習する|細部の仕上げと安全作業を点検する,,金属プレス加工分野で身につけた技能の公的な証明になり、就職活動や昇給・昇格、独立時の信用づくりに役立ちます。
c-5425,金属プレス加工の実務に就いており、中級技能者としての裏づけが欲しい人。,,まず学科で金属プレス加工の基礎理論と頻出論点を押さえ、過去問で出題傾向に慣れます。実技は課題の段取りと作業手順を固め、本番と同じ条件で繰り返し練習することが合格の近道です。,出題基準で範囲を確認する|学科の知識を問題演習で固める|実技課題の標準的な手順を習得する|時間を計って課題を反復練習する|細部の仕上げと安全作業を点検する,,金属プレス加工分野で身につけた技能の公的な証明になり、就職活動や昇給・昇格、独立時の信用づくりに役立ちます。
c-5426,金属ばね製造で一人前の技能を身につけ、さらに上の段階をめざす人。,,まず学科で金属ばね製造の基礎理論と頻出論点を押さえ、過去問で出題傾向に慣れます。実技は課題の段取りと作業手順を固め、本番と同じ条件で繰り返し練習することが合格の近道です。,出題基準で範囲を確認する|学科の知識を問題演習で固める|実技課題の標準的な手順を習得する|時間を計って課題を反復練習する|細部の仕上げと安全作業を点検する,,金属ばね製造分野で身につけた技能の公的な証明になり、就職活動や昇給・昇格、独立時の信用づくりに役立ちます。
c-5427,金属ばね製造の基本作業を一通りこなせるようになり、技能を証明したい人。,,学科試験は金属ばね製造に関する出題範囲をテキストで押さえ、過去問を繰り返して知識を固めます。実技試験は作業課題を時間内に仕上げられるよう、手順を体に覚えさせるまで反復練習するのが基本です。,金属ばね製造の基礎知識を整理する|学科の過去問で頻出を押さえる|実技の作業課題を一つずつ練習する|本番と同じ時間配分で通し練習する|仕上がりの精度を確認して弱点を直す,,国が定める検定に基づく金属ばね製造の技能の証明として、就職・転職や社内での評価・処遇に役立ちます。技能士の名称は本人の信頼にもつながります。
c-5428,ロープ加工の高度な熟練技能を客観的に証明したい上級者。,,学科試験はロープ加工に関する出題範囲をテキストで押さえ、過去問を繰り返して知識を固めます。実技試験は作業課題を時間内に仕上げられるよう、手順を体に覚えさせるまで反復練習するのが基本です。,学科の出題範囲をテキストで一通り学ぶ|学科の過去問を繰り返し解く|実技課題の手順・段取りを覚える|時間内に課題を仕上げる練習を反復する|苦手な作業・論点を重点的に補強する,,国が定める検定に基づくロープ加工の技能の証明として、就職・転職や社内での評価・処遇に役立ちます。技能士の名称は本人の信頼にもつながります。
c-5429,ロープ加工の中級レベルの技能を身につけ、仕事の幅を広げたい人。,,学科はロープ加工の専門知識や関係法規・安全衛生を問われるため過去問演習が中心になります。実技は出題される製作・作業課題を繰り返し練習し、精度と作業時間の両立をめざします。,学科の出題範囲をテキストで一通り学ぶ|学科の過去問を繰り返し解く|実技課題の手順・段取りを覚える|時間内に課題を仕上げる練習を反復する|苦手な作業・論点を重点的に補強する,,ロープ加工の技能を客観的に裏づける国家資格として、現場での信頼や受注時のアピール、社内の技能評価に活用できます。
c-5431,仕上げの実務経験を積み、管理・監督者として現場をまとめたい人。,,学科試験は仕上げに関する出題範囲をテキストで押さえ、過去問を繰り返して知識を固めます。実技試験は作業課題を時間内に仕上げられるよう、手順を体に覚えさせるまで反復練習するのが基本です。,仕上げの基礎知識を整理する|学科の過去問で頻出を押さえる|実技の作業課題を一つずつ練習する|本番と同じ時間配分で通し練習する|仕上がりの精度を確認して弱点を直す,,工程管理や作業指導を担う立場の裏づけとなり、仕上げの現場で監督者としての信頼を得やすくなります。
c-5432,仕上げの実務経験を重ね、上級技能者として評価されたい人。,,学科は仕上げの専門知識や関係法規・安全衛生を問われるため過去問演習が中心になります。実技は出題される製作・作業課題を繰り返し練習し、精度と作業時間の両立をめざします。,仕上げの基礎知識を整理する|学科の過去問で頻出を押さえる|実技の作業課題を一つずつ練習する|本番と同じ時間配分で通し練習する|仕上がりの精度を確認して弱点を直す,,仕上げの技能を客観的に裏づける国家資格として、現場での信頼や受注時のアピール、社内の技能評価に活用できます。
c-5433,仕上げの中級レベルの技能を身につけ、仕事の幅を広げたい人。,,学科試験は仕上げに関する出題範囲をテキストで押さえ、過去問を繰り返して知識を固めます。実技試験は作業課題を時間内に仕上げられるよう、手順を体に覚えさせるまで反復練習するのが基本です。,学科の出題範囲をテキストで一通り学ぶ|学科の過去問を繰り返し解く|実技課題の手順・段取りを覚える|時間内に課題を仕上げる練習を反復する|苦手な作業・論点を重点的に補強する,,国が定める検定に基づく仕上げの技能の証明として、就職・転職や社内での評価・処遇に役立ちます。技能士の名称は本人の信頼にもつながります。
c-5438,金型製作の実務経験を積み、管理・監督者として現場をまとめたい人。,,学科は金型製作の専門知識や関係法規・安全衛生を問われるため過去問演習が中心になります。実技は出題される製作・作業課題を繰り返し練習し、精度と作業時間の両立をめざします。,金型製作の基礎知識を整理する|学科の過去問で頻出を押さえる|実技の作業課題を一つずつ練習する|本番と同じ時間配分で通し練習する|仕上がりの精度を確認して弱点を直す,,工程管理や作業指導を担う立場の裏づけとなり、金型製作の現場で監督者としての信頼を得やすくなります。
c-5439,金型製作の実務経験を重ね、上級技能者として評価されたい人。,,まず学科で金型製作の基礎理論と頻出論点を押さえ、過去問で出題傾向に慣れます。実技は課題の段取りと作業手順を固め、本番と同じ条件で繰り返し練習することが合格の近道です。,金型製作の基礎知識を整理する|学科の過去問で頻出を押さえる|実技の作業課題を一つずつ練習する|本番と同じ時間配分で通し練習する|仕上がりの精度を確認して弱点を直す,,金型製作分野で身につけた技能の公的な証明になり、就職活動や昇給・昇格、独立時の信用づくりに役立ちます。
c-5440,金型製作の実務に就いており、中級技能者としての裏づけが欲しい人。,,まず学科で金型製作の基礎理論と頻出論点を押さえ、過去問で出題傾向に慣れます。実技は課題の段取りと作業手順を固め、本番と同じ条件で繰り返し練習することが合格の近道です。,出題基準で範囲を確認する|学科の知識を問題演習で固める|実技課題の標準的な手順を習得する|時間を計って課題を反復練習する|細部の仕上げと安全作業を点検する,,金型製作分野で身につけた技能の公的な証明になり、就職活動や昇給・昇格、独立時の信用づくりに役立ちます。
c-5441,切削工具研削で一人前の技能を身につけ、さらに上の段階をめざす人。,,まず学科で切削工具研削の基礎理論と頻出論点を押さえ、過去問で出題傾向に慣れます。実技は課題の段取りと作業手順を固め、本番と同じ条件で繰り返し練習することが合格の近道です。,出題基準で範囲を確認する|学科の知識を問題演習で固める|実技課題の標準的な手順を習得する|時間を計って課題を反復練習する|細部の仕上げと安全作業を点検する,,切削工具研削分野で身につけた技能の公的な証明になり、就職活動や昇給・昇格、独立時の信用づくりに役立ちます。
c-5442,切削工具研削の基本作業を一通りこなせるようになり、技能を証明したい人。,,まず学科で切削工具研削の基礎理論と頻出論点を押さえ、過去問で出題傾向に慣れます。実技は課題の段取りと作業手順を固め、本番と同じ条件で繰り返し練習することが合格の近道です。,切削工具研削の基礎知識を整理する|学科の過去問で頻出を押さえる|実技の作業課題を一つずつ練習する|本番と同じ時間配分で通し練習する|仕上がりの精度を確認して弱点を直す,,切削工具研削分野で身につけた技能の公的な証明になり、就職活動や昇給・昇格、独立時の信用づくりに役立ちます。
c-5443,ダイカストの実務経験を積み、管理・監督者として現場をまとめたい人。,,学科試験はダイカストに関する出題範囲をテキストで押さえ、過去問を繰り返して知識を固めます。実技試験は作業課題を時間内に仕上げられるよう、手順を体に覚えさせるまで反復練習するのが基本です。,ダイカストの基礎知識を整理する|学科の過去問で頻出を押さえる|実技の作業課題を一つずつ練習する|本番と同じ時間配分で通し練習する|仕上がりの精度を確認して弱点を直す,,ダイカストの管理・監督者としての能力を公的に示せ、現場のリーダーや指導的立場での評価につながります。
c-5444,ダイカストで一人前の技能を身につけ、さらに上の段階をめざす人。,,学科はダイカストの専門知識や関係法規・安全衛生を問われるため過去問演習が中心になります。実技は出題される製作・作業課題を繰り返し練習し、精度と作業時間の両立をめざします。,出題基準で範囲を確認する|学科の知識を問題演習で固める|実技課題の標準的な手順を習得する|時間を計って課題を反復練習する|細部の仕上げと安全作業を点検する,,ダイカストの技能を客観的に裏づける国家資格として、現場での信頼や受注時のアピール、社内の技能評価に活用できます。
c-5445,ダイカストの中級レベルの技能を身につけ、仕事の幅を広げたい人。,,学科はダイカストの専門知識や関係法規・安全衛生を問われるため過去問演習が中心になります。実技は出題される製作・作業課題を繰り返し練習し、精度と作業時間の両立をめざします。,学科の出題範囲をテキストで一通り学ぶ|学科の過去問を繰り返し解く|実技課題の手順・段取りを覚える|時間内に課題を仕上げる練習を反復する|苦手な作業・論点を重点的に補強する,,ダイカストの技能を客観的に裏づける国家資格として、現場での信頼や受注時のアピール、社内の技能評価に活用できます。
c-5601,機械保全の実務経験を積み、管理・監督者として現場をまとめたい人。,,学科試験は機械保全に関する出題範囲をテキストで押さえ、過去問を繰り返して知識を固めます。実技試験は作業課題を時間内に仕上げられるよう、手順を体に覚えさせるまで反復練習するのが基本です。,機械保全の基礎知識を整理する|学科の過去問で頻出を押さえる|実技の作業課題を一つずつ練習する|本番と同じ時間配分で通し練習する|仕上がりの精度を確認して弱点を直す,,機械保全の管理・監督者としての能力を公的に示せ、現場のリーダーや指導的立場での評価につながります。
c-5602,機械保全で一人前の技能を身につけ、さらに上の段階をめざす人。,,学科試験は機械保全に関する出題範囲をテキストで押さえ、過去問を繰り返して知識を固めます。実技試験は作業課題を時間内に仕上げられるよう、手順を体に覚えさせるまで反復練習するのが基本です。,出題基準で範囲を確認する|学科の知識を問題演習で固める|実技課題の標準的な手順を習得する|時間を計って課題を反復練習する|細部の仕上げと安全作業を点検する,,国が定める検定に基づく機械保全の技能の証明として、就職・転職や社内での評価・処遇に役立ちます。技能士の名称は本人の信頼にもつながります。
c-5603,機械保全の基本作業を一通りこなせるようになり、技能を証明したい人。,,まず学科で機械保全の基礎理論と頻出論点を押さえ、過去問で出題傾向に慣れます。実技は課題の段取りと作業手順を固め、本番と同じ条件で繰り返し練習することが合格の近道です。,機械保全の基礎知識を整理する|学科の過去問で頻出を押さえる|実技の作業課題を一つずつ練習する|本番と同じ時間配分で通し練習する|仕上がりの精度を確認して弱点を直す,,機械保全分野で身につけた技能の公的な証明になり、就職活動や昇給・昇格、独立時の信用づくりに役立ちます。
c-5604,機械検査分野で生産工程の管理や後進の育成に関わりたい人。,,まず学科で機械検査の基礎理論と頻出論点を押さえ、過去問で出題傾向に慣れます。実技は課題の段取りと作業手順を固め、本番と同じ条件で繰り返し練習することが合格の近道です。,出題基準で範囲を確認する|学科の知識を問題演習で固める|実技課題の標準的な手順を習得する|時間を計って課題を反復練習する|細部の仕上げと安全作業を点検する,,機械検査の管理・監督者としての能力を公的に示せ、現場のリーダーや指導的立場での評価につながります。
c-5605,機械検査の実務経験を重ね、上級技能者として評価されたい人。,,まず学科で機械検査の基礎理論と頻出論点を押さえ、過去問で出題傾向に慣れます。実技は課題の段取りと作業手順を固め、本番と同じ条件で繰り返し練習することが合格の近道です。,機械検査の基礎知識を整理する|学科の過去問で頻出を押さえる|実技の作業課題を一つずつ練習する|本番と同じ時間配分で通し練習する|仕上がりの精度を確認して弱点を直す,,機械検査分野で身につけた技能の公的な証明になり、就職活動や昇給・昇格、独立時の信用づくりに役立ちます。
c-5606,機械検査の基本作業を一通りこなせるようになり、技能を証明したい人。,,学科は機械検査の専門知識や関係法規・安全衛生を問われるため過去問演習が中心になります。実技は出題される製作・作業課題を繰り返し練習し、精度と作業時間の両立をめざします。,機械検査の基礎知識を整理する|学科の過去問で頻出を押さえる|実技の作業課題を一つずつ練習する|本番と同じ時間配分で通し練習する|仕上がりの精度を確認して弱点を直す,,機械検査の技能を客観的に裏づける国家資格として、現場での信頼や受注時のアピール、社内の技能評価に活用できます。
c-5607,機械検査の基本を確認し、技能習得の第一歩を踏み出したい人。,,学科は機械検査の専門知識や関係法規・安全衛生を問われるため過去問演習が中心になります。実技は出題される製作・作業課題を繰り返し練習し、精度と作業時間の両立をめざします。,出題基準で範囲を確認する|学科の知識を問題演習で固める|実技課題の標準的な手順を習得する|時間を計って課題を反復練習する|細部の仕上げと安全作業を点検する,,機械検査の技能を客観的に裏づける国家資格として、現場での信頼や受注時のアピール、社内の技能評価に活用できます。
c-5608,内燃機関組立ての現場で工程管理や作業者の指導・監督を担う立場をめざす人。,,学科は内燃機関組立ての専門知識や関係法規・安全衛生を問われるため過去問演習が中心になります。実技は出題される製作・作業課題を繰り返し練習し、精度と作業時間の両立をめざします。,学科の出題範囲をテキストで一通り学ぶ|学科の過去問を繰り返し解く|実技課題の手順・段取りを覚える|時間内に課題を仕上げる練習を反復する|苦手な作業・論点を重点的に補強する,,内燃機関組立ての管理・監督者としての能力を公的に示せ、現場のリーダーや指導的立場での評価につながります。
c-5609,内燃機関組立てで一人前の技能を身につけ、さらに上の段階をめざす人。,,まず学科で内燃機関組立ての基礎理論と頻出論点を押さえ、過去問で出題傾向に慣れます。実技は課題の段取りと作業手順を固め、本番と同じ条件で繰り返し練習することが合格の近道です。,出題基準で範囲を確認する|学科の知識を問題演習で固める|実技課題の標準的な手順を習得する|時間を計って課題を反復練習する|細部の仕上げと安全作業を点検する,,内燃機関組立て分野で身につけた技能の公的な証明になり、就職活動や昇給・昇格、独立時の信用づくりに役立ちます。
c-5610,内燃機関組立ての実務に就いており、中級技能者としての裏づけが欲しい人。,,学科試験は内燃機関組立てに関する出題範囲をテキストで押さえ、過去問を繰り返して知識を固めます。実技試験は作業課題を時間内に仕上げられるよう、手順を体に覚えさせるまで反復練習するのが基本です。,出題基準で範囲を確認する|学科の知識を問題演習で固める|実技課題の標準的な手順を習得する|時間を計って課題を反復練習する|細部の仕上げと安全作業を点検する,,国が定める検定に基づく内燃機関組立ての技能の証明として、就職・転職や社内での評価・処遇に役立ちます。技能士の名称は本人の信頼にもつながります。
c-5611,これから内燃機関組立ての技能を身につけたい初級者・入門者。,,学科試験は内燃機関組立てに関する出題範囲をテキストで押さえ、過去問を繰り返して知識を固めます。実技試験は作業課題を時間内に仕上げられるよう、手順を体に覚えさせるまで反復練習するのが基本です。,学科の出題範囲をテキストで一通り学ぶ|学科の過去問を繰り返し解く|実技課題の手順・段取りを覚える|時間内に課題を仕上げる練習を反復する|苦手な作業・論点を重点的に補強する,,国が定める検定に基づく内燃機関組立ての技能の証明として、就職・転職や社内での評価・処遇に役立ちます。技能士の名称は本人の信頼にもつながります。
c-5612,空気圧装置組立ての実務経験を積み、管理・監督者として現場をまとめたい人。,,学科試験は空気圧装置組立てに関する出題範囲をテキストで押さえ、過去問を繰り返して知識を固めます。実技試験は作業課題を時間内に仕上げられるよう、手順を体に覚えさせるまで反復練習するのが基本です。,空気圧装置組立ての基礎知識を整理する|学科の過去問で頻出を押さえる|実技の作業課題を一つずつ練習する|本番と同じ時間配分で通し練習する|仕上がりの精度を確認して弱点を直す,,空気圧装置組立ての管理・監督者としての能力を公的に示せ、現場のリーダーや指導的立場での評価につながります。
c-5613,空気圧装置組立ての実務経験を重ね、上級技能者として評価されたい人。,,学科試験は空気圧装置組立てに関する出題範囲をテキストで押さえ、過去問を繰り返して知識を固めます。実技試験は作業課題を時間内に仕上げられるよう、手順を体に覚えさせるまで反復練習するのが基本です。,空気圧装置組立ての基礎知識を整理する|学科の過去問で頻出を押さえる|実技の作業課題を一つずつ練習する|本番と同じ時間配分で通し練習する|仕上がりの精度を確認して弱点を直す,,国が定める検定に基づく空気圧装置組立ての技能の証明として、就職・転職や社内での評価・処遇に役立ちます。技能士の名称は本人の信頼にもつながります。
c-5614,空気圧装置組立ての基本作業を一通りこなせるようになり、技能を証明したい人。,,学科は空気圧装置組立ての専門知識や関係法規・安全衛生を問われるため過去問演習が中心になります。実技は出題される製作・作業課題を繰り返し練習し、精度と作業時間の両立をめざします。,空気圧装置組立ての基礎知識を整理する|学科の過去問で頻出を押さえる|実技の作業課題を一つずつ練習する|本番と同じ時間配分で通し練習する|仕上がりの精度を確認して弱点を直す,,空気圧装置組立ての技能を客観的に裏づける国家資格として、現場での信頼や受注時のアピール、社内の技能評価に活用できます。
c-5615,油圧装置調整分野で生産工程の管理や後進の育成に関わりたい人。,,学科試験は油圧装置調整に関する出題範囲をテキストで押さえ、過去問を繰り返して知識を固めます。実技試験は作業課題を時間内に仕上げられるよう、手順を体に覚えさせるまで反復練習するのが基本です。,出題基準で範囲を確認する|学科の知識を問題演習で固める|実技課題の標準的な手順を習得する|時間を計って課題を反復練習する|細部の仕上げと安全作業を点検する,,工程管理や作業指導を担う立場の裏づけとなり、油圧装置調整の現場で監督者としての信頼を得やすくなります。
c-5616,油圧装置調整の高度な熟練技能を客観的に証明したい上級者。,,学科試験は油圧装置調整に関する出題範囲をテキストで押さえ、過去問を繰り返して知識を固めます。実技試験は作業課題を時間内に仕上げられるよう、手順を体に覚えさせるまで反復練習するのが基本です。,学科の出題範囲をテキストで一通り学ぶ|学科の過去問を繰り返し解く|実技課題の手順・段取りを覚える|時間内に課題を仕上げる練習を反復する|苦手な作業・論点を重点的に補強する,,国が定める検定に基づく油圧装置調整の技能の証明として、就職・転職や社内での評価・処遇に役立ちます。技能士の名称は本人の信頼にもつながります。
c-5617,油圧装置調整の実務に就いており、中級技能者としての裏づけが欲しい人。,,学科は油圧装置調整の専門知識や関係法規・安全衛生を問われるため過去問演習が中心になります。実技は出題される製作・作業課題を繰り返し練習し、精度と作業時間の両立をめざします。,出題基準で範囲を確認する|学科の知識を問題演習で固める|実技課題の標準的な手順を習得する|時間を計って課題を反復練習する|細部の仕上げと安全作業を点検する,,油圧装置調整の技能を客観的に裏づける国家資格として、現場での信頼や受注時のアピール、社内の技能評価に活用できます。
c-5618,縫製機械整備の実務経験を重ね、上級技能者として評価されたい人。,,学科試験は縫製機械整備に関する出題範囲をテキストで押さえ、過去問を繰り返して知識を固めます。実技試験は作業課題を時間内に仕上げられるよう、手順を体に覚えさせるまで反復練習するのが基本です。,縫製機械整備の基礎知識を整理する|学科の過去問で頻出を押さえる|実技の作業課題を一つずつ練習する|本番と同じ時間配分で通し練習する|仕上がりの精度を確認して弱点を直す,,国が定める検定に基づく縫製機械整備の技能の証明として、就職・転職や社内での評価・処遇に役立ちます。技能士の名称は本人の信頼にもつながります。
c-5619,縫製機械整備の実務に就いており、中級技能者としての裏づけが欲しい人。,,学科試験は縫製機械整備に関する出題範囲をテキストで押さえ、過去問を繰り返して知識を固めます。実技試験は作業課題を時間内に仕上げられるよう、手順を体に覚えさせるまで反復練習するのが基本です。,出題基準で範囲を確認する|学科の知識を問題演習で固める|実技課題の標準的な手順を習得する|時間を計って課題を反復練習する|細部の仕上げと安全作業を点検する,,国が定める検定に基づく縫製機械整備の技能の証明として、就職・転職や社内での評価・処遇に役立ちます。技能士の名称は本人の信頼にもつながります。
c-5620,建設機械整備の実務経験を積み、管理・監督者として現場をまとめたい人。,,学科試験は建設機械整備に関する出題範囲をテキストで押さえ、過去問を繰り返して知識を固めます。実技試験は作業課題を時間内に仕上げられるよう、手順を体に覚えさせるまで反復練習するのが基本です。,建設機械整備の基礎知識を整理する|学科の過去問で頻出を押さえる|実技の作業課題を一つずつ練習する|本番と同じ時間配分で通し練習する|仕上がりの精度を確認して弱点を直す,,建設機械整備の管理・監督者としての能力を公的に示せ、現場のリーダーや指導的立場での評価につながります。
c-5621,建設機械整備で一人前の技能を身につけ、さらに上の段階をめざす人。,,まず学科で建設機械整備の基礎理論と頻出論点を押さえ、過去問で出題傾向に慣れます。実技は課題の段取りと作業手順を固め、本番と同じ条件で繰り返し練習することが合格の近道です。,出題基準で範囲を確認する|学科の知識を問題演習で固める|実技課題の標準的な手順を習得する|時間を計って課題を反復練習する|細部の仕上げと安全作業を点検する,,建設機械整備分野で身につけた技能の公的な証明になり、就職活動や昇給・昇格、独立時の信用づくりに役立ちます。
c-5622,建設機械整備の基本作業を一通りこなせるようになり、技能を証明したい人。,,学科は建設機械整備の専門知識や関係法規・安全衛生を問われるため過去問演習が中心になります。実技は出題される製作・作業課題を繰り返し練習し、精度と作業時間の両立をめざします。,建設機械整備の基礎知識を整理する|学科の過去問で頻出を押さえる|実技の作業課題を一つずつ練習する|本番と同じ時間配分で通し練習する|仕上がりの精度を確認して弱点を直す,,建設機械整備の技能を客観的に裏づける国家資格として、現場での信頼や受注時のアピール、社内の技能評価に活用できます。
c-5623,農業機械整備の実務経験を重ね、上級技能者として評価されたい人。,,学科試験は農業機械整備に関する出題範囲をテキストで押さえ、過去問を繰り返して知識を固めます。実技試験は作業課題を時間内に仕上げられるよう、手順を体に覚えさせるまで反復練習するのが基本です。,農業機械整備の基礎知識を整理する|学科の過去問で頻出を押さえる|実技の作業課題を一つずつ練習する|本番と同じ時間配分で通し練習する|仕上がりの精度を確認して弱点を直す,,国が定める検定に基づく農業機械整備の技能の証明として、就職・転職や社内での評価・処遇に役立ちます。技能士の名称は本人の信頼にもつながります。
c-5624,農業機械整備の基本作業を一通りこなせるようになり、技能を証明したい人。,,学科試験は農業機械整備に関する出題範囲をテキストで押さえ、過去問を繰り返して知識を固めます。実技試験は作業課題を時間内に仕上げられるよう、手順を体に覚えさせるまで反復練習するのが基本です。,農業機械整備の基礎知識を整理する|学科の過去問で頻出を押さえる|実技の作業課題を一つずつ練習する|本番と同じ時間配分で通し練習する|仕上がりの精度を確認して弱点を直す,,国が定める検定に基づく農業機械整備の技能の証明として、就職・転職や社内での評価・処遇に役立ちます。技能士の名称は本人の信頼にもつながります。
c-5701,電気機器組立て分野で生産工程の管理や後進の育成に関わりたい人。,,学科試験は電気機器組立てに関する出題範囲をテキストで押さえ、過去問を繰り返して知識を固めます。実技試験は作業課題を時間内に仕上げられるよう、手順を体に覚えさせるまで反復練習するのが基本です。,出題基準で範囲を確認する|学科の知識を問題演習で固める|実技課題の標準的な手順を習得する|時間を計って課題を反復練習する|細部の仕上げと安全作業を点検する,,電気機器組立ての管理・監督者としての能力を公的に示せ、現場のリーダーや指導的立場での評価につながります。
c-5702,電気機器組立てで一人前の技能を身につけ、さらに上の段階をめざす人。,,学科試験は電気機器組立てに関する出題範囲をテキストで押さえ、過去問を繰り返して知識を固めます。実技試験は作業課題を時間内に仕上げられるよう、手順を体に覚えさせるまで反復練習するのが基本です。,出題基準で範囲を確認する|学科の知識を問題演習で固める|実技課題の標準的な手順を習得する|時間を計って課題を反復練習する|細部の仕上げと安全作業を点検する,,国が定める検定に基づく電気機器組立ての技能の証明として、就職・転職や社内での評価・処遇に役立ちます。技能士の名称は本人の信頼にもつながります。
c-5703,電気機器組立ての基本作業を一通りこなせるようになり、技能を証明したい人。,,学科は電気機器組立ての専門知識や関係法規・安全衛生を問われるため過去問演習が中心になります。実技は出題される製作・作業課題を繰り返し練習し、精度と作業時間の両立をめざします。,電気機器組立ての基礎知識を整理する|学科の過去問で頻出を押さえる|実技の作業課題を一つずつ練習する|本番と同じ時間配分で通し練習する|仕上がりの精度を確認して弱点を直す,,電気機器組立ての技能を客観的に裏づける国家資格として、現場での信頼や受注時のアピール、社内の技能評価に活用できます。
c-5704,電子機器組立ての実務経験を積み、管理・監督者として現場をまとめたい人。,,学科試験は電子機器組立てに関する出題範囲をテキストで押さえ、過去問を繰り返して知識を固めます。実技試験は作業課題を時間内に仕上げられるよう、手順を体に覚えさせるまで反復練習するのが基本です。,電子機器組立ての基礎知識を整理する|学科の過去問で頻出を押さえる|実技の作業課題を一つずつ練習する|本番と同じ時間配分で通し練習する|仕上がりの精度を確認して弱点を直す,,電子機器組立ての管理・監督者としての能力を公的に示せ、現場のリーダーや指導的立場での評価につながります。
c-5705,電子機器組立ての実務経験を重ね、上級技能者として評価されたい人。,,学科は電子機器組立ての専門知識や関係法規・安全衛生を問われるため過去問演習が中心になります。実技は出題される製作・作業課題を繰り返し練習し、精度と作業時間の両立をめざします。,電子機器組立ての基礎知識を整理する|学科の過去問で頻出を押さえる|実技の作業課題を一つずつ練習する|本番と同じ時間配分で通し練習する|仕上がりの精度を確認して弱点を直す,,電子機器組立ての技能を客観的に裏づける国家資格として、現場での信頼や受注時のアピール、社内の技能評価に活用できます。
c-5706,電子機器組立ての実務に就いており、中級技能者としての裏づけが欲しい人。,,学科試験は電子機器組立てに関する出題範囲をテキストで押さえ、過去問を繰り返して知識を固めます。実技試験は作業課題を時間内に仕上げられるよう、手順を体に覚えさせるまで反復練習するのが基本です。,出題基準で範囲を確認する|学科の知識を問題演習で固める|実技課題の標準的な手順を習得する|時間を計って課題を反復練習する|細部の仕上げと安全作業を点検する,,国が定める検定に基づく電子機器組立ての技能の証明として、就職・転職や社内での評価・処遇に役立ちます。技能士の名称は本人の信頼にもつながります。
c-5707,電子機器組立ての基本を確認し、技能習得の第一歩を踏み出したい人。,,学科試験は電子機器組立てに関する出題範囲をテキストで押さえ、過去問を繰り返して知識を固めます。実技試験は作業課題を時間内に仕上げられるよう、手順を体に覚えさせるまで反復練習するのが基本です。,出題基準で範囲を確認する|学科の知識を問題演習で固める|実技課題の標準的な手順を習得する|時間を計って課題を反復練習する|細部の仕上げと安全作業を点検する,,国が定める検定に基づく電子機器組立ての技能の証明として、就職・転職や社内での評価・処遇に役立ちます。技能士の名称は本人の信頼にもつながります。
c-5712,自動販売機調整の実務経験を積み、管理・監督者として現場をまとめたい人。,,まず学科で自動販売機調整の基礎理論と頻出論点を押さえ、過去問で出題傾向に慣れます。実技は課題の段取りと作業手順を固め、本番と同じ条件で繰り返し練習することが合格の近道です。,自動販売機調整の基礎知識を整理する|学科の過去問で頻出を押さえる|実技の作業課題を一つずつ練習する|本番と同じ時間配分で通し練習する|仕上がりの精度を確認して弱点を直す,,自動販売機調整の管理・監督者としての能力を公的に示せ、現場のリーダーや指導的立場での評価につながります。
c-5713,自動販売機調整の高度な熟練技能を客観的に証明したい上級者。,,学科試験は自動販売機調整に関する出題範囲をテキストで押さえ、過去問を繰り返して知識を固めます。実技試験は作業課題を時間内に仕上げられるよう、手順を体に覚えさせるまで反復練習するのが基本です。,学科の出題範囲をテキストで一通り学ぶ|学科の過去問を繰り返し解く|実技課題の手順・段取りを覚える|時間内に課題を仕上げる練習を反復する|苦手な作業・論点を重点的に補強する,,国が定める検定に基づく自動販売機調整の技能の証明として、就職・転職や社内での評価・処遇に役立ちます。技能士の名称は本人の信頼にもつながります。
c-5714,自動販売機調整の中級レベルの技能を身につけ、仕事の幅を広げたい人。,,学科試験は自動販売機調整に関する出題範囲をテキストで押さえ、過去問を繰り返して知識を固めます。実技試験は作業課題を時間内に仕上げられるよう、手順を体に覚えさせるまで反復練習するのが基本です。,学科の出題範囲をテキストで一通り学ぶ|学科の過去問を繰り返し解く|実技課題の手順・段取りを覚える|時間内に課題を仕上げる練習を反復する|苦手な作業・論点を重点的に補強する,,国が定める検定に基づく自動販売機調整の技能の証明として、就職・転職や社内での評価・処遇に役立ちます。技能士の名称は本人の信頼にもつながります。
c-5715,半導体製品製造の現場で工程管理や作業者の指導・監督を担う立場をめざす人。,,学科は半導体製品製造の専門知識や関係法規・安全衛生を問われるため過去問演習が中心になります。実技は出題される製作・作業課題を繰り返し練習し、精度と作業時間の両立をめざします。,学科の出題範囲をテキストで一通り学ぶ|学科の過去問を繰り返し解く|実技課題の手順・段取りを覚える|時間内に課題を仕上げる練習を反復する|苦手な作業・論点を重点的に補強する,,工程管理や作業指導を担う立場の裏づけとなり、半導体製品製造の現場で監督者としての信頼を得やすくなります。
c-5716,半導体製品製造の高度な熟練技能を客観的に証明したい上級者。,,まず学科で半導体製品製造の基礎理論と頻出論点を押さえ、過去問で出題傾向に慣れます。実技は課題の段取りと作業手順を固め、本番と同じ条件で繰り返し練習することが合格の近道です。,学科の出題範囲をテキストで一通り学ぶ|学科の過去問を繰り返し解く|実技課題の手順・段取りを覚える|時間内に課題を仕上げる練習を反復する|苦手な作業・論点を重点的に補強する,,半導体製品製造分野で身につけた技能の公的な証明になり、就職活動や昇給・昇格、独立時の信用づくりに役立ちます。
c-5717,半導体製品製造の基本作業を一通りこなせるようになり、技能を証明したい人。,,学科試験は半導体製品製造に関する出題範囲をテキストで押さえ、過去問を繰り返して知識を固めます。実技試験は作業課題を時間内に仕上げられるよう、手順を体に覚えさせるまで反復練習するのが基本です。,半導体製品製造の基礎知識を整理する|学科の過去問で頻出を押さえる|実技の作業課題を一つずつ練習する|本番と同じ時間配分で通し練習する|仕上がりの精度を確認して弱点を直す,,国が定める検定に基づく半導体製品製造の技能の証明として、就職・転職や社内での評価・処遇に役立ちます。技能士の名称は本人の信頼にもつながります。
c-5718,電子回路接続分野で専門技能を活かして働きたい人。,,まず学科で電子回路接続の基礎理論と頻出論点を押さえ、過去問で出題傾向に慣れます。実技は課題の段取りと作業手順を固め、本番と同じ条件で繰り返し練習することが合格の近道です。,出題基準で範囲を確認する|学科の知識を問題演習で固める|実技課題の標準的な手順を習得する|時間を計って課題を反復練習する|細部の仕上げと安全作業を点検する,,電子回路接続分野で身につけた技能の公的な証明になり、就職活動や昇給・昇格、独立時の信用づくりに役立ちます。
c-5719,プリント配線板製造の実務経験を積み、管理・監督者として現場をまとめたい人。,,学科はプリント配線板製造の専門知識や関係法規・安全衛生を問われるため過去問演習が中心になります。実技は出題される製作・作業課題を繰り返し練習し、精度と作業時間の両立をめざします。,プリント配線板製造の基礎知識を整理する|学科の過去問で頻出を押さえる|実技の作業課題を一つずつ練習する|本番と同じ時間配分で通し練習する|仕上がりの精度を確認して弱点を直す,,工程管理や作業指導を担う立場の裏づけとなり、プリント配線板製造の現場で監督者としての信頼を得やすくなります。
c-5720,プリント配線板製造の実務経験を重ね、上級技能者として評価されたい人。,,まず学科でプリント配線板製造の基礎理論と頻出論点を押さえ、過去問で出題傾向に慣れます。実技は課題の段取りと作業手順を固め、本番と同じ条件で繰り返し練習することが合格の近道です。,プリント配線板製造の基礎知識を整理する|学科の過去問で頻出を押さえる|実技の作業課題を一つずつ練習する|本番と同じ時間配分で通し練習する|仕上がりの精度を確認して弱点を直す,,プリント配線板製造分野で身につけた技能の公的な証明になり、就職活動や昇給・昇格、独立時の信用づくりに役立ちます。
c-5721,プリント配線板製造の実務に就いており、中級技能者としての裏づけが欲しい人。,,学科試験はプリント配線板製造に関する出題範囲をテキストで押さえ、過去問を繰り返して知識を固めます。実技試験は作業課題を時間内に仕上げられるよう、手順を体に覚えさせるまで反復練習するのが基本です。,出題基準で範囲を確認する|学科の知識を問題演習で固める|実技課題の標準的な手順を習得する|時間を計って課題を反復練習する|細部の仕上げと安全作業を点検する,,国が定める検定に基づくプリント配線板製造の技能の証明として、就職・転職や社内での評価・処遇に役立ちます。技能士の名称は本人の信頼にもつながります。
c-5722,プリント配線板製造の基本を確認し、技能習得の第一歩を踏み出したい人。,,学科試験はプリント配線板製造に関する出題範囲をテキストで押さえ、過去問を繰り返して知識を固めます。実技試験は作業課題を時間内に仕上げられるよう、手順を体に覚えさせるまで反復練習するのが基本です。,出題基準で範囲を確認する|学科の知識を問題演習で固める|実技課題の標準的な手順を習得する|時間を計って課題を反復練習する|細部の仕上げと安全作業を点検する,,国が定める検定に基づくプリント配線板製造の技能の証明として、就職・転職や社内での評価・処遇に役立ちます。技能士の名称は本人の信頼にもつながります。
c-5808,産業車両整備で一人前の技能を身につけ、さらに上の段階をめざす人。,,学科は産業車両整備の専門知識や関係法規・安全衛生を問われるため過去問演習が中心になります。実技は出題される製作・作業課題を繰り返し練習し、精度と作業時間の両立をめざします。,出題基準で範囲を確認する|学科の知識を問題演習で固める|実技課題の標準的な手順を習得する|時間を計って課題を反復練習する|細部の仕上げと安全作業を点検する,,産業車両整備の技能を客観的に裏づける国家資格として、現場での信頼や受注時のアピール、社内の技能評価に活用できます。
c-5809,産業車両整備の実務に就いており、中級技能者としての裏づけが欲しい人。,,まず学科で産業車両整備の基礎理論と頻出論点を押さえ、過去問で出題傾向に慣れます。実技は課題の段取りと作業手順を固め、本番と同じ条件で繰り返し練習することが合格の近道です。,出題基準で範囲を確認する|学科の知識を問題演習で固める|実技課題の標準的な手順を習得する|時間を計って課題を反復練習する|細部の仕上げと安全作業を点検する,,産業車両整備分野で身につけた技能の公的な証明になり、就職活動や昇給・昇格、独立時の信用づくりに役立ちます。
c-5810,鉄道車両製造・整備の実務経験を重ね、上級技能者として評価されたい人。,,まず学科で鉄道車両製造・整備の基礎理論と頻出論点を押さえ、過去問で出題傾向に慣れます。実技は課題の段取りと作業手順を固め、本番と同じ条件で繰り返し練習することが合格の近道です。,鉄道車両製造・整備の基礎知識を整理する|学科の過去問で頻出を押さえる|実技の作業課題を一つずつ練習する|本番と同じ時間配分で通し練習する|仕上がりの精度を確認して弱点を直す,,鉄道車両製造・整備分野で身につけた技能の公的な証明になり、就職活動や昇給・昇格、独立時の信用づくりに役立ちます。
c-5811,鉄道車両製造・整備の中級レベルの技能を身につけ、仕事の幅を広げたい人。,,学科は鉄道車両製造・整備の専門知識や関係法規・安全衛生を問われるため過去問演習が中心になります。実技は出題される製作・作業課題を繰り返し練習し、精度と作業時間の両立をめざします。,学科の出題範囲をテキストで一通り学ぶ|学科の過去問を繰り返し解く|実技課題の手順・段取りを覚える|時間内に課題を仕上げる練習を反復する|苦手な作業・論点を重点的に補強する,,鉄道車両製造・整備の技能を客観的に裏づける国家資格として、現場での信頼や受注時のアピール、社内の技能評価に活用できます。
c-5901,時計修理で一人前の技能を身につけ、さらに上の段階をめざす人。,,学科試験は時計修理に関する出題範囲をテキストで押さえ、過去問を繰り返して知識を固めます。実技試験は作業課題を時間内に仕上げられるよう、手順を体に覚えさせるまで反復練習するのが基本です。,出題基準で範囲を確認する|学科の知識を問題演習で固める|実技課題の標準的な手順を習得する|時間を計って課題を反復練習する|細部の仕上げと安全作業を点検する,,国が定める検定に基づく時計修理の技能の証明として、就職・転職や社内での評価・処遇に役立ちます。技能士の名称は本人の信頼にもつながります。
c-5902,時計修理の実務に就いており、中級技能者としての裏づけが欲しい人。,,学科試験は時計修理に関する出題範囲をテキストで押さえ、過去問を繰り返して知識を固めます。実技試験は作業課題を時間内に仕上げられるよう、手順を体に覚えさせるまで反復練習するのが基本です。,出題基準で範囲を確認する|学科の知識を問題演習で固める|実技課題の標準的な手順を習得する|時間を計って課題を反復練習する|細部の仕上げと安全作業を点検する,,国が定める検定に基づく時計修理の技能の証明として、就職・転職や社内での評価・処遇に役立ちます。技能士の名称は本人の信頼にもつながります。
c-5903,これから時計修理の技能を身につけたい初級者・入門者。,,まず学科で時計修理の基礎理論と頻出論点を押さえ、過去問で出題傾向に慣れます。実技は課題の段取りと作業手順を固め、本番と同じ条件で繰り返し練習することが合格の近道です。,学科の出題範囲をテキストで一通り学ぶ|学科の過去問を繰り返し解く|実技課題の手順・段取りを覚える|時間内に課題を仕上げる練習を反復する|苦手な作業・論点を重点的に補強する,,時計修理分野で身につけた技能の公的な証明になり、就職活動や昇給・昇格、独立時の信用づくりに役立ちます。
c-5906,光学機器製造の現場で工程管理や作業者の指導・監督を担う立場をめざす人。,,まず学科で光学機器製造の基礎理論と頻出論点を押さえ、過去問で出題傾向に慣れます。実技は課題の段取りと作業手順を固め、本番と同じ条件で繰り返し練習することが合格の近道です。,学科の出題範囲をテキストで一通り学ぶ|学科の過去問を繰り返し解く|実技課題の手順・段取りを覚える|時間内に課題を仕上げる練習を反復する|苦手な作業・論点を重点的に補強する,,光学機器製造の管理・監督者としての能力を公的に示せ、現場のリーダーや指導的立場での評価につながります。
c-5907,光学機器製造の実務経験を重ね、上級技能者として評価されたい人。,,まず学科で光学機器製造の基礎理論と頻出論点を押さえ、過去問で出題傾向に慣れます。実技は課題の段取りと作業手順を固め、本番と同じ条件で繰り返し練習することが合格の近道です。,光学機器製造の基礎知識を整理する|学科の過去問で頻出を押さえる|実技の作業課題を一つずつ練習する|本番と同じ時間配分で通し練習する|仕上がりの精度を確認して弱点を直す,,光学機器製造分野で身につけた技能の公的な証明になり、就職活動や昇給・昇格、独立時の信用づくりに役立ちます。
c-5908,光学機器製造の基本作業を一通りこなせるようになり、技能を証明したい人。,,学科は光学機器製造の専門知識や関係法規・安全衛生を問われるため過去問演習が中心になります。実技は出題される製作・作業課題を繰り返し練習し、精度と作業時間の両立をめざします。,光学機器製造の基礎知識を整理する|学科の過去問で頻出を押さえる|実技の作業課題を一つずつ練習する|本番と同じ時間配分で通し練習する|仕上がりの精度を確認して弱点を直す,,光学機器製造の技能を客観的に裏づける国家資格として、現場での信頼や受注時のアピール、社内の技能評価に活用できます。
c-6001,パン製造の現場で工程管理や作業者の指導・監督を担う立場をめざす人。,,学科試験はパン製造に関する出題範囲をテキストで押さえ、過去問を繰り返して知識を固めます。実技試験は作業課題を時間内に仕上げられるよう、手順を体に覚えさせるまで反復練習するのが基本です。,学科の出題範囲をテキストで一通り学ぶ|学科の過去問を繰り返し解く|実技課題の手順・段取りを覚える|時間内に課題を仕上げる練習を反復する|苦手な作業・論点を重点的に補強する,,工程管理や作業指導を担う立場の裏づけとなり、パン製造の現場で監督者としての信頼を得やすくなります。
c-6002,パン製造の実務経験を重ね、上級技能者として評価されたい人。,,学科試験はパン製造に関する出題範囲をテキストで押さえ、過去問を繰り返して知識を固めます。実技試験は作業課題を時間内に仕上げられるよう、手順を体に覚えさせるまで反復練習するのが基本です。,パン製造の基礎知識を整理する|学科の過去問で頻出を押さえる|実技の作業課題を一つずつ練習する|本番と同じ時間配分で通し練習する|仕上がりの精度を確認して弱点を直す,,国が定める検定に基づくパン製造の技能の証明として、就職・転職や社内での評価・処遇に役立ちます。技能士の名称は本人の信頼にもつながります。
c-6003,パン製造の実務に就いており、中級技能者としての裏づけが欲しい人。,,まず学科でパン製造の基礎理論と頻出論点を押さえ、過去問で出題傾向に慣れます。実技は課題の段取りと作業手順を固め、本番と同じ条件で繰り返し練習することが合格の近道です。,出題基準で範囲を確認する|学科の知識を問題演習で固める|実技課題の標準的な手順を習得する|時間を計って課題を反復練習する|細部の仕上げと安全作業を点検する,,パン製造分野で身につけた技能の公的な証明になり、就職活動や昇給・昇格、独立時の信用づくりに役立ちます。
c-6005,菓子製造の実務経験を重ね、上級技能者として評価されたい人。,,学科試験は菓子製造に関する出題範囲をテキストで押さえ、過去問を繰り返して知識を固めます。実技試験は作業課題を時間内に仕上げられるよう、手順を体に覚えさせるまで反復練習するのが基本です。,菓子製造の基礎知識を整理する|学科の過去問で頻出を押さえる|実技の作業課題を一つずつ練習する|本番と同じ時間配分で通し練習する|仕上がりの精度を確認して弱点を直す,,国が定める検定に基づく菓子製造の技能の証明として、就職・転職や社内での評価・処遇に役立ちます。技能士の名称は本人の信頼にもつながります。
c-6006,菓子製造の中級レベルの技能を身につけ、仕事の幅を広げたい人。,,学科は菓子製造の専門知識や関係法規・安全衛生を問われるため過去問演習が中心になります。実技は出題される製作・作業課題を繰り返し練習し、精度と作業時間の両立をめざします。,学科の出題範囲をテキストで一通り学ぶ|学科の過去問を繰り返し解く|実技課題の手順・段取りを覚える|時間内に課題を仕上げる練習を反復する|苦手な作業・論点を重点的に補強する,,菓子製造の技能を客観的に裏づける国家資格として、現場での信頼や受注時のアピール、社内の技能評価に活用できます。
c-6007,製麺の仕事に就いており、技能を公的な資格で裏づけたい人。,,学科は製麺の専門知識や関係法規・安全衛生を問われるため過去問演習が中心になります。実技は出題される製作・作業課題を繰り返し練習し、精度と作業時間の両立をめざします。,製麺の基礎知識を整理する|学科の過去問で頻出を押さえる|実技の作業課題を一つずつ練習する|本番と同じ時間配分で通し練習する|仕上がりの精度を確認して弱点を直す,,製麺の技能を客観的に裏づける国家資格として、現場での信頼や受注時のアピール、社内の技能評価に活用できます。
c-6008,ハム・ソーセージ・ベーコン製造の実務経験を重ね、上級技能者として評価されたい人。,,まず学科でハム・ソーセージ・ベーコン製造の基礎理論と頻出論点を押さえ、過去問で出題傾向に慣れます。実技は課題の段取りと作業手順を固め、本番と同じ条件で繰り返し練習することが合格の近道です。,ハム・ソーセージ・ベーコン製造の基礎知識を整理する|学科の過去問で頻出を押さえる|実技の作業課題を一つずつ練習する|本番と同じ時間配分で通し練習する|仕上がりの精度を確認して弱点を直す,,ハム・ソーセージ・ベーコン製造分野で身につけた技能の公的な証明になり、就職活動や昇給・昇格、独立時の信用づくりに役立ちます。
c-6009,ハム・ソーセージ・ベーコン製造の基本作業を一通りこなせるようになり、技能を証明したい人。,,学科試験はハム・ソーセージ・ベーコン製造に関する出題範囲をテキストで押さえ、過去問を繰り返して知識を固めます。実技試験は作業課題を時間内に仕上げられるよう、手順を体に覚えさせるまで反復練習するのが基本です。,ハム・ソーセージ・ベーコン製造の基礎知識を整理する|学科の過去問で頻出を押さえる|実技の作業課題を一つずつ練習する|本番と同じ時間配分で通し練習する|仕上がりの精度を確認して弱点を直す,,国が定める検定に基づくハム・ソーセージ・ベーコン製造の技能の証明として、就職・転職や社内での評価・処遇に役立ちます。技能士の名称は本人の信頼にもつながります。
c-6010,水産練り製品製造の高度な熟練技能を客観的に証明したい上級者。,,学科は水産練り製品製造の専門知識や関係法規・安全衛生を問われるため過去問演習が中心になります。実技は出題される製作・作業課題を繰り返し練習し、精度と作業時間の両立をめざします。,学科の出題範囲をテキストで一通り学ぶ|学科の過去問を繰り返し解く|実技課題の手順・段取りを覚える|時間内に課題を仕上げる練習を反復する|苦手な作業・論点を重点的に補強する,,水産練り製品製造の技能を客観的に裏づける国家資格として、現場での信頼や受注時のアピール、社内の技能評価に活用できます。
c-6011,水産練り製品製造の基本作業を一通りこなせるようになり、技能を証明したい人。,,学科は水産練り製品製造の専門知識や関係法規・安全衛生を問われるため過去問演習が中心になります。実技は出題される製作・作業課題を繰り返し練習し、精度と作業時間の両立をめざします。,水産練り製品製造の基礎知識を整理する|学科の過去問で頻出を押さえる|実技の作業課題を一つずつ練習する|本番と同じ時間配分で通し練習する|仕上がりの精度を確認して弱点を直す,,水産練り製品製造の技能を客観的に裏づける国家資格として、現場での信頼や受注時のアピール、社内の技能評価に活用できます。
c-6012,みそ製造の実務経験を重ね、上級技能者として評価されたい人。,,学科試験はみそ製造に関する出題範囲をテキストで押さえ、過去問を繰り返して知識を固めます。実技試験は作業課題を時間内に仕上げられるよう、手順を体に覚えさせるまで反復練習するのが基本です。,みそ製造の基礎知識を整理する|学科の過去問で頻出を押さえる|実技の作業課題を一つずつ練習する|本番と同じ時間配分で通し練習する|仕上がりの精度を確認して弱点を直す,,国が定める検定に基づくみそ製造の技能の証明として、就職・転職や社内での評価・処遇に役立ちます。技能士の名称は本人の信頼にもつながります。
c-6013,みそ製造の中級レベルの技能を身につけ、仕事の幅を広げたい人。,,学科試験はみそ製造に関する出題範囲をテキストで押さえ、過去問を繰り返して知識を固めます。実技試験は作業課題を時間内に仕上げられるよう、手順を体に覚えさせるまで反復練習するのが基本です。,学科の出題範囲をテキストで一通り学ぶ|学科の過去問を繰り返し解く|実技課題の手順・段取りを覚える|時間内に課題を仕上げる練習を反復する|苦手な作業・論点を重点的に補強する,,国が定める検定に基づくみそ製造の技能の証明として、就職・転職や社内での評価・処遇に役立ちます。技能士の名称は本人の信頼にもつながります。
c-6014,酒造の高度な熟練技能を客観的に証明したい上級者。,,学科は酒造の専門知識や関係法規・安全衛生を問われるため過去問演習が中心になります。実技は出題される製作・作業課題を繰り返し練習し、精度と作業時間の両立をめざします。,学科の出題範囲をテキストで一通り学ぶ|学科の過去問を繰り返し解く|実技課題の手順・段取りを覚える|時間内に課題を仕上げる練習を反復する|苦手な作業・論点を重点的に補強する,,酒造の技能を客観的に裏づける国家資格として、現場での信頼や受注時のアピール、社内の技能評価に活用できます。
c-6015,酒造の実務に就いており、中級技能者としての裏づけが欲しい人。,,学科試験は酒造に関する出題範囲をテキストで押さえ、過去問を繰り返して知識を固めます。実技試験は作業課題を時間内に仕上げられるよう、手順を体に覚えさせるまで反復練習するのが基本です。,出題基準で範囲を確認する|学科の知識を問題演習で固める|実技課題の標準的な手順を習得する|時間を計って課題を反復練習する|細部の仕上げと安全作業を点検する,,国が定める検定に基づく酒造の技能の証明として、就職・転職や社内での評価・処遇に役立ちます。技能士の名称は本人の信頼にもつながります。
c-6101,染色の実務経験を重ね、上級技能者として評価されたい人。,,学科試験は染色に関する出題範囲をテキストで押さえ、過去問を繰り返して知識を固めます。実技試験は作業課題を時間内に仕上げられるよう、手順を体に覚えさせるまで反復練習するのが基本です。,染色の基礎知識を整理する|学科の過去問で頻出を押さえる|実技の作業課題を一つずつ練習する|本番と同じ時間配分で通し練習する|仕上がりの精度を確認して弱点を直す,,国が定める検定に基づく染色の技能の証明として、就職・転職や社内での評価・処遇に役立ちます。技能士の名称は本人の信頼にもつながります。
c-6102,染色の基本作業を一通りこなせるようになり、技能を証明したい人。,,学科は染色の専門知識や関係法規・安全衛生を問われるため過去問演習が中心になります。実技は出題される製作・作業課題を繰り返し練習し、精度と作業時間の両立をめざします。,染色の基礎知識を整理する|学科の過去問で頻出を押さえる|実技の作業課題を一つずつ練習する|本番と同じ時間配分で通し練習する|仕上がりの精度を確認して弱点を直す,,染色の技能を客観的に裏づける国家資格として、現場での信頼や受注時のアピール、社内の技能評価に活用できます。
c-6103,ニット製品製造の実務経験を重ね、上級技能者として評価されたい人。,,まず学科でニット製品製造の基礎理論と頻出論点を押さえ、過去問で出題傾向に慣れます。実技は課題の段取りと作業手順を固め、本番と同じ条件で繰り返し練習することが合格の近道です。,ニット製品製造の基礎知識を整理する|学科の過去問で頻出を押さえる|実技の作業課題を一つずつ練習する|本番と同じ時間配分で通し練習する|仕上がりの精度を確認して弱点を直す,,ニット製品製造分野で身につけた技能の公的な証明になり、就職活動や昇給・昇格、独立時の信用づくりに役立ちます。
c-6104,ニット製品製造の実務に就いており、中級技能者としての裏づけが欲しい人。,,まず学科でニット製品製造の基礎理論と頻出論点を押さえ、過去問で出題傾向に慣れます。実技は課題の段取りと作業手順を固め、本番と同じ条件で繰り返し練習することが合格の近道です。,出題基準で範囲を確認する|学科の知識を問題演習で固める|実技課題の標準的な手順を習得する|時間を計って課題を反復練習する|細部の仕上げと安全作業を点検する,,ニット製品製造分野で身につけた技能の公的な証明になり、就職活動や昇給・昇格、独立時の信用づくりに役立ちます。
c-6105,婦人子供服製造の実務経験を積み、管理・監督者として現場をまとめたい人。,,学科試験は婦人子供服製造に関する出題範囲をテキストで押さえ、過去問を繰り返して知識を固めます。実技試験は作業課題を時間内に仕上げられるよう、手順を体に覚えさせるまで反復練習するのが基本です。,婦人子供服製造の基礎知識を整理する|学科の過去問で頻出を押さえる|実技の作業課題を一つずつ練習する|本番と同じ時間配分で通し練習する|仕上がりの精度を確認して弱点を直す,,工程管理や作業指導を担う立場の裏づけとなり、婦人子供服製造の現場で監督者としての信頼を得やすくなります。
c-6106,婦人子供服製造の実務経験を重ね、上級技能者として評価されたい人。,,学科試験は婦人子供服製造に関する出題範囲をテキストで押さえ、過去問を繰り返して知識を固めます。実技試験は作業課題を時間内に仕上げられるよう、手順を体に覚えさせるまで反復練習するのが基本です。,婦人子供服製造の基礎知識を整理する|学科の過去問で頻出を押さえる|実技の作業課題を一つずつ練習する|本番と同じ時間配分で通し練習する|仕上がりの精度を確認して弱点を直す,,国が定める検定に基づく婦人子供服製造の技能の証明として、就職・転職や社内での評価・処遇に役立ちます。技能士の名称は本人の信頼にもつながります。
c-6107,婦人子供服製造の基本作業を一通りこなせるようになり、技能を証明したい人。,,学科試験は婦人子供服製造に関する出題範囲をテキストで押さえ、過去問を繰り返して知識を固めます。実技試験は作業課題を時間内に仕上げられるよう、手順を体に覚えさせるまで反復練習するのが基本です。,婦人子供服製造の基礎知識を整理する|学科の過去問で頻出を押さえる|実技の作業課題を一つずつ練習する|本番と同じ時間配分で通し練習する|仕上がりの精度を確認して弱点を直す,,国が定める検定に基づく婦人子供服製造の技能の証明として、就職・転職や社内での評価・処遇に役立ちます。技能士の名称は本人の信頼にもつながります。
c-6108,紳士服製造の実務経験を積み、管理・監督者として現場をまとめたい人。,,学科試験は紳士服製造に関する出題範囲をテキストで押さえ、過去問を繰り返して知識を固めます。実技試験は作業課題を時間内に仕上げられるよう、手順を体に覚えさせるまで反復練習するのが基本です。,紳士服製造の基礎知識を整理する|学科の過去問で頻出を押さえる|実技の作業課題を一つずつ練習する|本番と同じ時間配分で通し練習する|仕上がりの精度を確認して弱点を直す,,工程管理や作業指導を担う立場の裏づけとなり、紳士服製造の現場で監督者としての信頼を得やすくなります。
c-6109,紳士服製造で一人前の技能を身につけ、さらに上の段階をめざす人。,,まず学科で紳士服製造の基礎理論と頻出論点を押さえ、過去問で出題傾向に慣れます。実技は課題の段取りと作業手順を固め、本番と同じ条件で繰り返し練習することが合格の近道です。,出題基準で範囲を確認する|学科の知識を問題演習で固める|実技課題の標準的な手順を習得する|時間を計って課題を反復練習する|細部の仕上げと安全作業を点検する,,紳士服製造分野で身につけた技能の公的な証明になり、就職活動や昇給・昇格、独立時の信用づくりに役立ちます。
c-6110,紳士服製造の中級レベルの技能を身につけ、仕事の幅を広げたい人。,,学科は紳士服製造の専門知識や関係法規・安全衛生を問われるため過去問演習が中心になります。実技は出題される製作・作業課題を繰り返し練習し、精度と作業時間の両立をめざします。,学科の出題範囲をテキストで一通り学ぶ|学科の過去問を繰り返し解く|実技課題の手順・段取りを覚える|時間内に課題を仕上げる練習を反復する|苦手な作業・論点を重点的に補強する,,紳士服製造の技能を客観的に裏づける国家資格として、現場での信頼や受注時のアピール、社内の技能評価に活用できます。
c-6111,和裁の高度な熟練技能を客観的に証明したい上級者。,,学科は和裁の専門知識や関係法規・安全衛生を問われるため過去問演習が中心になります。実技は出題される製作・作業課題を繰り返し練習し、精度と作業時間の両立をめざします。,学科の出題範囲をテキストで一通り学ぶ|学科の過去問を繰り返し解く|実技課題の手順・段取りを覚える|時間内に課題を仕上げる練習を反復する|苦手な作業・論点を重点的に補強する,,和裁の技能を客観的に裏づける国家資格として、現場での信頼や受注時のアピール、社内の技能評価に活用できます。
c-6112,和裁の基本作業を一通りこなせるようになり、技能を証明したい人。,,学科試験は和裁に関する出題範囲をテキストで押さえ、過去問を繰り返して知識を固めます。実技試験は作業課題を時間内に仕上げられるよう、手順を体に覚えさせるまで反復練習するのが基本です。,和裁の基礎知識を整理する|学科の過去問で頻出を押さえる|実技の作業課題を一つずつ練習する|本番と同じ時間配分で通し練習する|仕上がりの精度を確認して弱点を直す,,国が定める検定に基づく和裁の技能の証明として、就職・転職や社内での評価・処遇に役立ちます。技能士の名称は本人の信頼にもつながります。
c-6113,和裁を学び始めた段階で、基礎技能を形にしたい人。,,学科は和裁の専門知識や関係法規・安全衛生を問われるため過去問演習が中心になります。実技は出題される製作・作業課題を繰り返し練習し、精度と作業時間の両立をめざします。,和裁の基礎知識を整理する|学科の過去問で頻出を押さえる|実技の作業課題を一つずつ練習する|本番と同じ時間配分で通し練習する|仕上がりの精度を確認して弱点を直す,,和裁の技能を客観的に裏づける国家資格として、現場での信頼や受注時のアピール、社内の技能評価に活用できます。
c-6114,布はく縫製の実務経験を重ね、上級技能者として評価されたい人。,,学科は布はく縫製の専門知識や関係法規・安全衛生を問われるため過去問演習が中心になります。実技は出題される製作・作業課題を繰り返し練習し、精度と作業時間の両立をめざします。,布はく縫製の基礎知識を整理する|学科の過去問で頻出を押さえる|実技の作業課題を一つずつ練習する|本番と同じ時間配分で通し練習する|仕上がりの精度を確認して弱点を直す,,布はく縫製の技能を客観的に裏づける国家資格として、現場での信頼や受注時のアピール、社内の技能評価に活用できます。
c-6115,布はく縫製の中級レベルの技能を身につけ、仕事の幅を広げたい人。,,まず学科で布はく縫製の基礎理論と頻出論点を押さえ、過去問で出題傾向に慣れます。実技は課題の段取りと作業手順を固め、本番と同じ条件で繰り返し練習することが合格の近道です。,学科の出題範囲をテキストで一通り学ぶ|学科の過去問を繰り返し解く|実技課題の手順・段取りを覚える|時間内に課題を仕上げる練習を反復する|苦手な作業・論点を重点的に補強する,,布はく縫製分野で身につけた技能の公的な証明になり、就職活動や昇給・昇格、独立時の信用づくりに役立ちます。
c-6116,寝具製作で一人前の技能を身につけ、さらに上の段階をめざす人。,,学科は寝具製作の専門知識や関係法規・安全衛生を問われるため過去問演習が中心になります。実技は出題される製作・作業課題を繰り返し練習し、精度と作業時間の両立をめざします。,出題基準で範囲を確認する|学科の知識を問題演習で固める|実技課題の標準的な手順を習得する|時間を計って課題を反復練習する|細部の仕上げと安全作業を点検する,,寝具製作の技能を客観的に裏づける国家資格として、現場での信頼や受注時のアピール、社内の技能評価に活用できます。
c-6117,寝具製作の中級レベルの技能を身につけ、仕事の幅を広げたい人。,,まず学科で寝具製作の基礎理論と頻出論点を押さえ、過去問で出題傾向に慣れます。実技は課題の段取りと作業手順を固め、本番と同じ条件で繰り返し練習することが合格の近道です。,学科の出題範囲をテキストで一通り学ぶ|学科の過去問を繰り返し解く|実技課題の手順・段取りを覚える|時間内に課題を仕上げる練習を反復する|苦手な作業・論点を重点的に補強する,,寝具製作分野で身につけた技能の公的な証明になり、就職活動や昇給・昇格、独立時の信用づくりに役立ちます。
c-6118,帆布製品製造の高度な熟練技能を客観的に証明したい上級者。,,学科は帆布製品製造の専門知識や関係法規・安全衛生を問われるため過去問演習が中心になります。実技は出題される製作・作業課題を繰り返し練習し、精度と作業時間の両立をめざします。,学科の出題範囲をテキストで一通り学ぶ|学科の過去問を繰り返し解く|実技課題の手順・段取りを覚える|時間内に課題を仕上げる練習を反復する|苦手な作業・論点を重点的に補強する,,帆布製品製造の技能を客観的に裏づける国家資格として、現場での信頼や受注時のアピール、社内の技能評価に活用できます。
c-6119,帆布製品製造の基本作業を一通りこなせるようになり、技能を証明したい人。,,学科試験は帆布製品製造に関する出題範囲をテキストで押さえ、過去問を繰り返して知識を固めます。実技試験は作業課題を時間内に仕上げられるよう、手順を体に覚えさせるまで反復練習するのが基本です。,帆布製品製造の基礎知識を整理する|学科の過去問で頻出を押さえる|実技の作業課題を一つずつ練習する|本番と同じ時間配分で通し練習する|仕上がりの精度を確認して弱点を直す,,国が定める検定に基づく帆布製品製造の技能の証明として、就職・転職や社内での評価・処遇に役立ちます。技能士の名称は本人の信頼にもつながります。
c-6202,機械木工の高度な熟練技能を客観的に証明したい上級者。,,学科試験は機械木工に関する出題範囲をテキストで押さえ、過去問を繰り返して知識を固めます。実技試験は作業課題を時間内に仕上げられるよう、手順を体に覚えさせるまで反復練習するのが基本です。,学科の出題範囲をテキストで一通り学ぶ|学科の過去問を繰り返し解く|実技課題の手順・段取りを覚える|時間内に課題を仕上げる練習を反復する|苦手な作業・論点を重点的に補強する,,国が定める検定に基づく機械木工の技能の証明として、就職・転職や社内での評価・処遇に役立ちます。技能士の名称は本人の信頼にもつながります。
c-6203,機械木工の実務に就いており、中級技能者としての裏づけが欲しい人。,,まず学科で機械木工の基礎理論と頻出論点を押さえ、過去問で出題傾向に慣れます。実技は課題の段取りと作業手順を固め、本番と同じ条件で繰り返し練習することが合格の近道です。,出題基準で範囲を確認する|学科の知識を問題演習で固める|実技課題の標準的な手順を習得する|時間を計って課題を反復練習する|細部の仕上げと安全作業を点検する,,機械木工分野で身につけた技能の公的な証明になり、就職活動や昇給・昇格、独立時の信用づくりに役立ちます。
c-6206,家具製作で一人前の技能を身につけ、さらに上の段階をめざす人。,,学科試験は家具製作に関する出題範囲をテキストで押さえ、過去問を繰り返して知識を固めます。実技試験は作業課題を時間内に仕上げられるよう、手順を体に覚えさせるまで反復練習するのが基本です。,出題基準で範囲を確認する|学科の知識を問題演習で固める|実技課題の標準的な手順を習得する|時間を計って課題を反復練習する|細部の仕上げと安全作業を点検する,,国が定める検定に基づく家具製作の技能の証明として、就職・転職や社内での評価・処遇に役立ちます。技能士の名称は本人の信頼にもつながります。
c-6207,家具製作の実務に就いており、中級技能者としての裏づけが欲しい人。,,学科は家具製作の専門知識や関係法規・安全衛生を問われるため過去問演習が中心になります。実技は出題される製作・作業課題を繰り返し練習し、精度と作業時間の両立をめざします。,出題基準で範囲を確認する|学科の知識を問題演習で固める|実技課題の標準的な手順を習得する|時間を計って課題を反復練習する|細部の仕上げと安全作業を点検する,,家具製作の技能を客観的に裏づける国家資格として、現場での信頼や受注時のアピール、社内の技能評価に活用できます。
c-6208,建具製作で一人前の技能を身につけ、さらに上の段階をめざす人。,,まず学科で建具製作の基礎理論と頻出論点を押さえ、過去問で出題傾向に慣れます。実技は課題の段取りと作業手順を固め、本番と同じ条件で繰り返し練習することが合格の近道です。,出題基準で範囲を確認する|学科の知識を問題演習で固める|実技課題の標準的な手順を習得する|時間を計って課題を反復練習する|細部の仕上げと安全作業を点検する,,建具製作分野で身につけた技能の公的な証明になり、就職活動や昇給・昇格、独立時の信用づくりに役立ちます。
c-6209,建具製作の実務に就いており、中級技能者としての裏づけが欲しい人。,,学科は建具製作の専門知識や関係法規・安全衛生を問われるため過去問演習が中心になります。実技は出題される製作・作業課題を繰り返し練習し、精度と作業時間の両立をめざします。,出題基準で範囲を確認する|学科の知識を問題演習で固める|実技課題の標準的な手順を習得する|時間を計って課題を反復練習する|細部の仕上げと安全作業を点検する,,建具製作の技能を客観的に裏づける国家資格として、現場での信頼や受注時のアピール、社内の技能評価に活用できます。
c-6212,紙器・段ボール箱製造で一人前の技能を身につけ、さらに上の段階をめざす人。,,学科試験は紙器・段ボール箱製造に関する出題範囲をテキストで押さえ、過去問を繰り返して知識を固めます。実技試験は作業課題を時間内に仕上げられるよう、手順を体に覚えさせるまで反復練習するのが基本です。,出題基準で範囲を確認する|学科の知識を問題演習で固める|実技課題の標準的な手順を習得する|時間を計って課題を反復練習する|細部の仕上げと安全作業を点検する,,国が定める検定に基づく紙器・段ボール箱製造の技能の証明として、就職・転職や社内での評価・処遇に役立ちます。技能士の名称は本人の信頼にもつながります。
c-6213,紙器・段ボール箱製造の実務に就いており、中級技能者としての裏づけが欲しい人。,,学科試験は紙器・段ボール箱製造に関する出題範囲をテキストで押さえ、過去問を繰り返して知識を固めます。実技試験は作業課題を時間内に仕上げられるよう、手順を体に覚えさせるまで反復練習するのが基本です。,出題基準で範囲を確認する|学科の知識を問題演習で固める|実技課題の標準的な手順を習得する|時間を計って課題を反復練習する|細部の仕上げと安全作業を点検する,,国が定める検定に基づく紙器・段ボール箱製造の技能の証明として、就職・転職や社内での評価・処遇に役立ちます。技能士の名称は本人の信頼にもつながります。
c-6214,畳製作の高度な熟練技能を客観的に証明したい上級者。,,学科試験は畳製作に関する出題範囲をテキストで押さえ、過去問を繰り返して知識を固めます。実技試験は作業課題を時間内に仕上げられるよう、手順を体に覚えさせるまで反復練習するのが基本です。,学科の出題範囲をテキストで一通り学ぶ|学科の過去問を繰り返し解く|実技課題の手順・段取りを覚える|時間内に課題を仕上げる練習を反復する|苦手な作業・論点を重点的に補強する,,国が定める検定に基づく畳製作の技能の証明として、就職・転職や社内での評価・処遇に役立ちます。技能士の名称は本人の信頼にもつながります。
c-6215,畳製作の基本作業を一通りこなせるようになり、技能を証明したい人。,,学科は畳製作の専門知識や関係法規・安全衛生を問われるため過去問演習が中心になります。実技は出題される製作・作業課題を繰り返し練習し、精度と作業時間の両立をめざします。,畳製作の基礎知識を整理する|学科の過去問で頻出を押さえる|実技の作業課題を一つずつ練習する|本番と同じ時間配分で通し練習する|仕上がりの精度を確認して弱点を直す,,畳製作の技能を客観的に裏づける国家資格として、現場での信頼や受注時のアピール、社内の技能評価に活用できます。
c-6303,印刷の高度な熟練技能を客観的に証明したい上級者。,,学科は印刷の専門知識や関係法規・安全衛生を問われるため過去問演習が中心になります。実技は出題される製作・作業課題を繰り返し練習し、精度と作業時間の両立をめざします。,学科の出題範囲をテキストで一通り学ぶ|学科の過去問を繰り返し解く|実技課題の手順・段取りを覚える|時間内に課題を仕上げる練習を反復する|苦手な作業・論点を重点的に補強する,,印刷の技能を客観的に裏づける国家資格として、現場での信頼や受注時のアピール、社内の技能評価に活用できます。
c-6304,印刷の中級レベルの技能を身につけ、仕事の幅を広げたい人。,,まず学科で印刷の基礎理論と頻出論点を押さえ、過去問で出題傾向に慣れます。実技は課題の段取りと作業手順を固め、本番と同じ条件で繰り返し練習することが合格の近道です。,学科の出題範囲をテキストで一通り学ぶ|学科の過去問を繰り返し解く|実技課題の手順・段取りを覚える|時間内に課題を仕上げる練習を反復する|苦手な作業・論点を重点的に補強する,,印刷分野で身につけた技能の公的な証明になり、就職活動や昇給・昇格、独立時の信用づくりに役立ちます。
c-6305,製本で一人前の技能を身につけ、さらに上の段階をめざす人。,,学科試験は製本に関する出題範囲をテキストで押さえ、過去問を繰り返して知識を固めます。実技試験は作業課題を時間内に仕上げられるよう、手順を体に覚えさせるまで反復練習するのが基本です。,出題基準で範囲を確認する|学科の知識を問題演習で固める|実技課題の標準的な手順を習得する|時間を計って課題を反復練習する|細部の仕上げと安全作業を点検する,,国が定める検定に基づく製本の技能の証明として、就職・転職や社内での評価・処遇に役立ちます。技能士の名称は本人の信頼にもつながります。
c-6306,製本の実務に就いており、中級技能者としての裏づけが欲しい人。,,まず学科で製本の基礎理論と頻出論点を押さえ、過去問で出題傾向に慣れます。実技は課題の段取りと作業手順を固め、本番と同じ条件で繰り返し練習することが合格の近道です。,出題基準で範囲を確認する|学科の知識を問題演習で固める|実技課題の標準的な手順を習得する|時間を計って課題を反復練習する|細部の仕上げと安全作業を点検する,,製本分野で身につけた技能の公的な証明になり、就職活動や昇給・昇格、独立時の信用づくりに役立ちます。
c-6401,プラスチック成形の実務経験を積み、管理・監督者として現場をまとめたい人。,,まず学科でプラスチック成形の基礎理論と頻出論点を押さえ、過去問で出題傾向に慣れます。実技は課題の段取りと作業手順を固め、本番と同じ条件で繰り返し練習することが合格の近道です。,プラスチック成形の基礎知識を整理する|学科の過去問で頻出を押さえる|実技の作業課題を一つずつ練習する|本番と同じ時間配分で通し練習する|仕上がりの精度を確認して弱点を直す,,工程管理や作業指導を担う立場の裏づけとなり、プラスチック成形の現場で監督者としての信頼を得やすくなります。
c-6402,プラスチック成形で一人前の技能を身につけ、さらに上の段階をめざす人。,,学科はプラスチック成形の専門知識や関係法規・安全衛生を問われるため過去問演習が中心になります。実技は出題される製作・作業課題を繰り返し練習し、精度と作業時間の両立をめざします。,出題基準で範囲を確認する|学科の知識を問題演習で固める|実技課題の標準的な手順を習得する|時間を計って課題を反復練習する|細部の仕上げと安全作業を点検する,,プラスチック成形の技能を客観的に裏づける国家資格として、現場での信頼や受注時のアピール、社内の技能評価に活用できます。
c-6403,プラスチック成形の実務に就いており、中級技能者としての裏づけが欲しい人。,,まず学科でプラスチック成形の基礎理論と頻出論点を押さえ、過去問で出題傾向に慣れます。実技は課題の段取りと作業手順を固め、本番と同じ条件で繰り返し練習することが合格の近道です。,出題基準で範囲を確認する|学科の知識を問題演習で固める|実技課題の標準的な手順を習得する|時間を計って課題を反復練習する|細部の仕上げと安全作業を点検する,,プラスチック成形分野で身につけた技能の公的な証明になり、就職活動や昇給・昇格、独立時の信用づくりに役立ちます。
c-6404,プラスチック成形を学び始めた段階で、基礎技能を形にしたい人。,,まず学科でプラスチック成形の基礎理論と頻出論点を押さえ、過去問で出題傾向に慣れます。実技は課題の段取りと作業手順を固め、本番と同じ条件で繰り返し練習することが合格の近道です。,プラスチック成形の基礎知識を整理する|学科の過去問で頻出を押さえる|実技の作業課題を一つずつ練習する|本番と同じ時間配分で通し練習する|仕上がりの精度を確認して弱点を直す,,プラスチック成形分野で身につけた技能の公的な証明になり、就職活動や昇給・昇格、独立時の信用づくりに役立ちます。
c-6405,強化プラスチック成形の高度な熟練技能を客観的に証明したい上級者。,,学科試験は強化プラスチック成形に関する出題範囲をテキストで押さえ、過去問を繰り返して知識を固めます。実技試験は作業課題を時間内に仕上げられるよう、手順を体に覚えさせるまで反復練習するのが基本です。,学科の出題範囲をテキストで一通り学ぶ|学科の過去問を繰り返し解く|実技課題の手順・段取りを覚える|時間内に課題を仕上げる練習を反復する|苦手な作業・論点を重点的に補強する,,国が定める検定に基づく強化プラスチック成形の技能の証明として、就職・転職や社内での評価・処遇に役立ちます。技能士の名称は本人の信頼にもつながります。
c-6406,強化プラスチック成形の基本作業を一通りこなせるようになり、技能を証明したい人。,,まず学科で強化プラスチック成形の基礎理論と頻出論点を押さえ、過去問で出題傾向に慣れます。実技は課題の段取りと作業手順を固め、本番と同じ条件で繰り返し練習することが合格の近道です。,強化プラスチック成形の基礎知識を整理する|学科の過去問で頻出を押さえる|実技の作業課題を一つずつ練習する|本番と同じ時間配分で通し練習する|仕上がりの精度を確認して弱点を直す,,強化プラスチック成形分野で身につけた技能の公的な証明になり、就職活動や昇給・昇格、独立時の信用づくりに役立ちます。
c-6503,貴金属装身具製作で一人前の技能を身につけ、さらに上の段階をめざす人。,,学科は貴金属装身具製作の専門知識や関係法規・安全衛生を問われるため過去問演習が中心になります。実技は出題される製作・作業課題を繰り返し練習し、精度と作業時間の両立をめざします。,出題基準で範囲を確認する|学科の知識を問題演習で固める|実技課題の標準的な手順を習得する|時間を計って課題を反復練習する|細部の仕上げと安全作業を点検する,,貴金属装身具製作の技能を客観的に裏づける国家資格として、現場での信頼や受注時のアピール、社内の技能評価に活用できます。
c-6504,貴金属装身具製作の中級レベルの技能を身につけ、仕事の幅を広げたい人。,,学科試験は貴金属装身具製作に関する出題範囲をテキストで押さえ、過去問を繰り返して知識を固めます。実技試験は作業課題を時間内に仕上げられるよう、手順を体に覚えさせるまで反復練習するのが基本です。,学科の出題範囲をテキストで一通り学ぶ|学科の過去問を繰り返し解く|実技課題の手順・段取りを覚える|時間内に課題を仕上げる練習を反復する|苦手な作業・論点を重点的に補強する,,国が定める検定に基づく貴金属装身具製作の技能の証明として、就職・転職や社内での評価・処遇に役立ちます。技能士の名称は本人の信頼にもつながります。
c-6507,印章彫刻の実務経験を重ね、上級技能者として評価されたい人。,,学科は印章彫刻の専門知識や関係法規・安全衛生を問われるため過去問演習が中心になります。実技は出題される製作・作業課題を繰り返し練習し、精度と作業時間の両立をめざします。,印章彫刻の基礎知識を整理する|学科の過去問で頻出を押さえる|実技の作業課題を一つずつ練習する|本番と同じ時間配分で通し練習する|仕上がりの精度を確認して弱点を直す,,印章彫刻の技能を客観的に裏づける国家資格として、現場での信頼や受注時のアピール、社内の技能評価に活用できます。
c-6508,印章彫刻の実務に就いており、中級技能者としての裏づけが欲しい人。,,学科試験は印章彫刻に関する出題範囲をテキストで押さえ、過去問を繰り返して知識を固めます。実技試験は作業課題を時間内に仕上げられるよう、手順を体に覚えさせるまで反復練習するのが基本です。,出題基準で範囲を確認する|学科の知識を問題演習で固める|実技課題の標準的な手順を習得する|時間を計って課題を反復練習する|細部の仕上げと安全作業を点検する,,国が定める検定に基づく印章彫刻の技能の証明として、就職・転職や社内での評価・処遇に役立ちます。技能士の名称は本人の信頼にもつながります。
c-6509,義肢・装具製作で一人前の技能を身につけ、さらに上の段階をめざす人。,,学科は義肢・装具製作の専門知識や関係法規・安全衛生を問われるため過去問演習が中心になります。実技は出題される製作・作業課題を繰り返し練習し、精度と作業時間の両立をめざします。,出題基準で範囲を確認する|学科の知識を問題演習で固める|実技課題の標準的な手順を習得する|時間を計って課題を反復練習する|細部の仕上げと安全作業を点検する,,義肢・装具製作の技能を客観的に裏づける国家資格として、現場での信頼や受注時のアピール、社内の技能評価に活用できます。
c-6510,義肢・装具製作の中級レベルの技能を身につけ、仕事の幅を広げたい人。,,まず学科で義肢・装具製作の基礎理論と頻出論点を押さえ、過去問で出題傾向に慣れます。実技は課題の段取りと作業手順を固め、本番と同じ条件で繰り返し練習することが合格の近道です。,学科の出題範囲をテキストで一通り学ぶ|学科の過去問を繰り返し解く|実技課題の手順・段取りを覚える|時間内に課題を仕上げる練習を反復する|苦手な作業・論点を重点的に補強する,,義肢・装具製作分野で身につけた技能の公的な証明になり、就職活動や昇給・昇格、独立時の信用づくりに役立ちます。
c-6601,表装で一人前の技能を身につけ、さらに上の段階をめざす人。,,学科試験は表装に関する出題範囲をテキストで押さえ、過去問を繰り返して知識を固めます。実技試験は作業課題を時間内に仕上げられるよう、手順を体に覚えさせるまで反復練習するのが基本です。,出題基準で範囲を確認する|学科の知識を問題演習で固める|実技課題の標準的な手順を習得する|時間を計って課題を反復練習する|細部の仕上げと安全作業を点検する,,国が定める検定に基づく表装の技能の証明として、就職・転職や社内での評価・処遇に役立ちます。技能士の名称は本人の信頼にもつながります。
c-6602,表装の実務に就いており、中級技能者としての裏づけが欲しい人。,,学科試験は表装に関する出題範囲をテキストで押さえ、過去問を繰り返して知識を固めます。実技試験は作業課題を時間内に仕上げられるよう、手順を体に覚えさせるまで反復練習するのが基本です。,出題基準で範囲を確認する|学科の知識を問題演習で固める|実技課題の標準的な手順を習得する|時間を計って課題を反復練習する|細部の仕上げと安全作業を点検する,,国が定める検定に基づく表装の技能の証明として、就職・転職や社内での評価・処遇に役立ちます。技能士の名称は本人の信頼にもつながります。
c-6603,塗装で一人前の技能を身につけ、さらに上の段階をめざす人。,,学科は塗装の専門知識や関係法規・安全衛生を問われるため過去問演習が中心になります。実技は出題される製作・作業課題を繰り返し練習し、精度と作業時間の両立をめざします。,出題基準で範囲を確認する|学科の知識を問題演習で固める|実技課題の標準的な手順を習得する|時間を計って課題を反復練習する|細部の仕上げと安全作業を点検する,,塗装の技能を客観的に裏づける国家資格として、現場での信頼や受注時のアピール、社内の技能評価に活用できます。
c-6604,塗装の基本作業を一通りこなせるようになり、技能を証明したい人。,,まず学科で塗装の基礎理論と頻出論点を押さえ、過去問で出題傾向に慣れます。実技は課題の段取りと作業手順を固め、本番と同じ条件で繰り返し練習することが合格の近道です。,塗装の基礎知識を整理する|学科の過去問で頻出を押さえる|実技の作業課題を一つずつ練習する|本番と同じ時間配分で通し練習する|仕上がりの精度を確認して弱点を直す,,塗装分野で身につけた技能の公的な証明になり、就職活動や昇給・昇格、独立時の信用づくりに役立ちます。
c-6605,塗料調色の技能を身につけ、その実力を客観的に証明したい人。,,まず学科で塗料調色の基礎理論と頻出論点を押さえ、過去問で出題傾向に慣れます。実技は課題の段取りと作業手順を固め、本番と同じ条件で繰り返し練習することが合格の近道です。,学科の出題範囲をテキストで一通り学ぶ|学科の過去問を繰り返し解く|実技課題の手順・段取りを覚える|時間内に課題を仕上げる練習を反復する|苦手な作業・論点を重点的に補強する,,塗料調色分野で身につけた技能の公的な証明になり、就職活動や昇給・昇格、独立時の信用づくりに役立ちます。
c-6606,広告美術仕上げの実務経験を重ね、上級技能者として評価されたい人。,,まず学科で広告美術仕上げの基礎理論と頻出論点を押さえ、過去問で出題傾向に慣れます。実技は課題の段取りと作業手順を固め、本番と同じ条件で繰り返し練習することが合格の近道です。,広告美術仕上げの基礎知識を整理する|学科の過去問で頻出を押さえる|実技の作業課題を一つずつ練習する|本番と同じ時間配分で通し練習する|仕上がりの精度を確認して弱点を直す,,広告美術仕上げ分野で身につけた技能の公的な証明になり、就職活動や昇給・昇格、独立時の信用づくりに役立ちます。
c-6607,広告美術仕上げの基本作業を一通りこなせるようになり、技能を証明したい人。,,まず学科で広告美術仕上げの基礎理論と頻出論点を押さえ、過去問で出題傾向に慣れます。実技は課題の段取りと作業手順を固め、本番と同じ条件で繰り返し練習することが合格の近道です。,広告美術仕上げの基礎知識を整理する|学科の過去問で頻出を押さえる|実技の作業課題を一つずつ練習する|本番と同じ時間配分で通し練習する|仕上がりの精度を確認して弱点を直す,,広告美術仕上げ分野で身につけた技能の公的な証明になり、就職活動や昇給・昇格、独立時の信用づくりに役立ちます。
c-6608,広告美術仕上げを学び始めた段階で、基礎技能を形にしたい人。,,学科試験は広告美術仕上げに関する出題範囲をテキストで押さえ、過去問を繰り返して知識を固めます。実技試験は作業課題を時間内に仕上げられるよう、手順を体に覚えさせるまで反復練習するのが基本です。,広告美術仕上げの基礎知識を整理する|学科の過去問で頻出を押さえる|実技の作業課題を一つずつ練習する|本番と同じ時間配分で通し練習する|仕上がりの精度を確認して弱点を直す,,国が定める検定に基づく広告美術仕上げの技能の証明として、就職・転職や社内での評価・処遇に役立ちます。技能士の名称は本人の信頼にもつながります。
c-6609,写真の高度な熟練技能を客観的に証明したい上級者。,,まず学科で写真の基礎理論と頻出論点を押さえ、過去問で出題傾向に慣れます。実技は課題の段取りと作業手順を固め、本番と同じ条件で繰り返し練習することが合格の近道です。,学科の出題範囲をテキストで一通り学ぶ|学科の過去問を繰り返し解く|実技課題の手順・段取りを覚える|時間内に課題を仕上げる練習を反復する|苦手な作業・論点を重点的に補強する,,写真分野で身につけた技能の公的な証明になり、就職活動や昇給・昇格、独立時の信用づくりに役立ちます。
c-6610,写真の中級レベルの技能を身につけ、仕事の幅を広げたい人。,,まず学科で写真の基礎理論と頻出論点を押さえ、過去問で出題傾向に慣れます。実技は課題の段取りと作業手順を固め、本番と同じ条件で繰り返し練習することが合格の近道です。,学科の出題範囲をテキストで一通り学ぶ|学科の過去問を繰り返し解く|実技課題の手順・段取りを覚える|時間内に課題を仕上げる練習を反復する|苦手な作業・論点を重点的に補強する,,写真分野で身につけた技能の公的な証明になり、就職活動や昇給・昇格、独立時の信用づくりに役立ちます。
c-6611,これから写真の技能を身につけたい初級者・入門者。,,学科は写真の専門知識や関係法規・安全衛生を問われるため過去問演習が中心になります。実技は出題される製作・作業課題を繰り返し練習し、精度と作業時間の両立をめざします。,学科の出題範囲をテキストで一通り学ぶ|学科の過去問を繰り返し解く|実技課題の手順・段取りを覚える|時間内に課題を仕上げる練習を反復する|苦手な作業・論点を重点的に補強する,,写真の技能を客観的に裏づける国家資格として、現場での信頼や受注時のアピール、社内の技能評価に活用できます。
c-6625,テクニカルイラストレーションで一人前の技能を身につけ、さらに上の段階をめざす人。,,学科試験はテクニカルイラストレーションに関する出題範囲をテキストで押さえ、過去問を繰り返して知識を固めます。実技試験は作業課題を時間内に仕上げられるよう、手順を体に覚えさせるまで反復練習するのが基本です。,出題基準で範囲を確認する|学科の知識を問題演習で固める|実技課題の標準的な手順を習得する|時間を計って課題を反復練習する|細部の仕上げと安全作業を点検する,,国が定める検定に基づくテクニカルイラストレーションの技能の証明として、就職・転職や社内での評価・処遇に役立ちます。技能士の名称は本人の信頼にもつながります。
c-6626,テクニカルイラストレーションの実務に就いており、中級技能者としての裏づけが欲しい人。,,学科はテクニカルイラストレーションの専門知識や関係法規・安全衛生を問われるため過去問演習が中心になります。実技は出題される製作・作業課題を繰り返し練習し、精度と作業時間の両立をめざします。,出題基準で範囲を確認する|学科の知識を問題演習で固める|実技課題の標準的な手順を習得する|時間を計って課題を反復練習する|細部の仕上げと安全作業を点検する,,テクニカルイラストレーションの技能を客観的に裏づける国家資格として、現場での信頼や受注時のアピール、社内の技能評価に活用できます。
c-6627,テクニカルイラストレーションの基本を確認し、技能習得の第一歩を踏み出したい人。,,まず学科でテクニカルイラストレーションの基礎理論と頻出論点を押さえ、過去問で出題傾向に慣れます。実技は課題の段取りと作業手順を固め、本番と同じ条件で繰り返し練習することが合格の近道です。,出題基準で範囲を確認する|学科の知識を問題演習で固める|実技課題の標準的な手順を習得する|時間を計って課題を反復練習する|細部の仕上げと安全作業を点検する,,テクニカルイラストレーション分野で身につけた技能の公的な証明になり、就職活動や昇給・昇格、独立時の信用づくりに役立ちます。
c-6630,機械・プラント製図で一人前の技能を身につけ、さらに上の段階をめざす人。,,まず学科で機械・プラント製図の基礎理論と頻出論点を押さえ、過去問で出題傾向に慣れます。実技は課題の段取りと作業手順を固め、本番と同じ条件で繰り返し練習することが合格の近道です。,出題基準で範囲を確認する|学科の知識を問題演習で固める|実技課題の標準的な手順を習得する|時間を計って課題を反復練習する|細部の仕上げと安全作業を点検する,,機械・プラント製図分野で身につけた技能の公的な証明になり、就職活動や昇給・昇格、独立時の信用づくりに役立ちます。
c-6631,機械・プラント製図の基本作業を一通りこなせるようになり、技能を証明したい人。,,学科は機械・プラント製図の専門知識や関係法規・安全衛生を問われるため過去問演習が中心になります。実技は出題される製作・作業課題を繰り返し練習し、精度と作業時間の両立をめざします。,機械・プラント製図の基礎知識を整理する|学科の過去問で頻出を押さえる|実技の作業課題を一つずつ練習する|本番と同じ時間配分で通し練習する|仕上がりの精度を確認して弱点を直す,,機械・プラント製図の技能を客観的に裏づける国家資格として、現場での信頼や受注時のアピール、社内の技能評価に活用できます。
c-6632,電気製図の実務経験を重ね、上級技能者として評価されたい人。,,学科試験は電気製図に関する出題範囲をテキストで押さえ、過去問を繰り返して知識を固めます。実技試験は作業課題を時間内に仕上げられるよう、手順を体に覚えさせるまで反復練習するのが基本です。,電気製図の基礎知識を整理する|学科の過去問で頻出を押さえる|実技の作業課題を一つずつ練習する|本番と同じ時間配分で通し練習する|仕上がりの精度を確認して弱点を直す,,国が定める検定に基づく電気製図の技能の証明として、就職・転職や社内での評価・処遇に役立ちます。技能士の名称は本人の信頼にもつながります。
c-6633,電気製図の実務に就いており、中級技能者としての裏づけが欲しい人。,,学科試験は電気製図に関する出題範囲をテキストで押さえ、過去問を繰り返して知識を固めます。実技試験は作業課題を時間内に仕上げられるよう、手順を体に覚えさせるまで反復練習するのが基本です。,出題基準で範囲を確認する|学科の知識を問題演習で固める|実技課題の標準的な手順を習得する|時間を計って課題を反復練習する|細部の仕上げと安全作業を点検する,,国が定める検定に基づく電気製図の技能の証明として、就職・転職や社内での評価・処遇に役立ちます。技能士の名称は本人の信頼にもつながります。
c-6634,これから電気製図の技能を身につけたい初級者・入門者。,,学科は電気製図の専門知識や関係法規・安全衛生を問われるため過去問演習が中心になります。実技は出題される製作・作業課題を繰り返し練習し、精度と作業時間の両立をめざします。,学科の出題範囲をテキストで一通り学ぶ|学科の過去問を繰り返し解く|実技課題の手順・段取りを覚える|時間内に課題を仕上げる練習を反復する|苦手な作業・論点を重点的に補強する,,電気製図の技能を客観的に裏づける国家資格として、現場での信頼や受注時のアピール、社内の技能評価に活用できます。
c-6635,工業包装の高度な熟練技能を客観的に証明したい上級者。,,学科試験は工業包装に関する出題範囲をテキストで押さえ、過去問を繰り返して知識を固めます。実技試験は作業課題を時間内に仕上げられるよう、手順を体に覚えさせるまで反復練習するのが基本です。,学科の出題範囲をテキストで一通り学ぶ|学科の過去問を繰り返し解く|実技課題の手順・段取りを覚える|時間内に課題を仕上げる練習を反復する|苦手な作業・論点を重点的に補強する,,国が定める検定に基づく工業包装の技能の証明として、就職・転職や社内での評価・処遇に役立ちます。技能士の名称は本人の信頼にもつながります。
c-6636,工業包装の基本作業を一通りこなせるようになり、技能を証明したい人。,,まず学科で工業包装の基礎理論と頻出論点を押さえ、過去問で出題傾向に慣れます。実技は課題の段取りと作業手順を固め、本番と同じ条件で繰り返し練習することが合格の近道です。,工業包装の基礎知識を整理する|学科の過去問で頻出を押さえる|実技の作業課題を一つずつ練習する|本番と同じ時間配分で通し練習する|仕上がりの精度を確認して弱点を直す,,工業包装分野で身につけた技能の公的な証明になり、就職活動や昇給・昇格、独立時の信用づくりに役立ちます。
c-6812,情報配線施工の実務経験を重ね、上級技能者として評価されたい人。,,学科試験は情報配線施工に関する出題範囲をテキストで押さえ、過去問を繰り返して知識を固めます。実技試験は作業課題を時間内に仕上げられるよう、手順を体に覚えさせるまで反復練習するのが基本です。,情報配線施工の基礎知識を整理する|学科の過去問で頻出を押さえる|実技の作業課題を一つずつ練習する|本番と同じ時間配分で通し練習する|仕上がりの精度を確認して弱点を直す,,国が定める検定に基づく情報配線施工の技能の証明として、就職・転職や社内での評価・処遇に役立ちます。技能士の名称は本人の信頼にもつながります。
c-6813,情報配線施工の基本作業を一通りこなせるようになり、技能を証明したい人。,,学科試験は情報配線施工に関する出題範囲をテキストで押さえ、過去問を繰り返して知識を固めます。実技試験は作業課題を時間内に仕上げられるよう、手順を体に覚えさせるまで反復練習するのが基本です。,情報配線施工の基礎知識を整理する|学科の過去問で頻出を押さえる|実技の作業課題を一つずつ練習する|本番と同じ時間配分で通し練習する|仕上がりの精度を確認して弱点を直す,,国が定める検定に基づく情報配線施工の技能の証明として、就職・転職や社内での評価・処遇に役立ちます。技能士の名称は本人の信頼にもつながります。
c-6814,情報配線施工の基本を確認し、技能習得の第一歩を踏み出したい人。,,学科試験は情報配線施工に関する出題範囲をテキストで押さえ、過去問を繰り返して知識を固めます。実技試験は作業課題を時間内に仕上げられるよう、手順を体に覚えさせるまで反復練習するのが基本です。,出題基準で範囲を確認する|学科の知識を問題演習で固める|実技課題の標準的な手順を習得する|時間を計って課題を反復練習する|細部の仕上げと安全作業を点検する,,国が定める検定に基づく情報配線施工の技能の証明として、就職・転職や社内での評価・処遇に役立ちます。技能士の名称は本人の信頼にもつながります。
c-6908,さく井で一人前の技能を身につけ、さらに上の段階をめざす人。,,まず学科でさく井の基礎理論と頻出論点を押さえ、過去問で出題傾向に慣れます。実技は課題の段取りと作業手順を固め、本番と同じ条件で繰り返し練習することが合格の近道です。,出題基準で範囲を確認する|学科の知識を問題演習で固める|実技課題の標準的な手順を習得する|時間を計って課題を反復練習する|細部の仕上げと安全作業を点検する,,さく井分野で身につけた技能の公的な証明になり、就職活動や昇給・昇格、独立時の信用づくりに役立ちます。
c-6909,さく井の実務に就いており、中級技能者としての裏づけが欲しい人。,,まず学科でさく井の基礎理論と頻出論点を押さえ、過去問で出題傾向に慣れます。実技は課題の段取りと作業手順を固め、本番と同じ条件で繰り返し練習することが合格の近道です。,出題基準で範囲を確認する|学科の知識を問題演習で固める|実技課題の標準的な手順を習得する|時間を計って課題を反復練習する|細部の仕上げと安全作業を点検する,,さく井分野で身につけた技能の公的な証明になり、就職活動や昇給・昇格、独立時の信用づくりに役立ちます。
c-7001,建築大工で一人前の技能を身につけ、さらに上の段階をめざす人。,,学科は建築大工の専門知識や関係法規・安全衛生を問われるため過去問演習が中心になります。実技は出題される製作・作業課題を繰り返し練習し、精度と作業時間の両立をめざします。,出題基準で範囲を確認する|学科の知識を問題演習で固める|実技課題の標準的な手順を習得する|時間を計って課題を反復練習する|細部の仕上げと安全作業を点検する,,建築大工の技能を客観的に裏づける国家資格として、現場での信頼や受注時のアピール、社内の技能評価に活用できます。
c-7002,建築大工の基本作業を一通りこなせるようになり、技能を証明したい人。,,学科試験は建築大工に関する出題範囲をテキストで押さえ、過去問を繰り返して知識を固めます。実技試験は作業課題を時間内に仕上げられるよう、手順を体に覚えさせるまで反復練習するのが基本です。,建築大工の基礎知識を整理する|学科の過去問で頻出を押さえる|実技の作業課題を一つずつ練習する|本番と同じ時間配分で通し練習する|仕上がりの精度を確認して弱点を直す,,国が定める検定に基づく建築大工の技能の証明として、就職・転職や社内での評価・処遇に役立ちます。技能士の名称は本人の信頼にもつながります。
c-7004,枠組壁建築の技能を身につけ、その実力を客観的に証明したい人。,,学科は枠組壁建築の専門知識や関係法規・安全衛生を問われるため過去問演習が中心になります。実技は出題される製作・作業課題を繰り返し練習し、精度と作業時間の両立をめざします。,学科の出題範囲をテキストで一通り学ぶ|学科の過去問を繰り返し解く|実技課題の手順・段取りを覚える|時間内に課題を仕上げる練習を反復する|苦手な作業・論点を重点的に補強する,,枠組壁建築の技能を客観的に裏づける国家資格として、現場での信頼や受注時のアピール、社内の技能評価に活用できます。
c-7005,かわらぶきの高度な熟練技能を客観的に証明したい上級者。,,学科試験はかわらぶきに関する出題範囲をテキストで押さえ、過去問を繰り返して知識を固めます。実技試験は作業課題を時間内に仕上げられるよう、手順を体に覚えさせるまで反復練習するのが基本です。,学科の出題範囲をテキストで一通り学ぶ|学科の過去問を繰り返し解く|実技課題の手順・段取りを覚える|時間内に課題を仕上げる練習を反復する|苦手な作業・論点を重点的に補強する,,国が定める検定に基づくかわらぶきの技能の証明として、就職・転職や社内での評価・処遇に役立ちます。技能士の名称は本人の信頼にもつながります。
c-7006,かわらぶきの基本作業を一通りこなせるようになり、技能を証明したい人。,,学科はかわらぶきの専門知識や関係法規・安全衛生を問われるため過去問演習が中心になります。実技は出題される製作・作業課題を繰り返し練習し、精度と作業時間の両立をめざします。,かわらぶきの基礎知識を整理する|学科の過去問で頻出を押さえる|実技の作業課題を一つずつ練習する|本番と同じ時間配分で通し練習する|仕上がりの精度を確認して弱点を直す,,かわらぶきの技能を客観的に裏づける国家資格として、現場での信頼や受注時のアピール、社内の技能評価に活用できます。
c-7007,とびの実務経験を重ね、上級技能者として評価されたい人。,,学科はとびの専門知識や関係法規・安全衛生を問われるため過去問演習が中心になります。実技は出題される製作・作業課題を繰り返し練習し、精度と作業時間の両立をめざします。,とびの基礎知識を整理する|学科の過去問で頻出を押さえる|実技の作業課題を一つずつ練習する|本番と同じ時間配分で通し練習する|仕上がりの精度を確認して弱点を直す,,とびの技能を客観的に裏づける国家資格として、現場での信頼や受注時のアピール、社内の技能評価に活用できます。
c-7008,とびの基本作業を一通りこなせるようになり、技能を証明したい人。,,学科試験はとびに関する出題範囲をテキストで押さえ、過去問を繰り返して知識を固めます。実技試験は作業課題を時間内に仕上げられるよう、手順を体に覚えさせるまで反復練習するのが基本です。,とびの基礎知識を整理する|学科の過去問で頻出を押さえる|実技の作業課題を一つずつ練習する|本番と同じ時間配分で通し練習する|仕上がりの精度を確認して弱点を直す,,国が定める検定に基づくとびの技能の証明として、就職・転職や社内での評価・処遇に役立ちます。技能士の名称は本人の信頼にもつながります。
c-7009,とびの基本を確認し、技能習得の第一歩を踏み出したい人。,,学科はとびの専門知識や関係法規・安全衛生を問われるため過去問演習が中心になります。実技は出題される製作・作業課題を繰り返し練習し、精度と作業時間の両立をめざします。,出題基準で範囲を確認する|学科の知識を問題演習で固める|実技課題の標準的な手順を習得する|時間を計って課題を反復練習する|細部の仕上げと安全作業を点検する,,とびの技能を客観的に裏づける国家資格として、現場での信頼や受注時のアピール、社内の技能評価に活用できます。
c-7010,左官の高度な熟練技能を客観的に証明したい上級者。,,学科は左官の専門知識や関係法規・安全衛生を問われるため過去問演習が中心になります。実技は出題される製作・作業課題を繰り返し練習し、精度と作業時間の両立をめざします。,学科の出題範囲をテキストで一通り学ぶ|学科の過去問を繰り返し解く|実技課題の手順・段取りを覚える|時間内に課題を仕上げる練習を反復する|苦手な作業・論点を重点的に補強する,,左官の技能を客観的に裏づける国家資格として、現場での信頼や受注時のアピール、社内の技能評価に活用できます。
c-7011,左官の基本作業を一通りこなせるようになり、技能を証明したい人。,,学科試験は左官に関する出題範囲をテキストで押さえ、過去問を繰り返して知識を固めます。実技試験は作業課題を時間内に仕上げられるよう、手順を体に覚えさせるまで反復練習するのが基本です。,左官の基礎知識を整理する|学科の過去問で頻出を押さえる|実技の作業課題を一つずつ練習する|本番と同じ時間配分で通し練習する|仕上がりの精度を確認して弱点を直す,,国が定める検定に基づく左官の技能の証明として、就職・転職や社内での評価・処遇に役立ちます。技能士の名称は本人の信頼にもつながります。
c-7013,築炉の高度な熟練技能を客観的に証明したい上級者。,,学科は築炉の専門知識や関係法規・安全衛生を問われるため過去問演習が中心になります。実技は出題される製作・作業課題を繰り返し練習し、精度と作業時間の両立をめざします。,学科の出題範囲をテキストで一通り学ぶ|学科の過去問を繰り返し解く|実技課題の手順・段取りを覚える|時間内に課題を仕上げる練習を反復する|苦手な作業・論点を重点的に補強する,,築炉の技能を客観的に裏づける国家資格として、現場での信頼や受注時のアピール、社内の技能評価に活用できます。
c-7014,築炉の基本作業を一通りこなせるようになり、技能を証明したい人。,,学科試験は築炉に関する出題範囲をテキストで押さえ、過去問を繰り返して知識を固めます。実技試験は作業課題を時間内に仕上げられるよう、手順を体に覚えさせるまで反復練習するのが基本です。,築炉の基礎知識を整理する|学科の過去問で頻出を押さえる|実技の作業課題を一つずつ練習する|本番と同じ時間配分で通し練習する|仕上がりの精度を確認して弱点を直す,,国が定める検定に基づく築炉の技能の証明として、就職・転職や社内での評価・処遇に役立ちます。技能士の名称は本人の信頼にもつながります。
c-7015,ブロック建築で一人前の技能を身につけ、さらに上の段階をめざす人。,,学科試験はブロック建築に関する出題範囲をテキストで押さえ、過去問を繰り返して知識を固めます。実技試験は作業課題を時間内に仕上げられるよう、手順を体に覚えさせるまで反復練習するのが基本です。,出題基準で範囲を確認する|学科の知識を問題演習で固める|実技課題の標準的な手順を習得する|時間を計って課題を反復練習する|細部の仕上げと安全作業を点検する,,国が定める検定に基づくブロック建築の技能の証明として、就職・転職や社内での評価・処遇に役立ちます。技能士の名称は本人の信頼にもつながります。
c-7016,ブロック建築の基本作業を一通りこなせるようになり、技能を証明したい人。,,まず学科でブロック建築の基礎理論と頻出論点を押さえ、過去問で出題傾向に慣れます。実技は課題の段取りと作業手順を固め、本番と同じ条件で繰り返し練習することが合格の近道です。,ブロック建築の基礎知識を整理する|学科の過去問で頻出を押さえる|実技の作業課題を一つずつ練習する|本番と同じ時間配分で通し練習する|仕上がりの精度を確認して弱点を直す,,ブロック建築分野で身につけた技能の公的な証明になり、就職活動や昇給・昇格、独立時の信用づくりに役立ちます。
c-7017,エーエルシーパネル施工分野で専門技能を活かして働きたい人。,,学科試験はエーエルシーパネル施工に関する出題範囲をテキストで押さえ、過去問を繰り返して知識を固めます。実技試験は作業課題を時間内に仕上げられるよう、手順を体に覚えさせるまで反復練習するのが基本です。,出題基準で範囲を確認する|学科の知識を問題演習で固める|実技課題の標準的な手順を習得する|時間を計って課題を反復練習する|細部の仕上げと安全作業を点検する,,国が定める検定に基づくエーエルシーパネル施工の技能の証明として、就職・転職や社内での評価・処遇に役立ちます。技能士の名称は本人の信頼にもつながります。
c-7018,タイル張りの実務経験を重ね、上級技能者として評価されたい人。,,学科試験はタイル張りに関する出題範囲をテキストで押さえ、過去問を繰り返して知識を固めます。実技試験は作業課題を時間内に仕上げられるよう、手順を体に覚えさせるまで反復練習するのが基本です。,タイル張りの基礎知識を整理する|学科の過去問で頻出を押さえる|実技の作業課題を一つずつ練習する|本番と同じ時間配分で通し練習する|仕上がりの精度を確認して弱点を直す,,国が定める検定に基づくタイル張りの技能の証明として、就職・転職や社内での評価・処遇に役立ちます。技能士の名称は本人の信頼にもつながります。
c-7019,タイル張りの中級レベルの技能を身につけ、仕事の幅を広げたい人。,,まず学科でタイル張りの基礎理論と頻出論点を押さえ、過去問で出題傾向に慣れます。実技は課題の段取りと作業手順を固め、本番と同じ条件で繰り返し練習することが合格の近道です。,学科の出題範囲をテキストで一通り学ぶ|学科の過去問を繰り返し解く|実技課題の手順・段取りを覚える|時間内に課題を仕上げる練習を反復する|苦手な作業・論点を重点的に補強する,,タイル張り分野で身につけた技能の公的な証明になり、就職活動や昇給・昇格、独立時の信用づくりに役立ちます。
c-7020,型枠施工で一人前の技能を身につけ、さらに上の段階をめざす人。,,まず学科で型枠施工の基礎理論と頻出論点を押さえ、過去問で出題傾向に慣れます。実技は課題の段取りと作業手順を固め、本番と同じ条件で繰り返し練習することが合格の近道です。,出題基準で範囲を確認する|学科の知識を問題演習で固める|実技課題の標準的な手順を習得する|時間を計って課題を反復練習する|細部の仕上げと安全作業を点検する,,型枠施工分野で身につけた技能の公的な証明になり、就職活動や昇給・昇格、独立時の信用づくりに役立ちます。
c-7021,型枠施工の実務に就いており、中級技能者としての裏づけが欲しい人。,,まず学科で型枠施工の基礎理論と頻出論点を押さえ、過去問で出題傾向に慣れます。実技は課題の段取りと作業手順を固め、本番と同じ条件で繰り返し練習することが合格の近道です。,出題基準で範囲を確認する|学科の知識を問題演習で固める|実技課題の標準的な手順を習得する|時間を計って課題を反復練習する|細部の仕上げと安全作業を点検する,,型枠施工分野で身につけた技能の公的な証明になり、就職活動や昇給・昇格、独立時の信用づくりに役立ちます。
c-7023,鉄筋施工の実務経験を重ね、上級技能者として評価されたい人。,,学科試験は鉄筋施工に関する出題範囲をテキストで押さえ、過去問を繰り返して知識を固めます。実技試験は作業課題を時間内に仕上げられるよう、手順を体に覚えさせるまで反復練習するのが基本です。,鉄筋施工の基礎知識を整理する|学科の過去問で頻出を押さえる|実技の作業課題を一つずつ練習する|本番と同じ時間配分で通し練習する|仕上がりの精度を確認して弱点を直す,,国が定める検定に基づく鉄筋施工の技能の証明として、就職・転職や社内での評価・処遇に役立ちます。技能士の名称は本人の信頼にもつながります。
c-7024,鉄筋施工の基本作業を一通りこなせるようになり、技能を証明したい人。,,学科は鉄筋施工の専門知識や関係法規・安全衛生を問われるため過去問演習が中心になります。実技は出題される製作・作業課題を繰り返し練習し、精度と作業時間の両立をめざします。,鉄筋施工の基礎知識を整理する|学科の過去問で頻出を押さえる|実技の作業課題を一つずつ練習する|本番と同じ時間配分で通し練習する|仕上がりの精度を確認して弱点を直す,,鉄筋施工の技能を客観的に裏づける国家資格として、現場での信頼や受注時のアピール、社内の技能評価に活用できます。
c-7103,冷凍空気調和機器施工の実務経験を重ね、上級技能者として評価されたい人。,,学科試験は冷凍空気調和機器施工に関する出題範囲をテキストで押さえ、過去問を繰り返して知識を固めます。実技試験は作業課題を時間内に仕上げられるよう、手順を体に覚えさせるまで反復練習するのが基本です。,冷凍空気調和機器施工の基礎知識を整理する|学科の過去問で頻出を押さえる|実技の作業課題を一つずつ練習する|本番と同じ時間配分で通し練習する|仕上がりの精度を確認して弱点を直す,,国が定める検定に基づく冷凍空気調和機器施工の技能の証明として、就職・転職や社内での評価・処遇に役立ちます。技能士の名称は本人の信頼にもつながります。
c-7104,冷凍空気調和機器施工の実務に就いており、中級技能者としての裏づけが欲しい人。,,まず学科で冷凍空気調和機器施工の基礎理論と頻出論点を押さえ、過去問で出題傾向に慣れます。実技は課題の段取りと作業手順を固め、本番と同じ条件で繰り返し練習することが合格の近道です。,出題基準で範囲を確認する|学科の知識を問題演習で固める|実技課題の標準的な手順を習得する|時間を計って課題を反復練習する|細部の仕上げと安全作業を点検する,,冷凍空気調和機器施工分野で身につけた技能の公的な証明になり、就職活動や昇給・昇格、独立時の信用づくりに役立ちます。
c-7107,配管で一人前の技能を身につけ、さらに上の段階をめざす人。,,学科試験は配管に関する出題範囲をテキストで押さえ、過去問を繰り返して知識を固めます。実技試験は作業課題を時間内に仕上げられるよう、手順を体に覚えさせるまで反復練習するのが基本です。,出題基準で範囲を確認する|学科の知識を問題演習で固める|実技課題の標準的な手順を習得する|時間を計って課題を反復練習する|細部の仕上げと安全作業を点検する,,国が定める検定に基づく配管の技能の証明として、就職・転職や社内での評価・処遇に役立ちます。技能士の名称は本人の信頼にもつながります。
c-7108,配管の中級レベルの技能を身につけ、仕事の幅を広げたい人。,,学科試験は配管に関する出題範囲をテキストで押さえ、過去問を繰り返して知識を固めます。実技試験は作業課題を時間内に仕上げられるよう、手順を体に覚えさせるまで反復練習するのが基本です。,学科の出題範囲をテキストで一通り学ぶ|学科の過去問を繰り返し解く|実技課題の手順・段取りを覚える|時間内に課題を仕上げる練習を反復する|苦手な作業・論点を重点的に補強する,,国が定める検定に基づく配管の技能の証明として、就職・転職や社内での評価・処遇に役立ちます。技能士の名称は本人の信頼にもつながります。
c-7109,配管を学び始めた段階で、基礎技能を形にしたい人。,,学科試験は配管に関する出題範囲をテキストで押さえ、過去問を繰り返して知識を固めます。実技試験は作業課題を時間内に仕上げられるよう、手順を体に覚えさせるまで反復練習するのが基本です。,配管の基礎知識を整理する|学科の過去問で頻出を押さえる|実技の作業課題を一つずつ練習する|本番と同じ時間配分で通し練習する|仕上がりの精度を確認して弱点を直す,,国が定める検定に基づく配管の技能の証明として、就職・転職や社内での評価・処遇に役立ちます。技能士の名称は本人の信頼にもつながります。
c-7113,厨房設備施工で一人前の技能を身につけ、さらに上の段階をめざす人。,,まず学科で厨房設備施工の基礎理論と頻出論点を押さえ、過去問で出題傾向に慣れます。実技は課題の段取りと作業手順を固め、本番と同じ条件で繰り返し練習することが合格の近道です。,出題基準で範囲を確認する|学科の知識を問題演習で固める|実技課題の標準的な手順を習得する|時間を計って課題を反復練習する|細部の仕上げと安全作業を点検する,,厨房設備施工分野で身につけた技能の公的な証明になり、就職活動や昇給・昇格、独立時の信用づくりに役立ちます。
c-7114,厨房設備施工の中級レベルの技能を身につけ、仕事の幅を広げたい人。,,学科試験は厨房設備施工に関する出題範囲をテキストで押さえ、過去問を繰り返して知識を固めます。実技試験は作業課題を時間内に仕上げられるよう、手順を体に覚えさせるまで反復練習するのが基本です。,学科の出題範囲をテキストで一通り学ぶ|学科の過去問を繰り返し解く|実技課題の手順・段取りを覚える|時間内に課題を仕上げる練習を反復する|苦手な作業・論点を重点的に補強する,,国が定める検定に基づく厨房設備施工の技能の証明として、就職・転職や社内での評価・処遇に役立ちます。技能士の名称は本人の信頼にもつながります。
c-7115,内装仕上げ施工の実務経験を重ね、上級技能者として評価されたい人。,,学科は内装仕上げ施工の専門知識や関係法規・安全衛生を問われるため過去問演習が中心になります。実技は出題される製作・作業課題を繰り返し練習し、精度と作業時間の両立をめざします。,内装仕上げ施工の基礎知識を整理する|学科の過去問で頻出を押さえる|実技の作業課題を一つずつ練習する|本番と同じ時間配分で通し練習する|仕上がりの精度を確認して弱点を直す,,内装仕上げ施工の技能を客観的に裏づける国家資格として、現場での信頼や受注時のアピール、社内の技能評価に活用できます。
c-7116,内装仕上げ施工の実務に就いており、中級技能者としての裏づけが欲しい人。,,学科は内装仕上げ施工の専門知識や関係法規・安全衛生を問われるため過去問演習が中心になります。実技は出題される製作・作業課題を繰り返し練習し、精度と作業時間の両立をめざします。,出題基準で範囲を確認する|学科の知識を問題演習で固める|実技課題の標準的な手順を習得する|時間を計って課題を反復練習する|細部の仕上げと安全作業を点検する,,内装仕上げ施工の技能を客観的に裏づける国家資格として、現場での信頼や受注時のアピール、社内の技能評価に活用できます。
c-7117,内装仕上げ施工の基本を確認し、技能習得の第一歩を踏み出したい人。,,学科試験は内装仕上げ施工に関する出題範囲をテキストで押さえ、過去問を繰り返して知識を固めます。実技試験は作業課題を時間内に仕上げられるよう、手順を体に覚えさせるまで反復練習するのが基本です。,出題基準で範囲を確認する|学科の知識を問題演習で固める|実技課題の標準的な手順を習得する|時間を計って課題を反復練習する|細部の仕上げと安全作業を点検する,,国が定める検定に基づく内装仕上げ施工の技能の証明として、就職・転職や社内での評価・処遇に役立ちます。技能士の名称は本人の信頼にもつながります。
c-7118,熱絶縁施工の実務経験を重ね、上級技能者として評価されたい人。,,まず学科で熱絶縁施工の基礎理論と頻出論点を押さえ、過去問で出題傾向に慣れます。実技は課題の段取りと作業手順を固め、本番と同じ条件で繰り返し練習することが合格の近道です。,熱絶縁施工の基礎知識を整理する|学科の過去問で頻出を押さえる|実技の作業課題を一つずつ練習する|本番と同じ時間配分で通し練習する|仕上がりの精度を確認して弱点を直す,,熱絶縁施工分野で身につけた技能の公的な証明になり、就職活動や昇給・昇格、独立時の信用づくりに役立ちます。
c-7119,熱絶縁施工の実務に就いており、中級技能者としての裏づけが欲しい人。,,まず学科で熱絶縁施工の基礎理論と頻出論点を押さえ、過去問で出題傾向に慣れます。実技は課題の段取りと作業手順を固め、本番と同じ条件で繰り返し練習することが合格の近道です。,出題基準で範囲を確認する|学科の知識を問題演習で固める|実技課題の標準的な手順を習得する|時間を計って課題を反復練習する|細部の仕上げと安全作業を点検する,,熱絶縁施工分野で身につけた技能の公的な証明になり、就職活動や昇給・昇格、独立時の信用づくりに役立ちます。
c-7120,カーテンウォール施工の実務経験を重ね、上級技能者として評価されたい人。,,まず学科でカーテンウォール施工の基礎理論と頻出論点を押さえ、過去問で出題傾向に慣れます。実技は課題の段取りと作業手順を固め、本番と同じ条件で繰り返し練習することが合格の近道です。,カーテンウォール施工の基礎知識を整理する|学科の過去問で頻出を押さえる|実技の作業課題を一つずつ練習する|本番と同じ時間配分で通し練習する|仕上がりの精度を確認して弱点を直す,,カーテンウォール施工分野で身につけた技能の公的な証明になり、就職活動や昇給・昇格、独立時の信用づくりに役立ちます。
c-7121,カーテンウォール施工の基本作業を一通りこなせるようになり、技能を証明したい人。,,学科試験はカーテンウォール施工に関する出題範囲をテキストで押さえ、過去問を繰り返して知識を固めます。実技試験は作業課題を時間内に仕上げられるよう、手順を体に覚えさせるまで反復練習するのが基本です。,カーテンウォール施工の基礎知識を整理する|学科の過去問で頻出を押さえる|実技の作業課題を一つずつ練習する|本番と同じ時間配分で通し練習する|仕上がりの精度を確認して弱点を直す,,国が定める検定に基づくカーテンウォール施工の技能の証明として、就職・転職や社内での評価・処遇に役立ちます。技能士の名称は本人の信頼にもつながります。
c-7122,サッシ施工の高度な熟練技能を客観的に証明したい上級者。,,まず学科でサッシ施工の基礎理論と頻出論点を押さえ、過去問で出題傾向に慣れます。実技は課題の段取りと作業手順を固め、本番と同じ条件で繰り返し練習することが合格の近道です。,学科の出題範囲をテキストで一通り学ぶ|学科の過去問を繰り返し解く|実技課題の手順・段取りを覚える|時間内に課題を仕上げる練習を反復する|苦手な作業・論点を重点的に補強する,,サッシ施工分野で身につけた技能の公的な証明になり、就職活動や昇給・昇格、独立時の信用づくりに役立ちます。
c-7123,サッシ施工の基本作業を一通りこなせるようになり、技能を証明したい人。,,学科試験はサッシ施工に関する出題範囲をテキストで押さえ、過去問を繰り返して知識を固めます。実技試験は作業課題を時間内に仕上げられるよう、手順を体に覚えさせるまで反復練習するのが基本です。,サッシ施工の基礎知識を整理する|学科の過去問で頻出を押さえる|実技の作業課題を一つずつ練習する|本番と同じ時間配分で通し練習する|仕上がりの精度を確認して弱点を直す,,国が定める検定に基づくサッシ施工の技能の証明として、就職・転職や社内での評価・処遇に役立ちます。技能士の名称は本人の信頼にもつながります。
c-7124,自動ドア施工の高度な熟練技能を客観的に証明したい上級者。,,学科試験は自動ドア施工に関する出題範囲をテキストで押さえ、過去問を繰り返して知識を固めます。実技試験は作業課題を時間内に仕上げられるよう、手順を体に覚えさせるまで反復練習するのが基本です。,学科の出題範囲をテキストで一通り学ぶ|学科の過去問を繰り返し解く|実技課題の手順・段取りを覚える|時間内に課題を仕上げる練習を反復する|苦手な作業・論点を重点的に補強する,,国が定める検定に基づく自動ドア施工の技能の証明として、就職・転職や社内での評価・処遇に役立ちます。技能士の名称は本人の信頼にもつながります。
c-7125,自動ドア施工の実務に就いており、中級技能者としての裏づけが欲しい人。,,まず学科で自動ドア施工の基礎理論と頻出論点を押さえ、過去問で出題傾向に慣れます。実技は課題の段取りと作業手順を固め、本番と同じ条件で繰り返し練習することが合格の近道です。,出題基準で範囲を確認する|学科の知識を問題演習で固める|実技課題の標準的な手順を習得する|時間を計って課題を反復練習する|細部の仕上げと安全作業を点検する,,自動ドア施工分野で身につけた技能の公的な証明になり、就職活動や昇給・昇格、独立時の信用づくりに役立ちます。
c-7126,バルコニー施工の技能を身につけ、その実力を客観的に証明したい人。,,まず学科でバルコニー施工の基礎理論と頻出論点を押さえ、過去問で出題傾向に慣れます。実技は課題の段取りと作業手順を固め、本番と同じ条件で繰り返し練習することが合格の近道です。,学科の出題範囲をテキストで一通り学ぶ|学科の過去問を繰り返し解く|実技課題の手順・段取りを覚える|時間内に課題を仕上げる練習を反復する|苦手な作業・論点を重点的に補強する,,バルコニー施工分野で身につけた技能の公的な証明になり、就職活動や昇給・昇格、独立時の信用づくりに役立ちます。
c-7127,ガラス用フィルム施工の高度な熟練技能を客観的に証明したい上級者。,,学科はガラス用フィルム施工の専門知識や関係法規・安全衛生を問われるため過去問演習が中心になります。実技は出題される製作・作業課題を繰り返し練習し、精度と作業時間の両立をめざします。,学科の出題範囲をテキストで一通り学ぶ|学科の過去問を繰り返し解く|実技課題の手順・段取りを覚える|時間内に課題を仕上げる練習を反復する|苦手な作業・論点を重点的に補強する,,ガラス用フィルム施工の技能を客観的に裏づける国家資格として、現場での信頼や受注時のアピール、社内の技能評価に活用できます。
c-7128,ガラス用フィルム施工の実務に就いており、中級技能者としての裏づけが欲しい人。,,学科はガラス用フィルム施工の専門知識や関係法規・安全衛生を問われるため過去問演習が中心になります。実技は出題される製作・作業課題を繰り返し練習し、精度と作業時間の両立をめざします。,出題基準で範囲を確認する|学科の知識を問題演習で固める|実技課題の標準的な手順を習得する|時間を計って課題を反復練習する|細部の仕上げと安全作業を点検する,,ガラス用フィルム施工の技能を客観的に裏づける国家資格として、現場での信頼や受注時のアピール、社内の技能評価に活用できます。
c-7201,防水施工の高度な熟練技能を客観的に証明したい上級者。,,まず学科で防水施工の基礎理論と頻出論点を押さえ、過去問で出題傾向に慣れます。実技は課題の段取りと作業手順を固め、本番と同じ条件で繰り返し練習することが合格の近道です。,学科の出題範囲をテキストで一通り学ぶ|学科の過去問を繰り返し解く|実技課題の手順・段取りを覚える|時間内に課題を仕上げる練習を反復する|苦手な作業・論点を重点的に補強する,,防水施工分野で身につけた技能の公的な証明になり、就職活動や昇給・昇格、独立時の信用づくりに役立ちます。
c-7202,防水施工の基本作業を一通りこなせるようになり、技能を証明したい人。,,まず学科で防水施工の基礎理論と頻出論点を押さえ、過去問で出題傾向に慣れます。実技は課題の段取りと作業手順を固め、本番と同じ条件で繰り返し練習することが合格の近道です。,防水施工の基礎知識を整理する|学科の過去問で頻出を押さえる|実技の作業課題を一つずつ練習する|本番と同じ時間配分で通し練習する|仕上がりの精度を確認して弱点を直す,,防水施工分野で身につけた技能の公的な証明になり、就職活動や昇給・昇格、独立時の信用づくりに役立ちます。
c-7203,樹脂接着剤注入施行の仕事に就いており、技能を公的な資格で裏づけたい人。,,学科は樹脂接着剤注入施行の専門知識や関係法規・安全衛生を問われるため過去問演習が中心になります。実技は出題される製作・作業課題を繰り返し練習し、精度と作業時間の両立をめざします。,樹脂接着剤注入施行の基礎知識を整理する|学科の過去問で頻出を押さえる|実技の作業課題を一つずつ練習する|本番と同じ時間配分で通し練習する|仕上がりの精度を確認して弱点を直す,,樹脂接着剤注入施行の技能を客観的に裏づける国家資格として、現場での信頼や受注時のアピール、社内の技能評価に活用できます。
c-7302,コンクリート圧送施工で一人前の技能を身につけ、さらに上の段階をめざす人。,,学科はコンクリート圧送施工の専門知識や関係法規・安全衛生を問われるため過去問演習が中心になります。実技は出題される製作・作業課題を繰り返し練習し、精度と作業時間の両立をめざします。,出題基準で範囲を確認する|学科の知識を問題演習で固める|実技課題の標準的な手順を習得する|時間を計って課題を反復練習する|細部の仕上げと安全作業を点検する,,コンクリート圧送施工の技能を客観的に裏づける国家資格として、現場での信頼や受注時のアピール、社内の技能評価に活用できます。
c-7303,コンクリート圧送施工の中級レベルの技能を身につけ、仕事の幅を広げたい人。,,まず学科でコンクリート圧送施工の基礎理論と頻出論点を押さえ、過去問で出題傾向に慣れます。実技は課題の段取りと作業手順を固め、本番と同じ条件で繰り返し練習することが合格の近道です。,学科の出題範囲をテキストで一通り学ぶ|学科の過去問を繰り返し解く|実技課題の手順・段取りを覚える|時間内に課題を仕上げる練習を反復する|苦手な作業・論点を重点的に補強する,,コンクリート圧送施工分野で身につけた技能の公的な証明になり、就職活動や昇給・昇格、独立時の信用づくりに役立ちます。
c-7305,ウェルポイント施工の高度な熟練技能を客観的に証明したい上級者。,,学科はウェルポイント施工の専門知識や関係法規・安全衛生を問われるため過去問演習が中心になります。実技は出題される製作・作業課題を繰り返し練習し、精度と作業時間の両立をめざします。,学科の出題範囲をテキストで一通り学ぶ|学科の過去問を繰り返し解く|実技課題の手順・段取りを覚える|時間内に課題を仕上げる練習を反復する|苦手な作業・論点を重点的に補強する,,ウェルポイント施工の技能を客観的に裏づける国家資格として、現場での信頼や受注時のアピール、社内の技能評価に活用できます。
c-7306,ウェルポイント施工の実務に就いており、中級技能者としての裏づけが欲しい人。,,学科試験はウェルポイント施工に関する出題範囲をテキストで押さえ、過去問を繰り返して知識を固めます。実技試験は作業課題を時間内に仕上げられるよう、手順を体に覚えさせるまで反復練習するのが基本です。,出題基準で範囲を確認する|学科の知識を問題演習で固める|実技課題の標準的な手順を習得する|時間を計って課題を反復練習する|細部の仕上げと安全作業を点検する,,国が定める検定に基づくウェルポイント施工の技能の証明として、就職・転職や社内での評価・処遇に役立ちます。技能士の名称は本人の信頼にもつながります。
c-7307,路面標示施工の仕事に就いており、技能を公的な資格で裏づけたい人。,,学科は路面標示施工の専門知識や関係法規・安全衛生を問われるため過去問演習が中心になります。実技は出題される製作・作業課題を繰り返し練習し、精度と作業時間の両立をめざします。,路面標示施工の基礎知識を整理する|学科の過去問で頻出を押さえる|実技の作業課題を一つずつ練習する|本番と同じ時間配分で通し練習する|仕上がりの精度を確認して弱点を直す,,路面標示施工の技能を客観的に裏づける国家資格として、現場での信頼や受注時のアピール、社内の技能評価に活用できます。
c-7403,ビルクリーニング分野で専門技能を活かして働きたい人。,,学科試験はビルクリーニングに関する出題範囲をテキストで押さえ、過去問を繰り返して知識を固めます。実技試験は作業課題を時間内に仕上げられるよう、手順を体に覚えさせるまで反復練習するのが基本です。,出題基準で範囲を確認する|学科の知識を問題演習で固める|実技課題の標準的な手順を習得する|時間を計って課題を反復練習する|細部の仕上げと安全作業を点検する,,国が定める検定に基づくビルクリーニングの技能の証明として、就職・転職や社内での評価・処遇に役立ちます。技能士の名称は本人の信頼にもつながります。
c-7404,産業洗浄分野で専門技能を活かして働きたい人。,,まず学科で産業洗浄の基礎理論と頻出論点を押さえ、過去問で出題傾向に慣れます。実技は課題の段取りと作業手順を固め、本番と同じ条件で繰り返し練習することが合格の近道です。,出題基準で範囲を確認する|学科の知識を問題演習で固める|実技課題の標準的な手順を習得する|時間を計って課題を反復練習する|細部の仕上げと安全作業を点検する,,産業洗浄分野で身につけた技能の公的な証明になり、就職活動や昇給・昇格、独立時の信用づくりに役立ちます。
c-7408,ハウスクリーニング分野で専門技能を活かして働きたい人。,,まず学科でハウスクリーニングの基礎理論と頻出論点を押さえ、過去問で出題傾向に慣れます。実技は課題の段取りと作業手順を固め、本番と同じ条件で繰り返し練習することが合格の近道です。,出題基準で範囲を確認する|学科の知識を問題演習で固める|実技課題の標準的な手順を習得する|時間を計って課題を反復練習する|細部の仕上げと安全作業を点検する,,ハウスクリーニング分野で身につけた技能の公的な証明になり、就職活動や昇給・昇格、独立時の信用づくりに役立ちます。
c-2401,"弁護士・裁判官・検察官という法曹三者を目指す人のための、最難関の国家試験です。法律を職業の中核に据える強い意志と、長期の学習に耐える覚悟がある人に向いています。
受験資格を得るルートには法科大学院修了と予備試験合格の2つがあり、社会人や経済的事情から予備試験経由を選ぶ人もいます。論理的な文章を粘り強く書き続けられる人ほど適性があります。","日本の資格試験の最高峰の一つです。短答式（憲法・民法・刑法）で基礎を確認し、合否を実質的に左右するのは論文式（公法系・民事系・刑事系＋選択科目）です。
膨大な範囲を単に暗記するのではなく、具体的な事案に法を当てはめて筋道立てて論じる力が求められます。受験資格を得るまでの道のりも長く、総じて長期戦になります。","基本7法と選択科目の体系理解（インプット）と、論文答案の作成（アウトプット）を早期から並行させるのが王道です。判例の射程や論点の所在を押さえ、「問題提起→規範→当てはめ→結論」という答案の型を反復で体に入れます。
短答は過去問中心で基準を超えます。予備試験ルートなら短答・論文・口述の三段階を見据えた計画が必要で、独学は現実的でなく、法科大学院や予備校の答練・添削が前提になります。",受験資格ルート（法科大学院／予備試験）を決める|基本7法の体系を理解する|論点ごとに判例・規範を整理する|論文答案の型を答練・添削で固める|短答式を過去問反復で基準を超える|選択科目を仕上げ、本試験の長丁場に備える,"インプットに偏り、答案を書く練習を後回しにするのが典型的な失敗です。論点の暗記に走って、事案を分析して当てはめる力が育たないケースも少なくありません。
短答対策を軽視して足元をすくわれる、学習の長期化でモチベーション管理に失敗する、といった点にも注意が必要です。","合格後は司法修習を経て、弁護士・裁判官・検察官へと進みます。法律事務所のほか、企業内弁護士（インハウス）、官公庁、国際機関など活躍の場は広がっています。
扱える業務範囲と社会的信用は他の資格と一線を画し、法律分野でのキャリアの頂点に位置づけられます。"
c-3204,"農業農村整備、とりわけ土地改良事業における換地計画の専門家を目指す人に向いています。農地の集約や区画の整理を通じて、地域農業の基盤づくりに携わりたい人に適しています。
受験には土地改良事業に関する実務経験が必要で、土地改良区や関連コンサルタント、行政で働く実務者向けの資格です。","受験に実務経験が求められるため、受験者は実務に携わる人が中心です。学科と実技（実務）の両面で、土地改良法や換地計画に関する専門的な知識・技能が問われます。
難しさは、換地という制度の複雑さと、実際の計画づくりに即した実務的な処理を正確にこなせるかにあります。","土地改良法や換地計画の制度を条文・実務の両面から押さえ、民法など関連する法律も基礎を固めます。実技は、換地設計や清算などの手順を、実務の進め方に沿って理解することが重要です。
日々の土地改良事業の実務と結びつけて学ぶと、制度の理解が定着しやすくなります。",受験資格（実務経験）を確認する|土地改良法と換地計画の制度を理解する|民法など関連法令の基礎を固める|換地設計・清算の実技の手順を押さえる|実務事例に沿って計画づくりを練習する|学科・実技の形式に合わせて仕上げる,"制度の条文理解にとどまり、実技で問われる実際の計画づくりの手順に対応できないのが典型的な失敗です。換地という仕組みそのものの理解が浅いと、応用に対応できません。
情報が限られる資格のため、公式の案内と実務の裏付けを軸に対策の方向を定めることが大切です。","土地改良事業の換地計画の作成や、換地処分に関わる専門職として、土地改良区・行政・建設コンサルタントで活かせます。農地の大区画化やほ場整備など、地域農業を支える基盤整備に携わります。
農業土木や測量の知識と組み合わせると、事業計画から換地まで一貫して関われるようになります。"
c-3205,"市街地の土地区画整理事業に携わり、換地設計や清算の専門技術を担いたい人に向いています。まちづくりや都市基盤の整備に関心がある人に適しています。
受験には土地区画整理事業に関する実務経験が必要で、建設コンサルタントや自治体、施行者側で働く実務者向けの資格です。","学科試験と実地試験の両方で、一定の得点が求められます。学科は土地区画整理事業の総論・換地計画・土地評価・法規、実地は換地設計や事業計画などの実務的な内容を問います。
難しさは、市街地の権利関係が複雑ななかで、換地設計や補償の考え方を実務に即して正確に扱えるかにあります。","土地区画整理法を軸に、換地計画・土地評価・補償の考え方を体系的に押さえます。学科は総論から法規までバランスよく学び、実地は換地設計や事業計画の手順を実務に沿って理解します。
選択できる実地科目もあるため、自分の実務に近い分野を選んで得点源にするのが効率的です。",受験資格（実務経験）を確認する|土地区画整理法と事業の全体像を理解する|換地計画・土地評価・補償の考え方を押さえる|学科（総論・換地・評価・法規）を固める|実地の換地設計・事業計画の手順を練習する|選択できる実地科目を自分の実務に合わせて仕上げる,"学科の知識にとどまり、実地で問われる換地設計や事業計画の実務に対応できないのが典型的な失敗です。土地評価や補償の考え方が曖昧なまま進めると、応用問題で失点します。
実地の選択科目を自分の実務と噛み合わないものにしてしまう、といった点にも注意が必要です。","土地区画整理事業の換地設計や事業計画の専門職として、建設コンサルタント・自治体・施行者側で活かせます。駅前再開発や新市街地の整備など、まちづくりの根幹に携わります。
都市計画や測量、補償の知識と組み合わせると、事業の構想から換地処分まで幅広く関われるようになります。"
c-3206,"宅地建物取引士・不動産鑑定士・一級建築士のいずれかとして実務に携わり、売買仲介の先にある「不動産の有効活用・投資・相続対策」まで踏み込んだコンサルティングを行いたい人に向いています。
受験には上記いずれかの資格登録が必要で、不動産のプロがワンランク上の提案力を身につけるための上位資格です。","受験者が有資格の実務者に限られるため、一定の実力を前提とした試験です。午前の択一（事業・経済・金融・税制・建築・法律の6分野）と、午後の記述で、実務に即した総合的な判断力が問われます。
難しさは、単一分野の知識ではなく、税務・金融・建築・法律を横断して不動産の活用策を組み立てられるかにあります。合格後、所定の実務経験等を満たして登録します。","自分の保有資格の専門分野（宅建なら法律・実務、鑑定士なら経済・事業、建築士なら建築）を土台に、手薄な分野を補強するのが効率的です。6分野の全体像を押さえ、択一は過去問で頻出を固めます。
記述は、実務のコンサルティング事例を想定し、事業収支や税務・法律を絡めた提案を筋道立てて書く練習をします。",受験資格（宅建士・鑑定士・建築士の登録）を確認する|6分野（事業・経済・金融・税制・建築・法律）の全体像を把握する|自分の専門を土台に手薄な分野を補強する|択一の過去問で頻出を固める|記述はコンサル事例で提案を書く練習をする|合格後の登録要件（実務経験等）を確認する,"自分の得意分野に偏り、税制・金融・建築など横断的な分野が手薄になるのが典型的な失敗です。記述で、知識はあっても実務の提案として筋道立てて書けないケースもあります。
合格後の登録要件を把握せず、資格の活用が遅れる点にも注意が必要です。","不動産の売買仲介にとどまらず、有効活用・投資・相続・事業用不動産などの総合的なコンサルティングに活かせます。保有資格の業務に付加価値を与え、提案の幅を広げます。
宅地建物取引士やファイナンシャル・プランナーの知識と組み合わせると、資産全体を見渡した提案が可能になります。"
c-9019,"賃貸住宅の管理、とりわけ入居者対応・建物の維持保全・家賃や敷金の管理などを担う専門家を目指す人に向いています。賃貸管理会社や不動産会社で働きたい人に適しています。
受験資格がなく誰でも挑戦でき、宅地建物取引士とあわせて不動産の「取引」と「管理」の両輪を押さえたい人にも向いた国家資格です。","四肢択一50問で、比較的新しく国家資格化された試験です。賃貸住宅管理業法の制定により、業界での位置づけが高まりました。
難しさの中心は、賃貸住宅管理業法や借地借家法などの法令と、管理受託・維持保全・金銭管理といった実務知識を正確に押さえられるかにあります。所定の講習を修了すると一部の問題が免除されます。","賃貸住宅管理業法を軸に、管理受託契約・維持保全・家賃等の金銭管理・借地借家法などの実務知識を過去問中心に固めます。法改正で内容が更新されるため、最新の教材で学ぶことが重要です。
5問免除の対象となる講習を活用すると、本試験で有利になります。宅地建物取引士の学習と重なる部分もあり、あわせて学ぶと効率的です。",賃貸住宅管理業法の全体像を押さえる|管理受託契約と維持保全の知識を固める|家賃・敷金など金銭管理の実務を理解する|借地借家法など関連法令を押さえる|5問免除講習の活用を検討する|最新教材と過去問で本試験形式に慣れる,"法改正で内容が更新されるため、古い教材のまま学習して失点するのが典型的な失敗です。法令の暗記にとどまり、管理の実務的な処理に対応できないケースもあります。
5問免除講習の活用を検討しないまま受験する点にも注意が必要です。","賃貸住宅管理業法のもとで、賃貸管理会社での業務や、管理受託・入居者対応・原状回復などの実務に活かせます。賃貸経営のオーナーを支える役割も担います。
宅地建物取引士と組み合わせると、不動産の取引から管理までを一貫して扱え、賃貸分野でのキャリアが広がります。"
c-2504,"証券投資の分析や企業価値の評価、資産運用の専門家を目指す人に向いています。金融機関の運用・調査・投資銀行部門や、事業会社の財務・IRで専門性を高めたい人に適しています。
財務諸表を読み解き、経済やマーケットを数量的に捉えることに関心がある人向けの資格です。","協会の通信講座の受講を前提に、第1次・第2次の2段階で構成されます。第1次は証券分析・財務分析・経済の3科目、第2次はこれに職業倫理が加わり、より実践的な内容になります。
難しさは、証券分析のポートフォリオ理論や、財務分析・経済を数量的に扱う力にあります。働きながら計画的に受講・受験する人が多い資格です。","講座テキストを軸に、証券分析（ポートフォリオ理論・デリバティブなど）を計算とともに理解し、財務分析・経済で土台を固めます。過去問で出題の傾向と計算パターンに慣れることが重要です。
第2次では、3科目を統合的に扱う応用力と、職業倫理・行為基準の理解が求められます。数式に苦手意識を持たず、手を動かして計算に習熟するのが近道です。",第1次レベル講座を受講し全体像を把握する|証券分析のポートフォリオ理論を計算とともに理解する|財務分析・経済の土台を固める|第1次を科目ごとに仕上げる|第2次で3科目の統合的な応用力を養う|職業倫理・行為基準を押さえる,"証券分析の数式・計算を敬遠して暗記に逃げ、応用問題で失点するのが典型的な失敗です。財務分析や経済を軽視して、総合力が不足するケースもあります。
第2次で問われる職業倫理の対策を後回しにする点にも注意が必要です。","運用会社のファンドマネージャーやアナリスト、証券会社の調査・投資銀行部門、金融機関の審査などで専門性が活きます。事業会社の財務・IRでも評価されます。
国際的な資格であるCFAと学習内容が重なる部分もあり、グローバルな金融キャリアの土台にもなります。"
c-2512,"保険や年金のリスクを数理的に評価する、数学のプロフェッショナルを目指す人に向いています。確率・統計を駆使して将来の不確実性を扱うことに強い関心がある人に適しています。
生命保険・損害保険・信託・コンサルティングなどで、数理の専門職として活躍したい人向けの資格です。","第1次（基礎科目）と第2次（専門科目）からなり、合格までに長い年数を要することで知られる難関です。第1次は数学・生保数理・損保数理・年金数理・会計/経済/投資理論の5科目です。
難しさは、確率・統計を土台とした高度な数理の理解と、それを保険・年金の実務に当てはめる力にあります。科目ごとに合格を積み上げる長期戦です。","第1次はまず数学（確率・統計）を固め、それを土台に生保数理・損保数理・年金数理へ広げます。会計・経済・投資理論は、数理と実務をつなぐ知識として押さえます。
過去問を繰り返し、出題される数理モデルの扱いに習熟することが重要です。第2次は、生保・損保・年金のいずれかのコースを選び、実務に即した専門知識を深めます。",第1次の数学（確率・統計）を固める|生保数理・損保数理・年金数理へ広げる|会計・経済・投資理論を押さえる|第1次5科目を計画的に合格していく|第2次の専門コース（生保・損保・年金）を選ぶ|実務に即した専門科目を深める,"数学（確率・統計）の土台が不十分なまま各数理科目へ進み、伸び悩むのが典型的な失敗です。過去問演習が不足し、数理モデルの扱いに習熟しないケースもあります。
合格まで年数がかかるため、長期のモチベーション管理に失敗する点にも注意が必要です。","生命保険・損害保険会社の商品開発や責任準備金の評価、信託銀行の年金数理、コンサルティング会社などで数理の専門職として活躍します。
リスクを数量的に扱える希少な専門性は需要が高く、正会員になると保険・年金分野で中核的な役割を担えます。"
c-2505,"ファイナンシャル・プランニングを、資格認定と継続教育に裏づけられた形で本格的に扱いたい人に向いています。AFPは実務の入口、CFPはその上位に位置づけられます。
金融・保険・不動産などで相談業務に携わる人や、独立系FPとして顧客の信頼を得たい人に適しています。","AFPは、2級FP技能検定の合格と認定研修の修了を経て認定されます。CFPは、6課目からなる資格審査試験に合格する必要があり、国際的にも認知された上級資格です。
CFPの難しさは、6課目（金融・不動産・ライフ/リタイアメント・リスクと保険・タックス・相続/事業承継）を実務水準で問われる点にあります。認定後も継続教育が求められます。","AFPは認定研修の課題（提案書の作成）を通じて、FPの提案プロセスを体系的に身につけます。CFPは6課目を一つずつ、または複数同時に受験でき、課目ごとに過去問で計算・事例に習熟します。
税制や社会保障の改正が反映されるため、最新の知識に更新しながら学ぶことが重要です。実務の相談事例と結びつけると理解が深まります。",2級FP技能検定に合格し、AFP認定研修を修了する|AFPとして提案プロセスを身につける|CFPの6課目を計画的に受験する|課目ごとに過去問で計算・事例に習熟する|税制・社会保障の改正を最新化する|認定後の継続教育で知識を更新し続ける,"AFP認定研修の提案書作成を形だけで済ませ、提案プロセスが身につかないのが典型的な失敗です。CFPで特定の課目に偏り、6課目全体の仕上がりが遅れるケースもあります。
継続教育を軽視して知識が古くなる点にも注意が必要です。","金融機関・保険・不動産の相談業務で、体系的なFPの知識と倫理観の証明になります。とくにCFPは国際的に認知され、富裕層向けの資産設計などで信頼を得やすい資格です。
独立系FPとして活動する道もあり、宅地建物取引士や証券外務員などと組み合わせると提案の幅が広がります。"
c-9025,"簿記が「財務諸表を作る」力なら、財務諸表を「読んで分析する」力を身につけたい人に向いています。営業・企画・管理職など、経理担当でなくても数字で経営を捉えたいビジネスパーソンに適しています。
投資や取引先の評価に会計の視点を活かしたい人にも役立つ検定です。","合格基準の決まった絶対評価で、3級は財務諸表の基本構造と用語、上位級では経営分析指標や連結財務諸表などへと難度が上がります。
簿記のように仕訳を作るのではなく、貸借対照表・損益計算書・キャッシュフロー計算書を読み解き、指標を使って企業の状態を分析できるかが問われます。","まず財務三表の構造と用語を押さえ、各項目が何を表すのかを理解します。次に、収益性・安全性・効率性などの経営分析指標の計算と意味をセットで覚えます。
公式テキスト・問題集で計算に慣れ、実際の企業の決算書を眺めると理解が立体的になります。簿記の知識があると土台になりますが、なくても学び始められます。",財務三表（貸借対照表・損益計算書・CF計算書）の構造を理解する|主要な用語と各項目の意味を押さえる|収益性・安全性・効率性などの分析指標を覚える|指標の計算に問題演習で慣れる|実際の企業の決算書で読み方を試す|上位級では連結・応用分析へ広げる,"指標の計算式を丸暗記して、その指標が何を意味するのかを理解しないのが典型的な失敗です。財務三表のつながり（利益と資産・資金の関係）が曖昧なまま進むケースもあります。
簿記の勉強と混同し、仕訳の学習に時間を使いすぎる点にも注意が必要です。","決算書を読める力は、営業の与信判断、企画の投資評価、管理職の業績管理など幅広い場面で役立ちます。経理以外の職種が会計リテラシーを示す手段になります。
簿記と組み合わせると「作る力」と「読む力」の両方が身につき、財務・経営分析への理解が深まります。"
c-9030,"マーケティングの知識を体系的に整理し、仕事で使える形で身につけたい人に向いています。商品企画・販売促進・広報・営業など、顧客と市場に関わるビジネスパーソンに適しています。
実務の経験則を、理論と用語で裏づけて説明できるようにしたい人にも役立つ検定です。","CBT方式の選択式で、合格基準の決まった試験です。3級はマーケティングの基本概念から、市場環境・戦略・リサーチ・消費者行動・4Pなどの体系を幅広く問います。
難しさよりも、マーケティングの用語とフレームワークを正しく理解し、場面に当てはめて選べるかがポイントになります。上位級ほど戦略的・応用的な理解が求められます。","公式テキストでマーケティングの全体像（市場分析・STP・4Pなど）を押さえ、用語とフレームワークを意味とセットで理解します。過去問やサンプル問題で出題形式に慣れます。
身近な商品やサービスを題材に、なぜその戦略が採られているのかを考えると、知識が実務の感覚と結びつきます。",マーケティングの全体像（市場分析・STP・4P）を把握する|主要な用語とフレームワークを意味とともに理解する|消費者行動・リサーチの基礎を押さえる|サンプル問題で出題形式に慣れる|身近な事例に理論を当てはめて考える|上位級では戦略的・応用的理解へ広げる,"用語を丸暗記して、フレームワークを実際の場面に当てはめられないのが典型的な失敗です。個々の知識が断片的で、マーケティングの流れとして結びつかないケースもあります。
実務の感覚だけで解こうとして、体系的な定義とずれる点にも注意が必要です。","商品企画・販促・広報・営業など、市場と顧客に関わる職種で、共通言語としてのマーケティング知識が役立ちます。施策を理論で裏づけて提案できるようになります。
データ分析やITの知識と組み合わせると、デジタルマーケティングなどでの実践力が高まります。"
c-9020,"人事労務スタッフや経営幹部として、組織全体のメンタルヘルス対策を計画・推進する立場の人に向いています。社内の体制づくりや方針の立案に関わる人に適しています。
3つのコースの最上位にあたり、部下個人のケアを超えて、組織のしくみを設計する視点を身につけたい人向けです。","3コースのうち最も難度が高く、選択問題に加えて論述問題が課されるのが特徴です。合計得点で合否が判定されます。
難しさは、法令や制度の知識に加え、組織の状況を踏まえてメンタルヘルスケアの計画を立て、自分の言葉で論述できるかにあります。","公式テキストで、事業者としての方針・体制づくり、職場環境の改善、産業保健スタッフとの連携、法令・制度を体系的に押さえます。選択問題は過去問で固めます。
論述対策として、社内の対策を立案する視点で、施策の目的と手順を筋道立てて書く練習が欠かせません。II種で学ぶラインケアの知識も土台になります。",事業者としての方針・体制づくりを理解する|職場環境の改善と産業保健の連携を押さえる|関連する法令・制度を体系的に学ぶ|選択問題を過去問で固める|論述問題で施策を筋道立てて書く練習をする|組織全体の計画立案の視点で総復習する,"選択問題の対策に偏り、配点の大きい論述の練習が不足するのが典型的な失敗です。知識はあっても、組織の計画立案という視点でまとめられないケースもあります。
個人のケア（セルフ・ライン）の発想のまま、組織全体の施策として論じられない点にも注意が必要です。","人事・労務や経営企画の立場で、社内のメンタルヘルス対策の企画・推進に活かせます。健康経営や働き方改革の取り組みを主導する役割にもつながります。
社会保険労務士や産業カウンセラーの知識と組み合わせると、制度面と支援面の双方から組織を支えられます。"
c-9021,"部下を持つ管理監督者として、職場のメンタルヘルスに適切に対応したい人に向いています。部下の不調に気づき、相談に乗り、働きやすい職場をつくる立場の人に適しています。
3コースの中間にあたり、現場のマネジメントに直結する実践的な知識を身につけたい人向けです。","選択問題のみで、合格基準の決まった試験です。管理職として行う「ラインによるケア」の知識が中心で、III種より実務的な対応まで踏み込みます。
難しさは、部下の変化への気づき、相談対応、職場環境の改善、専門家への橋渡しなど、管理職の役割を体系的に押さえられるかにあります。","公式テキストで、ストレスやメンタル不調の基礎に加え、部下への接し方・相談対応・職場環境の改善・復職支援・関係法令を押さえます。過去問で出題形式に慣れます。
自分の職場のマネジメント場面を思い浮かべながら学ぶと、知識が実務と結びつき、定着しやすくなります。",ストレスとメンタル不調の基礎を理解する|部下の変化への気づきと相談対応を学ぶ|職場環境の改善の進め方を押さえる|復職支援と産業保健スタッフとの連携を理解する|関連する法令を押さえる|過去問で出題形式に慣れる,"知識を覚えるだけで、実際の相談対応の場面を想定できないのが典型的な失敗です。管理職としての役割と、専門家に委ねるべき範囲の線引きが曖昧なまま進むケースもあります。
セルフケア（III種）の内容と混同し、ラインケアの視点が定まらない点にも注意が必要です。","管理職として、部下の不調の早期発見や相談対応、働きやすい職場づくりに直接活かせます。チームの生産性と定着率の向上にもつながります。
上位のI種へ進むと、組織全体の対策を担う視点が加わり、人事・労務のキャリアにも広がります。"
c-9022,"働く一人ひとりが、自分自身のストレスに気づき、適切に対処する力を身につけたい人に向いています。役職を問わず、すべての社員に役立つ入門コースです。
メンタルヘルスをはじめて学ぶ人や、自分の心の健康をセルフマネジメントしたい人に適しています。","選択問題のみで合格率も高めの、3コースの入口にあたる試験です。自分自身のケア（セルフケア）がテーマで、内容も身近で取り組みやすいのが特徴です。
難しさよりも、ストレスの仕組みや、自分の不調への気づき方、対処法、相談先の知識を正しく理解できるかがポイントになります。","公式テキストで、ストレスやメンタルヘルスの基礎、自分のストレスへの気づき方、休養・睡眠・リラクセーションなどの対処法、社内外の相談先を押さえます。
過去問で出題形式に慣れれば、短期間・独学でも十分に狙えます。日常のストレス場面に当てはめて考えると、知識が自分ごととして定着します。",ストレスとメンタルヘルスの基礎を理解する|自分のストレスへの気づき方を学ぶ|休養・睡眠・リラクセーションなどの対処法を押さえる|社内外の相談先を知る|過去問で出題形式に慣れる|日常の場面に当てはめて理解を深める,"用語を暗記するだけで、自分の生活のストレス対処に結びつけられないのが典型的なつまずきです。入門コースゆえに軽視して、基礎の理解が浅いまま受験するケースもあります。
ラインケア（II種）の内容と取り違え、セルフケアの視点からずれる点にも注意しましょう。","自分自身のストレス対処の力は、職種を問わずあらゆる働く人に役立ちます。心身の健康を保ちながら働き続けるための土台になります。
II種・I種へ進むと、部下や組織のケアへと視点が広がり、管理職や人事のキャリアにもつながります。"
c-9049,"建設業に特有の会計を扱う経理担当者や、建設会社での経理キャリアを目指す人に向いています。工事ごとの原価管理や、建設業ならではの勘定科目を学びたい人に適しています。
受験制限がなく、簿記の知識を建設業の実務に発展させたい人にも向いた資格です。","1級は財務諸表・財務分析・原価計算の3科目からなる科目合格制で、所定期間内に3科目そろえて認定されます。2級は建設業簿記・原価計算・会計が中心です。
難しさは、未成工事支出金や完成工事高など建設業固有の会計処理と、工事原価計算の理解にあります。日商簿記の知識があると土台になりますが、建設業独自のルールを押さえる必要があります。","まず建設業特有の勘定科目（未成工事支出金・完成工事未収入金など）と、工事の進行に応じた収益・原価の扱いを理解します。2級で建設業簿記・原価計算の型を固めます。
1級は財務諸表・財務分析・原価計算を科目ごとに、計算と記述の両面で仕上げます。過去問の反復で出題パターンに慣れることが重要です。",建設業特有の勘定科目と会計処理を理解する|工事原価計算の仕組みを押さえる|2級で建設業簿記・原価計算の型を固める|1級の財務諸表・財務分析・原価計算を科目ごとに学ぶ|過去問で計算・記述の出題に慣れる|1級は所定期間内に3科目そろえる計画を立てる,"日商簿記の感覚のまま学び、未成工事支出金など建設業固有の処理でつまずくのが典型的な失敗です。1級は科目合格制のため、期間内に3科目そろえる計画が甘くなるケースもあります。
財務分析の指標の意味を理解せず、計算だけで済ませる点にも注意が必要です。","建設会社の経理・財務で、工事原価管理や決算業務に直結します。とくに1級は、公共工事の入札に関わる経営事項審査で企業の評価に影響するため、建設業界で重宝されます。
日商簿記と組み合わせると、一般会計と建設業会計の両方に対応でき、経理キャリアの幅が広がります。"
c-9047,"確定拠出年金（企業型DC・iDeCo）を中心に、老後の資産形成や企業年金の制度に詳しくなりたい人に向いています。金融機関・保険会社の担当者や、企業の人事・福利厚生の担当者に適しています。
顧客や従業員に年金・資産形成のアドバイスをする立場の人に役立つ資格です。","ネット試験（CBT）で受けやすく、年金・退職給付制度、確定拠出年金制度、老後の資産形成マネジメントの3分野から出題されます。2級は総合的に、1級は分野別に問われます。
難しさは、公的年金から企業年金・確定拠出年金までの制度を横断的に理解し、資産運用の知識と結びつけて押さえられるかにあります。","公的年金・退職給付制度の全体像を押さえたうえで、確定拠出年金の仕組み（掛金・運用・給付・税制）を重点的に学びます。老後資産形成では、運用商品やライフプランの考え方を理解します。
制度改正が反映されるため、最新のテキストで学ぶことが重要です。FPの学習と重なる部分もあり、あわせて学ぶと効率的です。",公的年金・退職給付制度の全体像を押さえる|確定拠出年金の掛金・運用・給付・税制を理解する|老後資産形成のマネジメントを学ぶ|分野別に過去問・問題演習で固める|制度改正を最新化する|2級は総合問題、1級は分野別の形式に合わせて仕上げる,"確定拠出年金の制度だけを覚え、公的年金や退職給付制度とのつながりを理解しないのが典型的な失敗です。制度改正を追えず、古い知識のまま受験するケースもあります。
資産運用の分野を軽視し、制度知識に偏る点にも注意が必要です。","金融機関・保険会社での年金・資産形成の相談業務や、企業の人事・福利厚生での確定拠出年金の導入・運営に活かせます。従業員向けの投資教育を担う場面もあります。
ファイナンシャル・プランナーの知識と組み合わせると、老後設計を含めた総合的な資産形成の提案ができるようになります。"
